代码,简称,日期,开盘价(元),最高价(元),最低价(元),收盘价(元),成交量(股),换手率(%),A股流通市值(元),总市值(元),市盈率,
000869.SZ,张裕A,2000-10-26,5.381,6.4551,5.1873,6.0547,17034900,53.2341,900160000,7313800000,71.419,
000869.SZ,张裕A,2000-10-27,5.9084,5.9622,5.6996,5.7297,5453700,17.0428,851840000,6921200000,67.5853,
000869.SZ,张裕A,2000-10-30,5.7254,5.7878,5.5984,5.6587,2557500,7.9922,841280000,6835400000,66.7474,
000869.SZ,张裕A,2000-10-31,5.6608,5.8093,5.5317,5.6135,1763100,5.5097,834560000,6780800000,66.2143,
000869.SZ,张裕A,2000-11-01,5.5963,5.6716,5.5532,5.6587,876000,2.7375,841280000,6835400000,66.7474,
000869.SZ,张裕A,2000-11-02,5.706,5.7232,5.5855,5.6113,1669200,5.2163,834240000,6778200000,66.1889,
000869.SZ,张裕A,2000-11-03,5.6608,5.6608,5.5489,5.5554,973800,3.0431,825920000,6710600000,65.5288,
000869.SZ,张裕A,2000-11-06,5.5532,5.6242,5.48,5.5963,805600,2.5175,832000000,6760000000,66.0112,
000869.SZ,张裕A,2000-11-07,5.5963,5.6135,5.5317,5.5704,436100,1.3628,828160000,6728800000,65.7065,
000869.SZ,张裕A,2000-11-08,5.592,5.7017,5.5532,5.6673,777700,2.4303,842560000,6845800000,66.849,
000869.SZ,张裕A,2000-11-09,5.6737,5.6824,5.5963,5.6264,771000,2.4094,836480000,6796400000,66.3666,
000869.SZ,张裕A,2000-11-10,5.6694,5.6694,5.564,5.5769,1021900,3.1934,829120000,6736600000,65.7827,
000869.SZ,张裕A,2000-11-13,5.5704,5.7684,5.5424,5.6716,1173400,3.6669,843200000,6851000000,66.8998,
000869.SZ,张裕A,2000-11-14,5.6716,5.7189,5.6049,5.6608,589300,1.8416,841600000,6838000000,66.7728,
000869.SZ,张裕A,2000-11-15,5.6415,5.6931,5.6393,5.6458,783900,2.4497,839360000,6819800000,66.5951,
000869.SZ,张裕A,2000-11-16,5.6393,5.79,5.6285,5.7663,1372300,4.2884,857280000,6965400000,68.0169,
000869.SZ,张裕A,2000-11-17,5.7039,5.805,5.7039,5.7168,858800,2.6837,849920000,6905600000,67.4329,
000869.SZ,张裕A,2000-11-20,5.7146,5.7943,5.6006,5.7512,888140,2.7754,855040000,6947200000,67.8392,
000869.SZ,张裕A,2000-11-21,5.7512,5.7512,5.6824,5.6931,563129,1.7598,846400000,6877000000,67.1537,
000869.SZ,张裕A,2000-11-22,5.6393,5.7706,5.5963,5.7146,737426,2.3045,849600000,6903000000,67.4076,
000869.SZ,张裕A,2000-11-23,5.6824,5.7469,5.635,5.6436,726997,2.2719,839040000,6817200000,66.5697,
000869.SZ,张裕A,2000-11-24,5.7469,5.7469,5.5424,5.5554,992593,3.1019,825920000,6710600000,65.5288,
000869.SZ,张裕A,2000-11-27,5.5188,5.5532,5.4047,5.437,1208642,3.777,808320000,6567600000,64.1324,
000869.SZ,张裕A,2000-11-28,5.4348,5.5059,5.4348,5.4886,359528,1.1235,816000000,6630000000,64.7417,
000869.SZ,张裕A,2000-11-29,5.5016,5.5274,5.3918,5.3961,926883,2.8965,802240000,6518200000,63.65,
000869.SZ,张裕A,2000-11-30,5.3961,5.4176,5.3294,5.353,754487,2.3578,795840000,6466200000,63.1422,
000869.SZ,张裕A,2000-12-01,5.3487,5.3703,5.338,5.3703,726530,2.2704,798400000,6487000000,63.3453,
000869.SZ,张裕A,2000-12-04,5.3724,5.4068,5.3014,5.3078,980100,3.0628,789120000,6411600000,62.6091,
000869.SZ,张裕A,2000-12-05,5.3078,5.4456,5.3078,5.3767,677727,2.1179,799360000,6494800000,63.4215,
000869.SZ,张裕A,2000-12-06,5.3746,5.3746,5.2906,5.2971,586500,1.8328,787520000,6398600000,62.4821,
000869.SZ,张裕A,2000-12-07,5.2949,5.3207,5.2196,5.2303,625000,1.9531,777600000,6318000000,61.695,
000869.SZ,张裕A,2000-12-08,5.2303,5.3251,5.2196,5.3057,339907,1.0622,788800000,6409000000,62.5837,
000869.SZ,张裕A,2000-12-11,5.3229,5.4219,5.2842,5.338,337095,1.0534,793600000,6448000000,62.9645,
000869.SZ,张裕A,2000-12-12,5.338,5.3746,5.2949,5.3724,166547,0.5205,798720000,6489600000,63.3707,
000869.SZ,张裕A,2000-12-13,5.3746,5.3746,5.3164,5.3251,184233,0.5757,791680000,6432400000,62.8122,
000869.SZ,张裕A,2000-12-14,5.3229,5.3552,5.2519,5.2583,174180,0.5443,781760000,6351800000,62.0251,
000869.SZ,张裕A,2000-12-15,5.2562,5.31,5.2217,5.2669,241297,0.7541,783040000,6362200000,62.1267,
000869.SZ,张裕A,2000-12-18,5.2734,5.3573,5.2691,5.3337,215080,0.6721,792960000,6442800000,62.9137,
000869.SZ,张裕A,2000-12-19,5.3337,5.381,5.3078,5.3121,207150,0.6473,789760000,6416800000,62.6598,
000869.SZ,张裕A,2000-12-20,5.2949,5.3552,5.2712,5.3337,204050,0.6377,792960000,6442800000,62.9137,
000869.SZ,张裕A,2000-12-21,5.338,5.3918,5.3337,5.3595,365215,1.1413,796800000,6474000000,63.2184,
000869.SZ,张裕A,2000-12-22,5.3616,5.381,5.2949,5.3014,216900,0.6778,788160000,6403800000,62.5329,
000869.SZ,张裕A,2000-12-25,5.282,5.338,5.226,5.2411,338338,1.0573,779200000,6331000000,61.822,
000869.SZ,张裕A,2000-12-26,5.239,5.2734,5.2217,5.2476,334126,1.0441,780160000,6338800000,61.8982,
000869.SZ,张裕A,2000-12-27,5.2734,5.2842,5.2303,5.2712,298479,0.9327,783680000,6367400000,62.1774,
000869.SZ,张裕A,2000-12-28,5.2411,5.3057,5.226,5.2562,221690,0.6928,781440000,6349200000,61.9997,
000869.SZ,张裕A,2000-12-29,5.2734,5.3272,5.2519,5.3251,198715,0.621,791680000,6432400000,62.8122,
000869.SZ,张裕A,2001-01-02,5.3487,5.3487,5.2734,5.2992,511959,1.5999,787840000,6401200000,62.5075,
000869.SZ,张裕A,2001-01-03,5.3057,5.4628,5.3057,5.4499,861320,2.6916,810240000,6583200000,64.2847,
000869.SZ,张裕A,2001-01-04,5.4671,5.4843,5.3939,5.4176,332115,1.0379,805440000,6544200000,63.9039,
000869.SZ,张裕A,2001-01-05,5.4176,5.4865,5.4176,5.4413,248733,0.7773,808960000,6572800000,64.1832,
000869.SZ,张裕A,2001-01-08,5.4477,5.4736,5.3423,5.3573,328584,1.0268,796480000,6471400000,63.193,
000869.SZ,张裕A,2001-01-09,5.338,5.4155,5.338,5.3832,236839,0.7401,800320000,6502600000,63.4977,
000869.SZ,张裕A,2001-01-10,5.3918,5.4241,5.3724,5.381,280800,0.8775,800000000,6500000000,63.4723,
000869.SZ,张裕A,2001-01-11,5.3832,5.3918,5.3423,5.3552,443128,1.3848,796160000,6468800000,63.1676,
000869.SZ,张裕A,2001-01-12,5.3487,5.4563,5.3487,5.4176,330620,1.0332,805440000,6544200000,63.9039,
000869.SZ,张裕A,2001-01-15,5.4133,5.4133,5.2088,5.2153,315930,0.9873,775360000,6299800000,61.5173,
000869.SZ,张裕A,2001-01-16,5.1981,5.3121,5.1981,5.254,220594,0.6894,781120000,6346600000,61.9743,
000869.SZ,张裕A,2001-01-17,5.2562,5.2885,5.2217,5.2217,164870,0.5152,776320000,6307600000,61.5935,
000869.SZ,张裕A,2001-01-18,5.2303,5.2842,5.2303,5.2583,120280,0.3759,781760000,6351800000,62.0251,
000869.SZ,张裕A,2001-01-19,5.2626,5.3337,5.2626,5.2949,138221,0.4319,787200000,6396000000,62.4567,
000869.SZ,张裕A,2001-02-05,5.2842,5.3164,5.0582,5.1034,260400,0.8138,758720000,6164600000,60.1971,
000869.SZ,张裕A,2001-02-06,5.0668,5.0668,4.8429,4.9441,309193,0.9662,735040000,5972200000,58.3183,
000869.SZ,张裕A,2001-02-07,4.9505,4.9613,4.8752,4.8881,161100,0.5034,726720000,5904600000,57.6582,
000869.SZ,张裕A,2001-02-08,4.8881,4.9484,4.6707,4.7138,218900,0.6841,700800000,5694000000,55.6017,
000869.SZ,张裕A,2001-02-09,4.6944,4.8386,4.6944,4.7568,207827,0.6495,707200000,5746000000,56.1095,
000869.SZ,张裕A,2001-02-12,4.7547,4.8429,4.7138,4.8365,181189,0.5662,719040000,5842200000,57.0489,
000869.SZ,张裕A,2001-02-13,4.8429,4.8644,4.7999,4.8537,123910,0.3872,721600000,5863000000,57.252,
000869.SZ,张裕A,2001-02-14,4.8322,4.8386,4.7783,4.7913,82042,0.2564,712320000,5787600000,56.5157,
000869.SZ,张裕A,2001-02-15,4.7913,4.7913,4.7095,4.7159,172151,0.538,701120000,5696600000,55.6271,
000869.SZ,张裕A,2001-02-16,4.7116,4.7138,4.5394,4.6449,180560,0.5643,690560000,5610800000,54.7893,
000869.SZ,张裕A,2001-02-19,4.6449,4.8106,4.6449,4.7999,122127,0.3816,713600000,5798000000,56.6173,
000869.SZ,张裕A,2001-02-20,4.8171,4.9398,4.7353,4.7654,459680,1.4365,708480000,5756400000,56.211,
000869.SZ,张裕A,2001-02-21,4.6277,4.6384,4.2897,4.2962,1364666,4.2646,638720000,5189600000,50.6763,
000869.SZ,张裕A,2001-02-22,4.0917,4.2941,4.0874,4.2618,615988,1.925,633600000,5148000000,50.27,
000869.SZ,张裕A,2001-02-23,4.251,4.3694,4.251,4.3672,388575,1.2143,649280000,5275400000,51.5141,
000869.SZ,张裕A,2001-02-26,4.4124,4.4124,4.3048,4.3801,322444,1.0076,651200000,5291000000,51.6664,
000869.SZ,张裕A,2001-02-27,4.3909,4.6277,4.3694,4.6277,580794,1.815,688000000,5590000000,54.5862,
000869.SZ,张裕A,2001-02-28,4.675,4.7138,4.4985,4.5287,488000,1.525,673280000,5470400000,53.4183,
000869.SZ,张裕A,2001-03-01,4.5201,4.6018,4.5007,4.576,222304,0.6947,680320000,5527600000,53.9768,
000869.SZ,张裕A,2001-03-02,4.6148,4.6148,4.5631,4.5696,150134,0.4692,679360000,5519800000,53.9007,
000869.SZ,张裕A,2001-03-05,4.5868,4.5954,4.434,4.4684,235628,0.7363,664320000,5397600000,52.7074,
000869.SZ,张裕A,2001-03-06,4.4662,4.4662,4.3651,4.3801,253385,0.7918,651200000,5291000000,51.6664,
000869.SZ,张裕A,2001-03-07,4.3801,4.4662,4.3801,4.4038,158386,0.495,654720000,5319600000,51.9457,
000869.SZ,张裕A,2001-03-08,4.4167,4.4899,4.4167,4.4878,149150,0.4661,667200000,5421000000,52.9359,
000869.SZ,张裕A,2001-03-09,4.4813,4.5416,4.4361,4.4878,215340,0.6729,667200000,5421000000,52.9359,
000869.SZ,张裕A,2001-03-12,4.4878,4.5179,4.4576,4.4684,119300,0.3728,664320000,5397600000,52.7074,
000869.SZ,张裕A,2001-03-13,4.4705,4.4985,4.4232,4.4469,130035,0.4064,661120000,5371600000,52.4535,
000869.SZ,张裕A,2001-03-14,4.4469,4.4749,4.4146,4.4662,82000,0.2563,664000000,5395000000,52.682,
000869.SZ,张裕A,2001-03-15,4.4985,4.5631,4.4792,4.548,213396,0.6669,676160000,5493800000,53.6468,
000869.SZ,张裕A,2001-03-16,4.5459,4.5523,4.4985,4.5394,151360,0.473,674880000,5483400000,53.5452,
000869.SZ,张裕A,2001-03-19,4.5394,4.5631,4.477,4.5459,172650,0.5395,675840000,5491200000,53.6214,
000869.SZ,张裕A,2001-03-20,4.5631,4.647,4.5459,4.6427,313370,0.9793,690240000,5608200000,54.7639,
000869.SZ,张裕A,2001-03-21,4.6427,4.6858,4.6298,4.6815,250590,0.7831,696000000,5655000000,55.2209,
000869.SZ,张裕A,2001-03-22,4.6707,4.7547,4.6707,4.7202,368884,1.1528,701760000,5701800000,55.6779,
000869.SZ,张裕A,2001-03-23,4.7353,4.8106,4.703,4.7073,625742,1.9554,699840000,5686200000,55.5255,
000869.SZ,张裕A,2001-03-26,4.6922,4.7999,4.6513,4.7611,262118,0.8191,707840000,5751200000,56.1603,
000869.SZ,张裕A,2001-03-27,4.7547,4.7999,4.7245,4.7848,303775,0.9493,711360000,5779800000,56.4395,
000869.SZ,张裕A,2001-03-28,4.7891,4.7999,4.7331,4.7633,265485,0.8296,708160000,5753800000,56.1857,
000869.SZ,张裕A,2001-03-29,4.7633,4.7633,4.6922,4.703,292770,0.9149,699200000,5681000000,55.4748,
000869.SZ,张裕A,2001-03-30,4.7353,4.8171,4.7353,4.759,275323,0.8604,707520000,5748600000,45.094,
000869.SZ,张裕A,2001-04-02,4.7676,4.9721,4.7568,4.9398,675678,2.1115,734400000,5967000000,46.8072,
000869.SZ,张裕A,2001-04-03,5.0086,5.0151,4.9312,4.9764,561000,1.7531,739840000,6011200000,47.154,
000869.SZ,张裕A,2001-04-04,4.9721,5.0151,4.8106,4.83,328380,1.0262,718080000,5834400000,45.7671,
000869.SZ,张裕A,2001-04-05,4.7848,4.886,4.774,4.8774,202878,0.634,725120000,5891600000,46.2158,
000869.SZ,张裕A,2001-04-06,4.886,4.9247,4.8429,4.8472,150300,0.4697,720640000,5855200000,45.9302,
000869.SZ,张裕A,2001-04-09,4.8408,4.8408,4.7353,4.8106,133071,0.4158,715200000,5811000000,45.5835,
000869.SZ,张裕A,2001-04-10,4.8106,4.8429,4.8106,4.8128,86750,0.2711,715520000,5813600000,45.6039,
000869.SZ,张裕A,2001-04-11,4.8171,4.8171,4.7374,4.7719,213412,0.6669,709440000,5764200000,45.2164,
000869.SZ,张裕A,2001-04-12,4.7676,4.8106,4.7611,4.7805,177440,0.5545,710720000,5774600000,45.298,
000869.SZ,张裕A,2001-04-13,4.7826,4.8149,4.7654,4.8042,130694,0.4084,714240000,5803200000,45.5223,
000869.SZ,张裕A,2001-04-16,4.8214,4.9312,4.8085,4.8903,341320,1.0666,727040000,5907200000,46.3382,
000869.SZ,张裕A,2001-04-17,4.9118,4.9118,4.8472,4.8817,240601,0.7519,725760000,5896800000,46.2566,
000869.SZ,张裕A,2001-04-18,4.8967,4.8967,4.8214,4.8235,213780,0.6681,717120000,5826600000,45.7059,
000869.SZ,张裕A,2001-04-19,4.8214,4.8214,4.7568,4.7783,247120,0.7722,710400000,5772000000,45.2776,
000869.SZ,张裕A,2001-04-20,4.774,4.9247,4.7611,4.8687,370539,1.1579,723840000,5881200000,46.1342,
000869.SZ,张裕A,2001-04-23,4.8752,4.9742,4.8752,4.9721,433915,1.356,739200000,6006000000,47.1132,
000869.SZ,张裕A,2001-04-24,4.9764,5.0108,4.886,4.9247,324000,1.0125,732160000,5948800000,46.6645,
000869.SZ,张裕A,2001-04-25,4.929,4.9505,4.8537,4.8644,255520,0.7985,723200000,5876000000,46.0934,
000869.SZ,张裕A,2001-04-26,4.8214,4.8817,4.8214,4.8322,220255,0.6883,718400000,5837000000,45.7875,
000869.SZ,张裕A,2001-04-27,4.8322,4.8537,4.8214,4.8451,138505,0.4328,720320000,5852600000,45.9099,
000869.SZ,张裕A,2001-04-30,4.8429,4.8752,4.8343,4.8601,133300,0.4166,722560000,5870800000,46.0526,
000869.SZ,张裕A,2001-05-08,4.8644,4.9721,4.8644,4.9462,234833,0.7339,735360000,5974800000,46.8684,
000869.SZ,张裕A,2001-05-09,4.9527,4.9527,4.8989,4.9075,164110,0.5128,729600000,5928000000,46.5013,
000869.SZ,张裕A,2001-05-10,4.8752,4.929,4.8537,4.9182,97100,0.3034,731200000,5941000000,46.6033,
000869.SZ,张裕A,2001-05-11,4.9204,4.929,4.901,4.9118,148400,0.4637,730240000,5933200000,46.5421,
000869.SZ,张裕A,2001-05-14,4.9182,5.0043,4.9139,4.9914,495278,1.5477,742080000,6029400000,47.2967,
000869.SZ,张裕A,2001-05-15,4.9957,5.0043,4.9398,4.9505,282045,0.8814,736000000,5980000000,46.9092,
000869.SZ,张裕A,2001-05-16,4.9505,5.0668,4.9505,5.0173,434104,1.3566,745920000,6060600000,47.5415,
000869.SZ,张裕A,2001-05-17,5.0194,5.0366,4.9505,4.9721,243250,0.7602,739200000,6006000000,47.1132,
000869.SZ,张裕A,2001-05-18,4.9527,5.0409,4.9527,5.0345,324480,1.014,748480000,6081400000,47.7046,
000869.SZ,张裕A,2001-05-21,5.056,5.1399,5.056,5.1227,447985,1.4,761600000,6188000000,48.5408,
000869.SZ,张裕A,2001-05-22,5.2088,5.2088,5.0582,5.1443,365168,1.1411,764800000,6214000000,48.7448,
000869.SZ,张裕A,2001-05-23,5.1658,5.1658,4.9678,5.0086,287800,0.8994,744640000,6050200000,47.4599,
000869.SZ,张裕A,2001-05-24,5.0086,5.0086,5.0086,5.0086,--,--,744640000,6050200000,47.4599,
000869.SZ,张裕A,2001-05-25,4.9721,5.0517,4.9204,5.0259,114835,0.3589,747200000,6071000000,47.6231,
000869.SZ,张裕A,2001-05-28,5.0259,5.0366,4.9462,4.9591,201480,0.6296,737280000,5990400000,46.9908,
000869.SZ,张裕A,2001-05-29,4.9505,4.9721,4.886,4.8881,245230,0.7663,726720000,5904600000,46.3178,
000869.SZ,张裕A,2001-05-30,4.8881,4.9613,4.8881,4.9505,142827,0.4463,736000000,5980000000,46.9092,
000869.SZ,张裕A,2001-05-31,4.9721,4.9936,4.9182,4.9226,184900,0.5778,731840000,5946200000,46.6441,
000869.SZ,张裕A,2001-06-01,4.9226,4.9721,4.886,4.9376,130100,0.4066,734080000,5964400000,46.7869,
000869.SZ,张裕A,2001-06-04,4.9505,5.1443,4.9182,5.0603,603604,1.8863,752320000,6112600000,47.9494,
000869.SZ,张裕A,2001-06-05,5.0904,5.1378,5.0366,5.112,356682,1.1146,760000000,6175000000,48.4389,
000869.SZ,张裕A,2001-06-06,5.112,5.1443,5.0603,5.0797,226730,0.7085,755200000,6136000000,48.1329,
000869.SZ,张裕A,2001-06-07,5.0582,5.155,4.9182,5.0797,413171,1.2912,755200000,6136000000,48.1329,
000869.SZ,张裕A,2001-06-08,5.0151,5.0818,5.0151,5.0732,182294,0.5697,754240000,6128200000,48.0718,
000869.SZ,张裕A,2001-06-11,5.0732,5.0754,5.013,5.0538,178001,0.5563,751360000,6104800000,47.8882,
000869.SZ,张裕A,2001-06-12,5.0474,5.1679,5.0474,5.1378,819082,2.5596,763840000,6206200000,48.6836,
000869.SZ,张裕A,2001-06-13,5.1593,5.2734,5.1421,5.2691,1039032,3.247,783360000,6364800000,49.9277,
000869.SZ,张裕A,2001-06-14,5.2734,5.282,5.1399,5.1443,580332,1.8135,764800000,6214000000,48.7448,
000869.SZ,张裕A,2001-06-15,5.1313,5.1873,5.0797,5.183,332857,1.0402,770560000,6260800000,49.1119,
000869.SZ,张裕A,2001-06-18,5.183,5.2433,5.0366,5.0668,493700,1.5428,753280000,6120400000,48.0106,
000869.SZ,张裕A,2001-06-19,5.0538,5.0969,5.0452,5.0818,190450,0.5952,755520000,6138600000,48.1533,
000869.SZ,张裕A,2001-06-20,5.0861,5.0861,5.0366,5.0474,120729,0.3773,750400000,6097000000,47.827,
000869.SZ,张裕A,2001-06-21,5.0538,5.0689,5.0366,5.0646,195383,0.6106,752960000,6117800000,47.9902,
000869.SZ,张裕A,2001-06-22,5.0797,5.155,5.0754,5.1184,151750,0.4742,760960000,6182800000,48.5001,
000869.SZ,张裕A,2001-06-25,5.177,5.2595,5.1423,5.2422,327793,1.0244,772800000,6279000000,49.2547,
000869.SZ,张裕A,2001-06-26,5.253,5.3073,5.1987,5.2465,486105,1.5191,773440000,6284200000,49.2955,
000869.SZ,张裕A,2001-06-27,5.2465,5.253,5.1749,5.1966,231774,0.7243,766080000,6224400000,48.8264,
000869.SZ,张裕A,2001-06-28,5.1987,5.2031,5.1879,5.1922,166177,0.5193,765440000,6219200000,48.7856,
000869.SZ,张裕A,2001-06-29,5.2096,5.2204,5.1532,5.1618,156519,0.4891,760960000,6182800000,48.5001,
000869.SZ,张裕A,2001-07-02,5.1662,5.177,5.1336,5.1445,112750,0.3523,758400000,6162000000,48.3369,
000869.SZ,张裕A,2001-07-03,5.1466,5.1662,5.1228,5.1445,118149,0.3692,758400000,6162000000,48.3369,
000869.SZ,张裕A,2001-07-04,5.1445,5.2096,5.1011,5.1249,95000,0.2969,755520000,6138600000,48.1533,
000869.SZ,张裕A,2001-07-05,5.1119,5.1119,4.9925,5.0164,267302,0.8353,739520000,6008600000,47.1336,
000869.SZ,张裕A,2001-07-06,4.9925,5.0121,4.9383,4.9817,171350,0.5355,734400000,5967000000,46.8072,
000869.SZ,张裕A,2001-07-09,4.9686,5.2096,4.9339,5.0511,67167,0.2099,744640000,6050200000,47.4599,
000869.SZ,张裕A,2001-07-10,5.0794,5.0902,4.9969,5.0316,68000,0.2125,741760000,6026800000,47.2763,
000869.SZ,张裕A,2001-07-11,5.0967,5.1423,5.0142,5.0186,72650,0.227,739840000,6011200000,47.154,
000869.SZ,张裕A,2001-07-12,4.9947,4.9969,4.9383,4.973,98885,0.309,733120000,5956600000,46.7257,
000869.SZ,张裕A,2001-07-13,4.973,5.0142,4.9448,4.9491,105250,0.3289,729600000,5928000000,46.5013,
000869.SZ,张裕A,2001-07-16,4.9491,5.0338,4.8623,4.8623,148678,0.4646,716800000,5824000000,45.6855,
000869.SZ,张裕A,2001-07-17,4.8124,4.8623,4.782,4.8145,164100,0.5128,709760000,5766800000,45.2368,
000869.SZ,张裕A,2001-07-18,4.8167,4.8818,4.8167,4.8514,70351,0.2198,715200000,5811000000,45.5835,
000869.SZ,张裕A,2001-07-19,4.9187,4.9187,4.8536,4.8905,34400,0.1075,720960000,5857800000,45.9506,
000869.SZ,张裕A,2001-07-20,5.3246,5.3246,4.8753,5.0837,837089,2.6159,749440000,6089200000,47.7658,
000869.SZ,张裕A,2001-07-23,5.075,5.1011,4.9925,5.0533,124800,0.39,744960000,6052800000,47.4803,
000869.SZ,张裕A,2001-07-24,5.0142,5.0685,4.9838,5.0207,91951,0.2873,740160000,6013800000,47.1744,
000869.SZ,张裕A,2001-07-25,5.0077,5.0576,4.9708,4.9817,90400,0.2825,734400000,5967000000,46.8072,
000869.SZ,张裕A,2001-07-26,4.9817,4.9817,4.4846,4.8254,255550,0.7986,711360000,5779800000,45.3388,
000869.SZ,张裕A,2001-07-27,4.808,4.9621,4.808,4.8297,159650,0.4989,712000000,5785000000,45.3796,
000869.SZ,张裕A,2001-07-30,4.8189,4.8189,4.5323,4.5345,249500,0.7797,668480000,5431400000,42.6058,
000869.SZ,张裕A,2001-07-31,4.5302,4.6018,4.3413,4.4151,630210,1.9694,650880000,5288400000,41.4841,
000869.SZ,张裕A,2001-08-01,4.4499,4.6127,4.4499,4.5866,324282,1.0134,676160000,5493800000,43.0953,
000869.SZ,张裕A,2001-08-02,4.591,4.6018,4.4173,4.5345,130600,0.4081,668480000,5431400000,42.6058,
000869.SZ,张裕A,2001-08-03,4.5345,4.5367,4.4716,4.5041,81500,0.2547,664000000,5395000000,42.3203,
000869.SZ,张裕A,2001-08-06,4.4933,4.4933,4.363,4.3717,197543,0.6173,644480000,5236400000,41.0762,
000869.SZ,张裕A,2001-08-07,4.3674,4.4412,4.3413,4.3826,211256,0.6602,646080000,5249400000,41.1781,
000869.SZ,张裕A,2001-08-08,4.4716,4.4889,4.3891,4.439,83900,0.2622,654400000,5317000000,41.7084,
000869.SZ,张裕A,2001-08-09,4.4889,4.6669,4.4889,4.6127,201013,0.6282,680000000,5525000000,43.34,
000869.SZ,张裕A,2001-08-10,4.6279,4.6669,4.591,4.6409,140442,0.4389,684160000,5558800000,43.6052,
000869.SZ,张裕A,2001-08-13,4.7755,4.8189,4.706,4.7125,205300,0.6416,694720000,5644600000,37.0267,
000869.SZ,张裕A,2001-08-14,4.7277,4.7277,4.5996,4.6148,170300,0.5322,680320000,5527600000,36.2592,
000869.SZ,张裕A,2001-08-15,4.6235,4.6799,4.5584,4.6799,127083,0.3971,689920000,5605600000,36.7709,
000869.SZ,张裕A,2001-08-16,4.6843,4.6843,4.6061,4.6235,59200,0.185,681600000,5538000000,36.3274,
000869.SZ,张裕A,2001-08-17,4.5584,4.6452,4.5345,4.6148,60799,0.19,680320000,5527600000,36.2592,
000869.SZ,张裕A,2001-08-20,4.6669,4.6669,4.6148,4.6452,43089,0.1347,684800000,5564000000,36.498,
000869.SZ,张裕A,2001-08-21,4.6626,4.7103,4.6626,4.6778,61756,0.193,689600000,5603000000,36.7538,
000869.SZ,张裕A,2001-08-22,4.693,4.693,4.5692,4.5888,114600,0.3581,676480000,5496400000,36.0546,
000869.SZ,张裕A,2001-08-23,4.5584,4.6018,4.5258,4.5931,88400,0.2762,677120000,5501600000,36.0887,
000869.SZ,张裕A,2001-08-24,4.5953,4.6886,4.5627,4.5801,60450,0.1889,675200000,5486000000,35.9863,
000869.SZ,张裕A,2001-08-27,4.5692,4.5692,4.4173,4.4282,158706,0.496,652800000,5304000000,34.7925,
000869.SZ,张裕A,2001-08-28,4.4282,4.4716,4.3717,4.4716,121130,0.3785,659200000,5356000000,35.1336,
000869.SZ,张裕A,2001-08-29,4.4933,4.515,4.4282,4.4694,105000,0.3281,658880000,5353400000,35.1165,
000869.SZ,张裕A,2001-08-30,4.4542,4.4672,4.4173,4.439,45478,0.1421,654400000,5317000000,34.8778,
000869.SZ,张裕A,2001-08-31,4.439,4.4802,4.439,4.4737,25698,0.0803,659520000,5358600000,35.1506,
000869.SZ,张裕A,2001-09-03,4.4499,4.515,4.439,4.4477,42520,0.1329,655680000,5327400000,34.946,
000869.SZ,张裕A,2001-09-04,4.5128,4.5541,4.4499,4.5454,50730,0.1585,670080000,5444400000,35.7135,
000869.SZ,张裕A,2001-09-05,4.5584,4.6452,4.5584,4.5627,104150,0.3255,672640000,5465200000,35.8499,
000869.SZ,张裕A,2001-09-06,4.5692,4.5931,4.5237,4.5323,34500,0.1078,668160000,5428800000,35.6111,
000869.SZ,张裕A,2001-09-07,4.5758,4.5758,4.4325,4.439,63171,0.1974,654400000,5317000000,34.8778,
000869.SZ,张裕A,2001-09-10,4.3609,4.5758,4.3609,4.5606,170959,0.5342,672320000,5462600000,35.8328,
000869.SZ,张裕A,2001-09-11,4.5627,4.6235,4.5367,4.5779,264950,0.828,674880000,5483400000,35.9693,
000869.SZ,张裕A,2001-09-12,4.4499,4.5584,4.1742,4.4889,182073,0.569,661760000,5376800000,35.27,
000869.SZ,张裕A,2001-09-13,4.4954,4.5106,4.4499,4.4694,86720,0.271,658880000,5353400000,35.1165,
000869.SZ,张裕A,2001-09-14,4.4716,4.4824,4.3782,4.3956,173600,0.5425,648000000,5265000000,34.5367,
000869.SZ,张裕A,2001-09-17,4.4064,4.4064,4.363,4.3761,122280,0.3821,645120000,5241600000,34.3832,
000869.SZ,张裕A,2001-09-18,4.4282,4.4499,4.3847,4.4064,39320,0.1229,649600000,5278000000,34.6219,
000869.SZ,张裕A,2001-09-19,4.4064,4.4455,4.4064,4.4433,41110,0.1285,655040000,5322200000,34.9119,
000869.SZ,张裕A,2001-09-20,4.4455,4.4694,4.3847,4.3934,69500,0.2172,647680000,5262400000,34.5196,
000869.SZ,张裕A,2001-09-21,4.4064,4.4064,4.3565,4.3717,133540,0.4173,644480000,5236400000,34.349,
000869.SZ,张裕A,2001-09-24,4.3435,4.3717,4.3435,4.363,47070,0.1471,643200000,5226000000,34.2808,
000869.SZ,张裕A,2001-09-25,4.363,4.4043,4.363,4.3674,26150,0.0817,643840000,5231200000,34.3149,
000869.SZ,张裕A,2001-09-26,4.3956,4.4477,4.3522,4.3891,79391,0.2481,647040000,5257200000,34.4855,
000869.SZ,张裕A,2001-09-27,4.363,4.4108,4.3565,4.3739,48339,0.1511,644800000,5239000000,34.3661,
000869.SZ,张裕A,2001-09-28,4.3761,4.3999,4.3457,4.3587,59950,0.1873,642560000,5220800000,34.2467,
000869.SZ,张裕A,2001-10-08,4.363,4.363,4.1894,4.2328,75100,0.2347,624000000,5070000000,33.2575,
000869.SZ,张裕A,2001-10-09,4.2219,4.2871,4.1894,4.2436,52300,0.1634,625600000,5083000000,33.3428,
000869.SZ,张裕A,2001-10-10,4.2849,4.2849,3.9506,3.9767,153600,0.48,586240000,4763200000,31.245,
000869.SZ,张裕A,2001-10-11,3.994,4.0374,3.7987,3.8638,184450,0.5764,569600000,4628000000,30.3581,
000869.SZ,张裕A,2001-10-12,3.8356,4.0331,3.6489,3.9636,300070,0.9377,584320000,4747600000,31.1427,
000869.SZ,张裕A,2001-10-15,3.9506,3.9506,3.8204,3.866,64390,0.2012,569920000,4630600000,30.3752,
000869.SZ,张裕A,2001-10-16,3.9072,3.9441,3.8204,3.8312,48300,0.1509,564800000,4589000000,30.1023,
000869.SZ,张裕A,2001-10-17,3.7357,3.7987,3.6901,3.7075,81900,0.2559,546560000,4440800000,29.1302,
000869.SZ,张裕A,2001-10-18,3.6858,3.727,3.6684,3.6814,83400,0.2606,542720000,4409600000,28.9255,
000869.SZ,张裕A,2001-10-19,3.6662,3.6814,3.4861,3.5121,196500,0.6141,517760000,4206800000,27.5952,
000869.SZ,张裕A,2001-10-22,3.5121,3.5121,3.5121,3.5121,--,--,517760000,4206800000,27.5952,
000869.SZ,张裕A,2001-10-23,3.8594,3.8638,3.6641,3.8638,488053,1.5252,569600000,4628000000,30.3581,
000869.SZ,张裕A,2001-10-24,4.0808,4.1785,3.9289,4.0787,637195,1.9912,601280000,4885400000,32.0466,
000869.SZ,张裕A,2001-10-25,4.0591,4.0591,3.9072,3.9159,227500,0.7109,577280000,4690400000,30.7675,
000869.SZ,张裕A,2001-10-26,3.8833,4.0461,3.8833,4.0179,210826,0.6588,592320000,4812600000,31.5691,
000869.SZ,张裕A,2001-10-29,4.0266,4.0483,3.994,4.0288,38518,0.1204,593920000,4825600000,31.6543,
000869.SZ,张裕A,2001-10-30,4.0288,4.1026,3.994,3.9984,26770,0.0837,589440000,4789200000,31.4156,
000869.SZ,张裕A,2001-10-31,3.8898,3.994,3.8833,3.9398,76050,0.2377,580800000,4719000000,30.9551,
000869.SZ,张裕A,2001-11-01,3.994,4.0157,3.9398,3.9723,46640,0.1457,585600000,4758000000,31.2109,
000869.SZ,张裕A,2001-11-02,3.9745,3.9745,3.9159,3.9289,39600,0.1238,579200000,4706000000,30.8698,
000869.SZ,张裕A,2001-11-05,3.9593,3.9593,3.8681,3.8811,44445,0.1389,572160000,4648800000,30.4946,
000869.SZ,张裕A,2001-11-06,3.8638,3.9072,3.8464,3.8638,30250,0.0945,569600000,4628000000,30.3581,
000869.SZ,张裕A,2001-11-07,3.8638,3.8638,3.6467,3.6554,107620,0.3363,538880000,4378400000,28.7208,
000869.SZ,张裕A,2001-11-08,3.5186,3.6684,3.5056,3.6576,94100,0.2941,539200000,4381000000,28.7379,
000869.SZ,张裕A,2001-11-09,3.6511,3.7552,3.6467,3.7162,69908,0.2185,547840000,4451200000,29.1984,
000869.SZ,张裕A,2001-11-12,3.7552,3.7878,3.6858,3.6858,29400,0.0919,543360000,4414800000,28.9596,
000869.SZ,张裕A,2001-11-13,3.6467,3.6858,3.6207,3.625,47100,0.1472,534400000,4342000000,28.4821,
000869.SZ,张裕A,2001-11-14,3.625,3.6467,3.5816,3.625,55200,0.1725,534400000,4342000000,28.4821,
000869.SZ,张裕A,2001-11-15,3.625,3.6532,3.5751,3.599,70950,0.2217,530560000,4310800000,28.2774,
000869.SZ,张裕A,2001-11-16,3.918,3.9571,3.7118,3.7292,428222,1.3382,549760000,4466800000,29.3007,
000869.SZ,张裕A,2001-11-19,3.7335,3.7748,3.7118,3.7748,107329,0.3354,556480000,4521400000,29.6589,
000869.SZ,张裕A,2001-11-20,3.8095,3.9072,3.7813,3.8855,223902,0.6997,572800000,4654000000,30.5287,
000869.SZ,张裕A,2001-11-21,3.8855,3.9115,3.8421,3.8963,164309,0.5135,574400000,4667000000,30.614,
000869.SZ,张裕A,2001-11-22,3.8529,3.9549,3.8529,3.9549,255049,0.797,583040000,4737200000,31.0745,
000869.SZ,张裕A,2001-11-23,3.9072,3.9832,3.8681,3.9723,184410,0.5763,585600000,4758000000,31.2109,
000869.SZ,张裕A,2001-11-26,3.9723,3.994,3.9137,3.918,45539,0.1423,577600000,4693000000,30.7845,
000869.SZ,张裕A,2001-11-27,3.9398,3.9506,3.9072,3.9289,46392,0.145,579200000,4706000000,30.8698,
000869.SZ,张裕A,2001-11-28,3.9723,3.9832,3.9484,3.9636,104600,0.3269,584320000,4747600000,31.1427,
000869.SZ,张裕A,2001-11-29,3.9723,3.9723,3.9463,3.9571,84216,0.2632,583360000,4739800000,31.0915,
000869.SZ,张裕A,2001-11-30,3.9723,3.9897,3.9376,3.9897,121400,0.3794,588160000,4778800000,31.3473,
000869.SZ,张裕A,2001-12-03,4.0114,4.0613,3.9853,4.0114,145340,0.4542,591360000,4804800000,31.5179,
000869.SZ,张裕A,2001-12-04,4.0483,4.0483,4.0114,4.0309,55950,0.1748,594240000,4828200000,31.6714,
000869.SZ,张裕A,2001-12-05,4.0331,4.1568,4.0157,4.07,244416,0.7638,600000000,4875000000,31.9784,
000869.SZ,张裕A,2001-12-06,4.0418,4.1026,4.0396,4.0939,97656,0.3052,603520000,4903600000,32.166,
000869.SZ,张裕A,2001-12-07,3.9962,4.1091,3.9962,4.0548,60400,0.1888,597760000,4856800000,31.859,
000869.SZ,张裕A,2001-12-10,4.0548,4.1243,4.0461,4.0939,55851,0.1745,603520000,4903600000,32.166,
000869.SZ,张裕A,2001-12-11,4.0808,4.096,4.0483,4.0505,66900,0.2091,597120000,4851600000,31.8249,
000869.SZ,张裕A,2001-12-12,4.0201,4.0331,3.9788,3.9832,58519,0.1829,587200000,4771000000,31.2962,
000869.SZ,张裕A,2001-12-13,3.9723,3.9723,3.8877,3.8877,106100,0.3316,573120000,4656600000,30.5457,
000869.SZ,张裕A,2001-12-14,3.8508,3.8746,3.8204,3.8421,77050,0.2408,566400000,4602000000,30.1876,
000869.SZ,张裕A,2001-12-17,3.8204,3.8377,3.7335,3.7748,65840,0.2057,556480000,4521400000,29.6589,
000869.SZ,张裕A,2001-12-18,3.7552,3.8703,3.7552,3.866,42869,0.134,569920000,4630600000,30.3752,
000869.SZ,张裕A,2001-12-19,3.8638,3.9115,3.8486,3.8508,59000,0.1844,567680000,4612400000,30.2558,
000869.SZ,张裕A,2001-12-20,3.8442,3.994,3.7943,3.9007,597012,1.8657,575040000,4672200000,30.6481,
000869.SZ,张裕A,2001-12-21,3.8768,3.9593,3.8746,3.9484,205702,0.6428,582080000,4729400000,31.0233,
000869.SZ,张裕A,2001-12-24,3.9506,3.9723,3.8225,3.8616,288836,0.9026,569280000,4625400000,30.3411,
000869.SZ,张裕A,2001-12-25,3.8833,3.9463,3.8225,3.9354,138328,0.4323,580160000,4713800000,30.921,
000869.SZ,张裕A,2001-12-26,3.9072,4.0092,3.9072,4.007,112627,0.352,590720000,4799600000,31.4838,
000869.SZ,张裕A,2001-12-27,4.0157,4.0483,3.9593,4.0374,190619,0.5957,595200000,4836000000,31.7226,
000869.SZ,张裕A,2001-12-28,4.0331,4.0635,3.9506,4.0157,153624,0.4801,592000000,4810000000,31.552,
000869.SZ,张裕A,2001-12-31,4.0331,4.0483,3.9853,4.0049,189896,0.5934,590400000,4797000000,31.4667,
000869.SZ,张裕A,2002-01-04,4.0049,4.0374,3.9484,3.994,166029,0.5188,588800000,4784000000,31.3815,
000869.SZ,张裕A,2002-01-07,3.9137,3.9723,3.892,3.8942,113625,0.3551,574080000,4664400000,30.5969,
000869.SZ,张裕A,2002-01-08,3.892,3.9506,3.8616,3.8616,57500,0.1797,569280000,4625400000,30.3411,
000869.SZ,张裕A,2002-01-09,3.8529,3.8877,3.8139,3.8377,70000,0.2188,565760000,4596800000,30.1535,
000869.SZ,张裕A,2002-01-10,3.8356,3.9029,3.7726,3.8833,95913,0.2997,572480000,4651400000,30.5116,
000869.SZ,张裕A,2002-01-11,3.9072,3.9072,3.7574,3.7943,167803,0.5244,559360000,4544800000,29.8124,
000869.SZ,张裕A,2002-01-14,3.5924,3.7466,3.5924,3.6901,313600,0.98,544000000,4420000000,28.9937,
000869.SZ,张裕A,2002-01-15,3.6901,3.7227,3.6359,3.6576,102540,0.3204,539200000,4381000000,28.7379,
000869.SZ,张裕A,2002-01-16,3.6576,3.701,3.5946,3.6597,105478,0.3296,539520000,4383600000,28.755,
000869.SZ,张裕A,2002-01-17,3.6467,3.6489,3.5165,3.5208,96200,0.3006,519040000,4217200000,27.6634,
000869.SZ,张裕A,2002-01-18,3.5056,3.5208,3.2994,3.4427,179386,0.5606,507520000,4123600000,27.0494,
000869.SZ,张裕A,2002-01-21,3.4427,3.4796,3.3472,3.3754,164450,0.5139,497600000,4043000000,26.5207,
000869.SZ,张裕A,2002-01-22,3.3862,3.4752,3.3428,3.4296,195883,0.6121,505600000,4108000000,26.9471,
000869.SZ,张裕A,2002-01-23,3.4079,3.6858,3.3971,3.6662,147947,0.4623,540480000,4391400000,28.8061,
000869.SZ,张裕A,2002-01-24,3.6445,3.7987,3.4774,3.6858,510267,1.5946,543360000,4414800000,28.9596,
000869.SZ,张裕A,2002-01-25,3.625,3.6901,3.6055,3.6467,126197,0.3944,537600000,4368000000,28.6526,
000869.SZ,张裕A,2002-01-28,3.6163,3.638,3.4036,3.4275,183990,0.575,505280000,4105400000,26.9301,
000869.SZ,张裕A,2002-01-29,3.4275,3.5946,3.4275,3.5186,66599,0.2081,518720000,4214600000,27.6464,
000869.SZ,张裕A,2002-01-30,3.5707,3.5816,3.5143,3.5186,67400,0.2106,518720000,4214600000,27.6464,
000869.SZ,张裕A,2002-01-31,3.5773,3.7921,3.5773,3.7335,351828,1.0995,550400000,4472000000,29.3348,
000869.SZ,张裕A,2002-02-01,3.7335,3.7748,3.6901,3.7032,156918,0.4904,545920000,4435600000,29.0961,
000869.SZ,张裕A,2002-02-04,3.6901,3.8464,3.6684,3.803,277873,0.8684,560640000,4555200000,29.8806,
000869.SZ,张裕A,2002-02-05,3.7813,3.8855,3.7726,3.8095,180010,0.5625,561600000,4563000000,29.9318,
000869.SZ,张裕A,2002-02-06,3.8008,3.8529,3.7205,3.7249,103133,0.3223,549120000,4461600000,29.2666,
000869.SZ,张裕A,2002-02-07,3.6966,3.8746,3.6966,3.7987,143631,0.4488,560000000,4550000000,29.8465,
000869.SZ,张裕A,2002-02-08,3.7987,3.9072,3.7987,3.8616,195200,0.61,569280000,4625400000,30.3411,
000869.SZ,张裕A,2002-02-25,3.9072,4.0157,3.8963,3.918,123640,0.3864,577600000,4693000000,30.7845,
000869.SZ,张裕A,2002-02-26,3.7987,3.994,3.7987,3.9788,106370,0.3324,586560000,4765800000,31.2621,
000869.SZ,张裕A,2002-02-27,3.9788,3.9788,3.9072,3.9246,55749,0.1742,578560000,4700800000,30.8357,
000869.SZ,张裕A,2002-02-28,3.9246,3.9246,3.8464,3.8529,67600,0.2112,568000000,4615000000,30.2729,
000869.SZ,张裕A,2002-03-01,3.8529,3.8529,3.777,3.7791,71500,0.2234,557120000,4526600000,29.693,
000869.SZ,张裕A,2002-03-04,3.7444,3.8334,3.7379,3.8334,40789,0.1275,565120000,4591600000,30.1194,
000869.SZ,张裕A,2002-03-05,3.8616,3.9593,3.8616,3.9354,195480,0.6109,580160000,4713800000,30.921,
000869.SZ,张裕A,2002-03-06,3.9506,3.9875,3.9115,3.9267,254220,0.7944,578880000,4703400000,30.8527,
000869.SZ,张裕A,2002-03-07,3.9506,4.0244,3.9311,4.0157,229580,0.7174,592000000,4810000000,31.552,
000869.SZ,张裕A,2002-03-08,4.0157,4.0396,3.9723,4.0353,202178,0.6318,594880000,4833400000,31.7055,
000869.SZ,张裕A,2002-03-11,4.0353,4.0353,3.9484,4.0157,298146,0.9317,592000000,4810000000,31.552,
000869.SZ,张裕A,2002-03-12,4.0157,4.0157,3.9267,3.9289,190600,0.5956,579200000,4706000000,30.8698,
000869.SZ,张裕A,2002-03-13,3.8421,3.9289,3.8421,3.8594,178600,0.5581,568960000,4622800000,30.324,
000869.SZ,张裕A,2002-03-14,3.8638,3.9615,3.8616,3.9593,105596,0.33,583680000,4742400000,31.1086,
000869.SZ,张裕A,2002-03-15,4.0157,4.0157,3.8638,3.866,103600,0.3237,569920000,4630600000,30.3752,
000869.SZ,张裕A,2002-03-18,3.8811,4.0114,3.8638,3.9094,109057,0.3408,576320000,4682600000,30.7163,
000869.SZ,张裕A,2002-03-19,3.9398,4.0374,3.8855,4.0157,246301,0.7697,592000000,4810000000,31.552,
000869.SZ,张裕A,2002-03-20,4.057,4.1156,4.0266,4.0722,403208,1.26,600320000,4877600000,31.9954,
000869.SZ,张裕A,2002-03-21,4.0722,4.1026,4.0157,4.0439,102200,0.3194,596160000,4843800000,31.7737,
000869.SZ,张裕A,2002-03-22,4.0505,4.0591,3.9918,3.9984,80200,0.2506,589440000,4789200000,31.4156,
000869.SZ,张裕A,2002-03-25,3.9984,4.0157,3.968,4.0157,49620,0.1551,592000000,4810000000,31.552,
000869.SZ,张裕A,2002-03-26,4.0157,4.0374,3.968,3.9745,150100,0.4691,585920000,4760600000,31.228,
000869.SZ,张裕A,2002-03-27,3.9745,3.9788,3.9289,3.9723,284879,0.8902,585600000,4758000000,31.2109,
000869.SZ,张裕A,2002-03-28,3.9701,4.1026,3.9311,4.0939,198011,0.6188,603520000,4903600000,32.166,
000869.SZ,张裕A,2002-03-29,4.1221,4.1221,3.9506,3.9723,127200,0.3975,585600000,4758000000,31.2109,
000869.SZ,张裕A,2002-04-01,3.9745,3.9745,3.8855,3.9115,210054,0.6564,576640000,4685200000,27.2941,
000869.SZ,张裕A,2002-04-02,3.9115,3.9115,3.8312,3.8768,81100,0.2534,571520000,4643600000,27.0517,
000869.SZ,张裕A,2002-04-03,3.8421,3.9029,3.8421,3.8811,48910,0.1528,572160000,4648800000,27.082,
000869.SZ,张裕A,2002-04-04,3.8746,3.9398,3.8204,3.9376,70132,0.2192,580480000,4716400000,27.4758,
000869.SZ,张裕A,2002-04-05,3.9463,4.0092,3.8898,3.9072,70132,0.2192,576000000,4680000000,27.2638,
000869.SZ,张裕A,2002-04-08,3.9072,3.9398,3.8963,3.905,34400,0.1075,575680000,4677400000,27.2486,
000869.SZ,张裕A,2002-04-09,3.9072,3.9788,3.8855,3.9701,201891,0.6309,585280000,4755400000,27.703,
000869.SZ,张裕A,2002-04-10,3.9723,3.9875,3.9398,3.9723,111283,0.3478,585600000,4758000000,27.7182,
000869.SZ,张裕A,2002-04-11,3.9701,3.9723,3.9094,3.9094,49650,0.1552,576320000,4682600000,27.2789,
000869.SZ,张裕A,2002-04-12,3.9072,3.9636,3.892,3.9419,84550,0.2642,581120000,4721600000,27.5061,
000869.SZ,张裕A,2002-04-15,3.9636,4.0461,3.9615,4.0374,517253,1.6164,595200000,4836000000,28.1725,
000869.SZ,张裕A,2002-04-16,4.0743,4.0808,4.0157,4.0722,332670,1.0396,600320000,4877600000,28.4149,
000869.SZ,张裕A,2002-04-17,4.0722,4.0722,3.994,4.0114,66439,0.2076,591360000,4804800000,27.9908,
000869.SZ,张裕A,2002-04-18,4.0114,4.0808,3.9832,4.0092,213030,0.6657,591040000,4802200000,27.9756,
000869.SZ,张裕A,2002-04-19,3.9832,4.0548,3.9289,4.0374,119230,0.3726,595200000,4836000000,28.1725,
000869.SZ,张裕A,2002-04-22,3.9506,4.057,3.9506,3.9984,52600,0.1644,589440000,4789200000,27.8999,
000869.SZ,张裕A,2002-04-23,3.9528,4.0136,3.9528,3.9615,19101,0.0597,584000000,4745000000,27.6424,
000869.SZ,张裕A,2002-04-24,3.9897,3.9918,3.9289,3.9289,32300,0.1009,579200000,4706000000,27.4152,
000869.SZ,张裕A,2002-04-25,3.9289,3.9506,3.9289,3.9354,32685,0.1021,580160000,4713800000,27.4607,
000869.SZ,张裕A,2002-04-26,3.994,4.0266,3.994,4.0201,156820,0.4901,592640000,4815200000,28.0514,
000869.SZ,张裕A,2002-04-29,3.9115,4.1156,3.9115,4.0743,136493,0.4265,600640000,4880200000,28.43,
000869.SZ,张裕A,2002-04-30,4.0743,4.1026,4.0374,4.0982,178100,0.5566,604160000,4908800000,28.5967,
000869.SZ,张裕A,2002-05-08,4.0765,4.0982,4.0418,4.0635,49600,0.155,599040000,4867200000,28.3543,
000869.SZ,张裕A,2002-05-09,4.07,4.1026,4.0439,4.0591,65500,0.2047,598400000,4862000000,28.324,
000869.SZ,张裕A,2002-05-10,4.0483,4.07,4.0201,4.0548,37700,0.1178,597760000,4856800000,28.2937,
000869.SZ,张裕A,2002-05-13,4.0157,4.0374,3.9832,3.994,48400,0.1512,588800000,4784000000,27.8696,
000869.SZ,张裕A,2002-05-14,3.9984,4.0179,3.9832,3.994,20150,0.063,588800000,4784000000,27.8696,
000869.SZ,张裕A,2002-05-15,4.0114,4.0114,3.9506,3.9506,53600,0.1675,582400000,4732000000,27.5667,
000869.SZ,张裕A,2002-05-16,3.9289,3.9506,3.7987,3.8204,116600,0.3644,563200000,4576000000,26.6579,
000869.SZ,张裕A,2002-05-17,3.7683,3.9029,3.7683,3.8746,76500,0.2391,571200000,4641000000,27.0366,
000869.SZ,张裕A,2002-05-20,3.8746,3.8746,3.8746,3.8746,--,--,571200000,4641000000,27.0366,
000869.SZ,张裕A,2002-05-21,3.9246,3.9267,3.8334,3.8963,109105,0.341,574400000,4667000000,27.188,
000869.SZ,张裕A,2002-05-22,3.9029,3.9029,3.829,3.8725,45900,0.1434,570880000,4638400000,27.0214,
000869.SZ,张裕A,2002-05-23,3.8725,3.9029,3.8377,3.8638,24410,0.0763,569600000,4628000000,26.9608,
000869.SZ,张裕A,2002-05-24,3.8356,3.8399,3.7987,3.8095,32300,0.1009,561600000,4563000000,26.5822,
000869.SZ,张裕A,2002-05-27,3.8139,3.8638,3.7987,3.8638,62570,0.1955,569600000,4628000000,26.9608,
000869.SZ,张裕A,2002-05-28,3.8529,4.2263,3.8529,3.9202,81322,0.2541,577920000,4695600000,27.3546,
000869.SZ,张裕A,2002-05-29,3.9289,3.9289,3.8204,3.8681,49315,0.1541,570240000,4633200000,26.9911,
000869.SZ,张裕A,2002-05-30,3.918,3.9202,3.7987,3.866,26511,0.0828,569920000,4630600000,26.976,
000869.SZ,张裕A,2002-05-31,3.9072,4.2285,3.9072,3.9701,276126,0.8629,585280000,4755400000,27.703,
000869.SZ,张裕A,2002-06-03,3.9767,4.0114,3.8399,3.8855,136059,0.4252,572800000,4654000000,27.1123,
000869.SZ,张裕A,2002-06-04,3.9267,3.9267,3.8204,3.905,60288,0.1884,575680000,4677400000,27.2486,
000869.SZ,张裕A,2002-06-05,3.8334,3.9007,3.803,3.8052,55950,0.1748,560960000,4557800000,26.5519,
000869.SZ,张裕A,2002-06-06,3.777,3.9918,3.7726,3.9115,95009,0.2969,576640000,4685200000,27.2941,
000869.SZ,张裕A,2002-06-07,3.968,4.0027,3.9137,3.9767,156746,0.4898,586240000,4763200000,27.7484,
000869.SZ,张裕A,2002-06-10,3.994,3.994,3.8768,3.9094,69752,0.218,576320000,4682600000,27.2789,
000869.SZ,张裕A,2002-06-11,3.9137,3.9289,3.866,3.9094,21532,0.0673,576320000,4682600000,27.2789,
000869.SZ,张裕A,2002-06-12,3.9289,3.9463,3.8855,3.9419,47039,0.147,581120000,4721600000,27.5061,
000869.SZ,张裕A,2002-06-13,3.9354,3.9354,3.8898,3.8898,33323,0.1041,573440000,4659200000,27.1426,
000869.SZ,张裕A,2002-06-14,3.8811,3.8855,3.8421,3.866,51641,0.1614,569920000,4630600000,26.976,
000869.SZ,张裕A,2002-06-17,3.8924,3.9188,3.8704,3.9012,9400,0.0294,567040000,4607200000,26.8397,
000869.SZ,张裕A,2002-06-18,3.9276,3.9518,3.9012,3.9474,45666,0.1427,573760000,4661800000,27.1577,
000869.SZ,张裕A,2002-06-19,3.9474,3.9584,3.8924,3.9408,27711,0.0866,572800000,4654000000,27.1123,
000869.SZ,张裕A,2002-06-20,3.9452,3.9518,3.9232,3.9408,22600,0.0706,572800000,4654000000,27.1123,
000869.SZ,张裕A,2002-06-21,3.9848,4.1169,3.954,4.0289,217062,0.6783,585600000,4758000000,27.7182,
000869.SZ,张裕A,2002-06-24,4.4318,4.4318,4.1433,4.4185,1305350,4.0792,642240000,5218200000,30.3991,
000869.SZ,张裕A,2002-06-25,4.3591,4.3591,4.183,4.227,513689,1.6053,614400000,4992000000,29.0813,
000869.SZ,张裕A,2002-06-26,4.1852,4.2864,4.1544,4.2182,397481,1.2421,613120000,4981600000,29.0208,
000869.SZ,张裕A,2002-06-27,4.2226,4.249,4.161,4.1654,135700,0.4241,605440000,4919200000,28.6572,
000869.SZ,张裕A,2002-06-28,4.2931,4.3591,4.1632,4.205,315514,0.986,611200000,4966000000,28.9299,
000869.SZ,张裕A,2002-07-01,4.2072,4.2072,4.1654,4.1654,62600,0.1956,605440000,4919200000,28.6572,
000869.SZ,张裕A,2002-07-02,4.1544,4.161,4.1169,4.1345,95128,0.2973,600960000,4882800000,28.4452,
000869.SZ,张裕A,2002-07-03,4.1367,4.183,4.1257,4.1345,86689,0.2709,600960000,4882800000,28.4452,
000869.SZ,张裕A,2002-07-04,4.1389,4.1411,4.0905,4.1059,73666,0.2302,596800000,4849000000,28.2483,
000869.SZ,张裕A,2002-07-05,4.1059,4.1147,4.0751,4.1147,28000,0.0875,598080000,4859400000,28.3089,
000869.SZ,张裕A,2002-07-08,4.1367,4.2226,4.1125,4.2006,104778,0.3274,610560000,4960800000,28.8996,
000869.SZ,张裕A,2002-07-09,4.2006,4.2006,4.1433,4.1566,57610,0.18,604160000,4908800000,28.5967,
000869.SZ,张裕A,2002-07-10,4.1852,4.1852,4.0729,4.1037,61366,0.1918,596480000,4846400000,28.2331,
000869.SZ,张裕A,2002-07-11,4.1345,4.1345,4.0971,4.1037,46054,0.1439,596480000,4846400000,28.2331,
000869.SZ,张裕A,2002-07-12,4.0839,4.1279,4.0839,4.0971,27989,0.0875,595520000,4838600000,28.1877,
000869.SZ,张裕A,2002-07-15,4.0949,4.0949,4.0377,4.0531,54135,0.1692,589120000,4786600000,27.8848,
000869.SZ,张裕A,2002-07-16,4.0509,4.0729,4.0333,4.0465,33400,0.1044,588160000,4778800000,27.8393,
000869.SZ,张裕A,2002-07-17,4.0465,4.0509,4.0091,4.0509,44865,0.1402,588800000,4784000000,27.8696,
000869.SZ,张裕A,2002-07-18,4.0509,4.0729,4.0135,4.0421,22550,0.0705,587520000,4773600000,27.809,
000869.SZ,张裕A,2002-07-19,4.1169,4.1323,4.0861,4.1147,87654,0.2739,598080000,4859400000,28.3089,
000869.SZ,张裕A,2002-07-22,4.1081,4.1345,4.0707,4.0707,27904,0.0872,591680000,4807400000,28.0059,
000869.SZ,张裕A,2002-07-23,4.0729,4.0729,4.0289,4.0333,31300,0.0978,586240000,4763200000,27.7484,
000869.SZ,张裕A,2002-07-24,4.0289,4.0355,4.0068,4.0091,43525,0.136,582720000,4734600000,27.5818,
000869.SZ,张裕A,2002-07-25,4.0157,4.0795,3.9892,3.998,25899,0.0809,581120000,4721600000,27.5061,
000869.SZ,张裕A,2002-07-26,3.9958,4.0729,3.9738,4.0002,44660,0.1396,581440000,4724200000,27.5212,
000869.SZ,张裕A,2002-07-29,3.998,4.0641,3.998,4.0179,14741,0.0461,584000000,4745000000,27.6424,
000869.SZ,张裕A,2002-07-30,4.0157,4.0289,3.943,4.0179,78632,0.2457,584000000,4745000000,27.6424,
000869.SZ,张裕A,2002-07-31,3.9694,4.0245,3.9452,4.0002,65435,0.2045,581440000,4724200000,27.5212,
000869.SZ,张裕A,2002-08-01,3.9958,4.0068,3.9518,3.9848,16912,0.0529,579200000,4706000000,27.4152,
000869.SZ,张裕A,2002-08-02,4.0068,4.0289,3.965,4.0157,24585,0.0768,583680000,4742400000,27.6273,
000869.SZ,张裕A,2002-08-05,3.976,4.0289,3.9738,3.9826,14210,0.0444,578880000,4703400000,27.4001,
000869.SZ,张裕A,2002-08-06,3.9716,4.0289,3.9716,4.0179,14887,0.0465,584000000,4745000000,27.6424,
000869.SZ,张裕A,2002-08-07,4.0179,4.0289,3.976,4.0068,18800,0.0588,582400000,4732000000,27.5667,
000869.SZ,张裕A,2002-08-08,4.0289,4.0289,3.9892,4.0046,14767,0.0461,582080000,4729400000,27.5515,
000869.SZ,张裕A,2002-08-09,3.9408,4.0685,3.9408,4.0245,79211,0.2475,584960000,4752800000,27.6879,
000869.SZ,张裕A,2002-08-12,3.9672,4.0068,3.9672,3.9892,19275,0.0602,579840000,4711200000,27.4455,
000869.SZ,张裕A,2002-08-13,3.9892,3.9892,3.9628,3.9672,15839,0.0495,576640000,4685200000,31.2599,
000869.SZ,张裕A,2002-08-14,3.9628,3.9804,3.9628,3.9804,18090,0.0565,578560000,4700800000,31.364,
000869.SZ,张裕A,2002-08-15,4.0619,4.0619,3.9628,3.965,19950,0.0623,576320000,4682600000,31.2425,
000869.SZ,张裕A,2002-08-16,3.9232,3.9628,3.9188,3.9606,40326,0.126,575680000,4677400000,31.2078,
000869.SZ,张裕A,2002-08-19,3.921,4.0046,3.921,3.9408,36900,0.1153,572800000,4654000000,31.0517,
000869.SZ,张裕A,2002-08-20,3.9628,3.9848,3.943,3.976,31197,0.0975,577920000,4695600000,31.3293,
000869.SZ,张裕A,2002-08-21,3.9804,4.0024,3.9188,3.9936,54028,0.1688,580480000,4716400000,31.468,
000869.SZ,张裕A,2002-08-22,4.0179,4.0619,4.0068,4.0179,101577,0.3174,584000000,4745000000,31.6589,
000869.SZ,张裕A,2002-08-23,4.0465,4.0465,3.9914,4.0046,21215,0.0663,582080000,4729400000,31.5548,
000869.SZ,张裕A,2002-08-26,4.0091,4.0509,4.0068,4.0487,61602,0.1925,588480000,4781400000,31.9017,
000869.SZ,张裕A,2002-08-27,4.0509,4.1367,4.0509,4.1235,213631,0.6676,599360000,4869800000,32.4915,
000869.SZ,张裕A,2002-08-28,4.1279,4.1544,4.0509,4.0619,53450,0.167,590400000,4797000000,32.0058,
000869.SZ,张裕A,2002-08-29,4.0729,4.0729,4.0091,4.0135,43800,0.1369,583360000,4739800000,31.6242,
000869.SZ,张裕A,2002-08-30,4.0465,4.0619,4.0068,4.0201,24900,0.0778,584320000,4747600000,31.6762,
000869.SZ,张裕A,2002-09-02,4.0068,4.0179,3.998,4.0068,26040,0.0814,582400000,4732000000,31.5721,
000869.SZ,张裕A,2002-09-03,4.0289,4.0465,4.0068,4.0091,14000,0.0438,582720000,4734600000,31.5895,
000869.SZ,张裕A,2002-09-04,4.0179,4.0179,4.0002,4.0091,15653,0.0489,582720000,4734600000,31.5895,
000869.SZ,张裕A,2002-09-05,4.0024,4.0377,3.9782,3.9782,38196,0.1194,578240000,4698200000,31.3466,
000869.SZ,张裕A,2002-09-06,3.9672,3.9804,3.9628,3.9672,39775,0.1243,576640000,4685200000,31.2599,
000869.SZ,张裕A,2002-09-09,3.9672,3.9716,3.8527,3.9078,124010,0.3875,568000000,4615000000,30.7915,
000869.SZ,张裕A,2002-09-10,3.9078,3.9408,3.8968,3.91,32171,0.1005,568320000,4617600000,30.8088,
000869.SZ,张裕A,2002-09-11,3.899,3.9166,3.8549,3.9144,30360,0.0949,568960000,4622800000,30.8435,
000869.SZ,张裕A,2002-09-12,3.8748,3.91,3.8417,3.8968,119746,0.3742,566400000,4602000000,30.7048,
000869.SZ,张裕A,2002-09-13,3.8748,3.9188,3.8704,3.91,33600,0.105,568320000,4617600000,30.8088,
000869.SZ,张裕A,2002-09-16,3.9188,3.9188,3.8527,3.8748,15300,0.0478,563200000,4576000000,30.5313,
000869.SZ,张裕A,2002-09-17,3.9166,3.9166,3.8792,3.8814,16560,0.0517,564160000,4583800000,30.5833,
000869.SZ,张裕A,2002-09-18,3.8527,3.8968,3.8527,3.8792,15100,0.0472,563840000,4581200000,30.566,
000869.SZ,张裕A,2002-09-19,3.8704,3.9166,3.8704,3.9166,21050,0.0658,569280000,4625400000,30.8609,
000869.SZ,张裕A,2002-09-20,3.9166,3.9364,3.8748,3.8792,19200,0.06,563840000,4581200000,30.566,
000869.SZ,张裕A,2002-09-23,3.8549,3.8968,3.8549,3.8748,9914,0.031,563200000,4576000000,30.5313,
000869.SZ,张裕A,2002-09-24,3.8902,3.8902,3.8527,3.8571,25844,0.0808,560640000,4555200000,30.3925,
000869.SZ,张裕A,2002-09-25,3.8483,3.9056,3.8417,3.8902,63233,0.1976,565440000,4594200000,30.6527,
000869.SZ,张裕A,2002-09-26,3.8637,3.8726,3.8131,3.8307,70500,0.2203,556800000,4524000000,30.1843,
000869.SZ,张裕A,2002-09-27,3.9122,3.9298,3.8131,3.8505,54205,0.1694,559680000,4547400000,30.3405,
000869.SZ,张裕A,2002-10-08,3.8637,3.8924,3.8263,3.8285,15900,0.0497,556480000,4521400000,30.167,
000869.SZ,张裕A,2002-10-09,3.8131,3.8197,3.7559,3.7955,46480,0.1452,551680000,4482400000,29.9068,
000869.SZ,张裕A,2002-10-10,3.7493,3.8527,3.7493,3.7977,4301,0.0134,552000000,4485000000,29.9241,
000869.SZ,张裕A,2002-10-11,3.7977,3.7977,3.7184,3.7184,37088,0.1159,540480000,4391400000,29.2996,
000869.SZ,张裕A,2002-10-14,3.7184,3.7427,3.6722,3.7317,21200,0.0663,542400000,4407000000,29.4037,
000869.SZ,张裕A,2002-10-15,3.703,3.703,3.5445,3.6986,44700,0.1397,537600000,4368000000,29.1435,
000869.SZ,张裕A,2002-10-16,3.6986,3.7383,3.6766,3.6986,16000,0.05,537600000,4368000000,29.1435,
000869.SZ,张裕A,2002-10-17,3.6876,3.6876,3.5665,3.6216,11587,0.0362,526400000,4277000000,28.5363,
000869.SZ,张裕A,2002-10-18,3.6326,3.6326,3.4587,3.5797,73507,0.2297,520320000,4227600000,28.2067,
000869.SZ,张裕A,2002-10-21,3.5445,3.5886,3.5137,3.5555,37310,0.1166,516800000,4199000000,28.0159,
000869.SZ,张裕A,2002-10-22,3.5555,3.626,3.5225,3.615,48550,0.1517,525440000,4269200000,28.4843,
000869.SZ,张裕A,2002-10-23,3.5335,3.6194,3.5313,3.5665,21500,0.0672,518400000,4212000000,28.1027,
000869.SZ,张裕A,2002-10-24,3.5555,3.5665,3.5247,3.5445,39063,0.1221,515200000,4186000000,27.9292,
000869.SZ,张裕A,2002-10-25,3.5445,3.5731,3.5445,3.5467,20238,0.0632,515520000,4188600000,27.9465,
000869.SZ,张裕A,2002-10-28,3.5445,3.5577,3.4741,3.5225,42250,0.132,512000000,4160000000,27.7557,
000869.SZ,张裕A,2002-10-29,3.5005,3.5665,3.4873,3.5313,21100,0.0659,513280000,4170400000,27.1356,
000869.SZ,张裕A,2002-10-30,3.5269,3.5357,3.5225,3.5225,21000,0.0656,512000000,4160000000,27.068,
000869.SZ,张裕A,2002-10-31,3.5247,3.5555,3.5225,3.5225,18600,0.0581,512000000,4160000000,27.068,
000869.SZ,张裕A,2002-11-01,3.5621,3.6436,3.5621,3.6282,88021,0.2751,527360000,4284800000,27.88,
000869.SZ,张裕A,2002-11-04,3.6546,3.6546,3.5841,3.6216,51013,0.1594,526400000,4277000000,27.8293,
000869.SZ,张裕A,2002-11-05,3.6502,3.6766,3.6216,3.6744,82909,0.2591,534080000,4339400000,28.2353,
000869.SZ,张裕A,2002-11-06,3.637,3.6546,3.6106,3.6128,44300,0.1384,525120000,4266600000,27.7616,
000869.SZ,张裕A,2002-11-07,3.6436,3.6876,3.6216,3.6458,29186,0.0912,529920000,4305600000,28.0154,
000869.SZ,张裕A,2002-11-08,3.6568,3.6766,3.5599,3.5599,50900,0.1591,517440000,4204200000,27.3556,
000869.SZ,张裕A,2002-11-11,3.6282,3.6282,3.5247,3.5291,27550,0.0861,512960000,4167800000,27.1187,
000869.SZ,张裕A,2002-11-12,3.5269,3.5621,3.4895,3.4983,30842,0.0964,508480000,4131400000,26.8819,
000869.SZ,张裕A,2002-11-13,3.4939,3.4939,3.4124,3.4565,55571,0.1737,502400000,4082000000,26.5605,
000869.SZ,张裕A,2002-11-14,3.4146,3.4697,3.3816,3.386,38899,0.1216,492160000,3998800000,26.0191,
000869.SZ,张裕A,2002-11-15,3.386,3.4278,3.386,3.4058,42097,0.1316,495040000,4022200000,26.1713,
000869.SZ,张裕A,2002-11-18,3.5005,3.5005,3.3222,3.364,34803,0.1088,488960000,3972800000,25.8499,
000869.SZ,张裕A,2002-11-19,3.4036,3.4058,3.342,3.3882,23306,0.0728,492480000,4001400000,26.036,
000869.SZ,张裕A,2002-11-20,3.342,3.3618,3.309,3.3222,29100,0.0909,482880000,3923400000,25.5285,
000869.SZ,张裕A,2002-11-21,3.2363,3.2495,3.2055,3.2055,70850,0.2214,465920000,3785600000,24.6319,
000869.SZ,张裕A,2002-11-22,3.1703,3.32,3.1703,3.2297,98745,0.3086,469440000,3814200000,24.818,
000869.SZ,张裕A,2002-11-25,3.2297,3.2781,3.2297,3.2627,35900,0.1122,474240000,3853200000,25.0717,
000869.SZ,张裕A,2002-11-26,3.2363,3.2825,3.1703,3.1923,26600,0.0831,464000000,3770000000,24.5304,
000869.SZ,张裕A,2002-11-27,3.1813,3.1923,3.0822,3.1857,75025,0.2345,463040000,3762200000,24.4796,
000869.SZ,张裕A,2002-11-28,3.1703,3.2539,3.1152,3.2363,54066,0.169,470400000,3822000000,24.8687,
000869.SZ,张裕A,2002-11-29,3.3684,3.3684,3.2473,3.2979,75621,0.2363,479360000,3894800000,25.3424,
000869.SZ,张裕A,2002-12-02,3.3023,3.3068,3.1923,3.2561,71400,0.2231,473280000,3845400000,25.021,
000869.SZ,张裕A,2002-12-03,3.2099,3.2473,3.2099,3.2363,21700,0.0678,470400000,3822000000,24.8687,
000869.SZ,张裕A,2002-12-04,3.2363,3.2627,3.2143,3.2143,52800,0.165,467200000,3796000000,24.6995,
000869.SZ,张裕A,2002-12-05,3.2143,3.2363,3.1901,3.1923,16600,0.0519,464000000,3770000000,24.5304,
000869.SZ,张裕A,2002-12-06,3.2363,3.2473,3.2011,3.2099,35550,0.1111,466560000,3790800000,24.6657,
000869.SZ,张裕A,2002-12-09,3.1703,3.2143,3.1284,3.1703,29500,0.0922,460800000,3744000000,24.3612,
000869.SZ,张裕A,2002-12-10,3.1482,3.1923,3.135,3.1482,22600,0.0706,457600000,3718000000,24.192,
000869.SZ,张裕A,2002-12-11,3.113,3.1372,3.0822,3.0866,59400,0.1856,448640000,3645200000,23.7183,
000869.SZ,张裕A,2002-12-12,3.1042,3.1438,3.0932,3.0976,39146,0.1223,450240000,3658200000,23.8029,
000869.SZ,张裕A,2002-12-13,3.1923,3.1923,2.9501,3.0822,80320,0.251,448000000,3640000000,23.6845,
000869.SZ,张裕A,2002-12-16,3.0756,3.1152,3.0756,3.113,50999,0.1594,452480000,3676400000,23.9213,
000869.SZ,张裕A,2002-12-17,3.0888,3.146,3.0888,3.1262,187308,0.5853,454400000,3692000000,24.0228,
000869.SZ,张裕A,2002-12-18,3.1328,3.1482,3.1218,3.135,44690,0.1397,455680000,3702400000,24.0905,
000869.SZ,张裕A,2002-12-19,3.1262,3.1592,3.0822,3.1372,56260,0.1758,456000000,3705000000,24.1074,
000869.SZ,张裕A,2002-12-20,3.1262,3.1813,3.1108,3.1725,78430,0.2451,461120000,3746600000,24.3781,
000869.SZ,张裕A,2002-12-23,3.1879,3.2209,3.1372,3.1747,71700,0.2241,461440000,3749200000,24.395,
000869.SZ,张裕A,2002-12-24,3.1703,3.1923,3.1262,3.1923,100964,0.3155,464000000,3770000000,24.5304,
000869.SZ,张裕A,2002-12-25,3.1923,3.1923,3.135,3.1879,49578,0.1549,463360000,3764800000,24.4965,
000869.SZ,张裕A,2002-12-26,3.1703,3.1923,3.0822,3.1835,139842,0.437,462720000,3759600000,24.4627,
000869.SZ,张裕A,2002-12-27,3.1813,3.2583,3.0822,3.2517,238000,0.7437,472640000,3840200000,24.9871,
000869.SZ,张裕A,2002-12-30,3.2297,3.2363,3.1747,3.2011,88800,0.2775,465280000,3780400000,24.598,
000869.SZ,张裕A,2002-12-31,3.2363,3.2583,3.1791,3.1857,66202,0.2069,463040000,3762200000,24.4796,
000869.SZ,张裕A,2003-01-02,3.1482,3.1482,3.0382,3.0668,63450,0.1983,445760000,3621800000,23.5661,
000869.SZ,张裕A,2003-01-03,3.0382,3.0558,2.9611,2.9721,153500,0.4797,432000000,3510000000,22.8386,
000869.SZ,张裕A,2003-01-06,2.9721,3.0029,2.8796,2.9941,53350,0.1667,435200000,3536000000,23.0078,
000869.SZ,张裕A,2003-01-07,2.9721,2.9831,2.8686,2.9369,189500,0.5922,426880000,3468400000,22.5679,
000869.SZ,张裕A,2003-01-08,2.9237,2.9831,2.8951,2.9809,146300,0.4572,433280000,3520400000,22.9063,
000869.SZ,张裕A,2003-01-09,3.0029,3.0514,2.9721,3.0448,118000,0.3687,442560000,3595800000,23.3969,
000869.SZ,张裕A,2003-01-10,3.0448,3.0602,3.0205,3.0272,120958,0.378,440000000,3575000000,23.2615,
000869.SZ,张裕A,2003-01-13,3.0272,3.0272,2.9985,3.0161,28811,0.09,438400000,3562000000,23.177,
000869.SZ,张裕A,2003-01-14,3.0051,3.1614,3.0051,3.1064,719649,2.2489,451520000,3668600000,23.8706,
000869.SZ,张裕A,2003-01-15,3.1482,3.1813,3.0822,3.0822,356630,1.1145,448000000,3640000000,23.6845,
000869.SZ,张裕A,2003-01-16,3.1152,3.1769,3.0844,3.1769,441568,1.3799,461760000,3751800000,24.4119,
000869.SZ,张裕A,2003-01-17,3.1769,3.2077,3.1703,3.1879,188631,0.5895,463360000,3764800000,24.4965,
000869.SZ,张裕A,2003-01-20,3.1703,3.1923,3.1482,3.1614,139341,0.4354,459520000,3733600000,24.2935,
000869.SZ,张裕A,2003-01-21,3.1813,3.2649,3.0976,3.146,153940,0.4811,457280000,3715400000,24.1751,
000869.SZ,张裕A,2003-01-22,3.1262,3.146,3.1064,3.1438,60745,0.1898,456960000,3712800000,24.1582,
000869.SZ,张裕A,2003-01-23,3.1592,3.1592,3.1042,3.1108,73345,0.2292,452160000,3673800000,23.9044,
000869.SZ,张裕A,2003-01-24,3.0822,3.1218,3.0756,3.1064,120135,0.3754,451520000,3668600000,23.8706,
000869.SZ,张裕A,2003-01-27,3.1262,3.1504,3.1174,3.1394,126728,0.396,456320000,3707600000,24.1243,
000869.SZ,张裕A,2003-01-28,3.1504,3.1526,3.1262,3.146,121218,0.3788,457280000,3715400000,24.1751,
000869.SZ,张裕A,2003-01-29,3.1857,3.1879,3.1394,3.1438,143085,0.4471,456960000,3712800000,24.1582,
000869.SZ,张裕A,2003-02-10,3.1438,3.1548,3.0976,3.1086,67801,0.2119,451840000,3671200000,23.8875,
000869.SZ,张裕A,2003-02-11,3.0822,3.1482,3.0822,3.146,37095,0.1159,457280000,3715400000,24.1751,
000869.SZ,张裕A,2003-02-12,3.146,3.1747,3.1262,3.1725,67438,0.2107,461120000,3746600000,24.3781,
000869.SZ,张裕A,2003-02-13,3.1659,3.2363,3.1659,3.1967,211826,0.662,464640000,3775200000,24.5642,
000869.SZ,张裕A,2003-02-14,3.1923,3.2253,3.1592,3.1945,195935,0.6123,464320000,3772600000,24.5473,
000869.SZ,张裕A,2003-02-17,3.2143,3.2187,3.1813,3.1901,119000,0.3719,463680000,3767400000,24.5134,
000869.SZ,张裕A,2003-02-18,3.1879,3.2143,3.1747,3.2099,33200,0.1037,466560000,3790800000,24.6657,
000869.SZ,张裕A,2003-02-19,3.2099,3.2275,3.1769,3.2143,100800,0.315,467200000,3796000000,24.6995,
000869.SZ,张裕A,2003-02-20,3.3618,3.3618,3.2165,3.2275,286173,0.8943,469120000,3811600000,24.801,
000869.SZ,张裕A,2003-02-21,3.2143,3.2143,3.1482,3.1482,100850,0.3152,457600000,3718000000,24.192,
000869.SZ,张裕A,2003-02-24,3.1482,3.1681,3.1262,3.1482,98480,0.3077,457600000,3718000000,24.192,
000869.SZ,张裕A,2003-02-25,3.1659,3.2055,3.1548,3.2055,162986,0.5093,465920000,3785600000,24.6319,
000869.SZ,张裕A,2003-02-26,3.1923,3.2253,3.1835,3.2209,163100,0.5097,468160000,3803800000,24.7503,
000869.SZ,张裕A,2003-02-27,3.2209,3.2253,3.1923,3.2165,100806,0.315,467520000,3798600000,24.7164,
000869.SZ,张裕A,2003-02-28,3.2011,3.2099,3.1681,3.1879,91025,0.2845,463360000,3764800000,24.4965,
000869.SZ,张裕A,2003-03-03,3.1769,3.2627,3.1769,3.2627,551570,1.7237,474240000,3853200000,25.0717,
000869.SZ,张裕A,2003-03-04,3.2649,3.3288,3.2473,3.32,399127,1.2473,482560000,3920800000,25.5116,
000869.SZ,张裕A,2003-03-05,3.32,3.32,3.2495,3.2803,186209,0.5819,476800000,3874000000,25.2071,
000869.SZ,张裕A,2003-03-06,3.2803,3.2803,3.1901,3.2297,172720,0.5398,469440000,3814200000,24.818,
000869.SZ,张裕A,2003-03-07,3.2231,3.2363,3.1967,3.2099,70980,0.2218,466560000,3790800000,24.6657,
000869.SZ,张裕A,2003-03-10,3.1879,3.1923,3.1042,3.1196,116088,0.3628,453440000,3684200000,23.9721,
000869.SZ,张裕A,2003-03-11,3.135,3.1526,3.1086,3.113,101281,0.3165,452480000,3676400000,23.9213,
000869.SZ,张裕A,2003-03-12,3.1416,3.1416,3.0822,3.1218,138500,0.4328,453760000,3686800000,23.989,
000869.SZ,张裕A,2003-03-13,3.1152,3.1218,3.0844,3.091,42200,0.1319,449280000,3650400000,23.7521,
000869.SZ,张裕A,2003-03-14,3.113,3.1218,3.0888,3.113,33100,0.1034,452480000,3676400000,23.9213,
000869.SZ,张裕A,2003-03-17,3.1042,3.1218,3.0712,3.1064,69500,0.2172,451520000,3668600000,23.8706,
000869.SZ,张裕A,2003-03-18,3.146,3.146,3.0382,3.0712,62545,0.1955,446400000,3627000000,23.5999,
000869.SZ,张裕A,2003-03-19,3.0668,3.0844,3.0426,3.0822,94850,0.2964,448000000,3640000000,23.6845,
000869.SZ,张裕A,2003-03-20,3.08,3.1042,3.0514,3.0778,48099,0.1503,447360000,3634800000,23.6506,
000869.SZ,张裕A,2003-03-21,3.0602,3.1042,3.0602,3.0822,97100,0.3034,448000000,3640000000,23.6845,
000869.SZ,张裕A,2003-03-24,3.1196,3.2055,3.0734,3.1659,199105,0.6222,460160000,3738800000,24.3273,
000869.SZ,张裕A,2003-03-25,3.1438,3.1703,3.1042,3.1174,79209,0.2475,453120000,3681600000,23.9552,
000869.SZ,张裕A,2003-03-26,3.0932,3.1482,3.0602,3.0778,91426,0.2857,447360000,3634800000,23.6506,
000869.SZ,张裕A,2003-03-27,3.0712,3.1262,3.0382,3.1152,297760,0.9305,452800000,3679000000,23.9382,
000869.SZ,张裕A,2003-03-28,3.1218,3.1218,3.0778,3.08,394400,1.2325,447680000,3637400000,23.6676,
000869.SZ,张裕A,2003-03-31,3.0998,3.1482,3.08,3.1416,329078,1.0284,456640000,3710200000,33.3529,
000869.SZ,张裕A,2003-04-01,3.1747,3.1901,3.1306,3.1592,151900,0.4747,459200000,3731000000,33.5399,
000869.SZ,张裕A,2003-04-02,3.1592,3.1747,3.1372,3.1526,95600,0.2988,458240000,3723200000,33.4698,
000869.SZ,张裕A,2003-04-03,3.1328,3.1592,3.1086,3.1108,136610,0.4269,452160000,3673800000,33.0257,
000869.SZ,张裕A,2003-04-04,3.1152,3.1681,3.0932,3.1482,178336,0.5573,457600000,3718000000,33.4231,
000869.SZ,张裕A,2003-04-07,3.1548,3.1659,3.113,3.1152,109447,0.342,452800000,3679000000,33.0725,
000869.SZ,张裕A,2003-04-08,3.0954,3.135,3.091,3.1152,114364,0.3574,452800000,3679000000,33.0725,
000869.SZ,张裕A,2003-04-09,3.0844,3.113,3.058,3.1108,181471,0.5671,452160000,3673800000,33.0257,
000869.SZ,张裕A,2003-04-10,3.1108,3.1482,3.0734,3.1438,221786,0.6931,456960000,3712800000,33.3763,
000869.SZ,张裕A,2003-04-11,3.1482,3.2231,3.1306,3.1945,449206,1.4038,464320000,3772600000,33.9139,
000869.SZ,张裕A,2003-04-14,3.2033,3.2583,3.1967,3.2583,411769,1.2868,473600000,3848000000,34.5917,
000869.SZ,张裕A,2003-04-15,3.2693,3.2935,3.2385,3.2891,365021,1.1407,478080000,3884400000,34.9189,
000869.SZ,张裕A,2003-04-16,3.2979,3.3244,3.2297,3.2363,495600,1.5487,470400000,3822000000,34.358,
000869.SZ,张裕A,2003-04-17,3.2693,3.2693,3.1923,3.2209,202544,0.633,468160000,3803800000,34.1944,
000869.SZ,张裕A,2003-04-18,3.2275,3.2583,3.2121,3.2165,227228,0.7101,467520000,3798600000,34.1476,
000869.SZ,张裕A,2003-04-21,3.2143,3.3596,3.2143,3.3376,683047,2.1345,485120000,3941600000,32.5942,
000869.SZ,张裕A,2003-04-22,3.3464,3.3486,3.2803,3.2935,245533,0.7673,478720000,3889600000,32.1642,
000869.SZ,张裕A,2003-04-23,3.3001,3.3023,3.2341,3.2341,197900,0.6184,470080000,3819400000,31.5837,
000869.SZ,张裕A,2003-04-24,3.2341,3.2363,3.0844,3.1504,229880,0.7184,457920000,3720600000,30.7667,
000869.SZ,张裕A,2003-04-25,3.1328,3.3023,3.1328,3.1548,170389,0.5325,458560000,3725800000,30.8097,
000869.SZ,张裕A,2003-04-28,3.1482,3.1945,3.0844,3.1857,292185,0.9131,463040000,3762200000,31.1107,
000869.SZ,张裕A,2003-04-29,3.1879,3.1945,3.1086,3.1262,95881,0.2996,454400000,3692000000,30.5302,
000869.SZ,张裕A,2003-04-30,3.3464,3.3464,3.1042,3.1879,255880,0.7996,463360000,3764800000,31.1322,
000869.SZ,张裕A,2003-05-12,3.1923,3.1945,3.1262,3.1526,75040,0.2345,458240000,3723200000,30.7882,
000869.SZ,张裕A,2003-05-13,3.1526,3.1526,3.0382,3.0382,240900,0.7528,441600000,3588000000,29.6702,
000869.SZ,张裕A,2003-05-14,3.0338,3.0602,3.0095,3.0316,415598,1.2987,440640000,3580200000,29.6057,
000869.SZ,张裕A,2003-05-15,3.0382,3.1218,3.0139,3.0822,504083,1.5753,448000000,3640000000,30.1002,
000869.SZ,张裕A,2003-05-16,3.0822,3.1923,3.069,3.1218,394461,1.2327,453760000,3686800000,30.4872,
000869.SZ,张裕A,2003-05-19,3.1218,3.1306,3.091,3.124,322591,1.0081,454080000,3689400000,30.5087,
000869.SZ,张裕A,2003-05-20,3.1174,3.1394,3.102,3.102,174802,0.5463,450880000,3663400000,30.2937,
000869.SZ,张裕A,2003-05-21,3.102,3.102,3.102,3.102,--,--,450880000,3663400000,30.2937,
000869.SZ,张裕A,2003-05-22,3.1042,3.1262,3.0822,3.113,147800,0.4619,452480000,3676400000,30.4012,
000869.SZ,张裕A,2003-05-23,3.1086,3.1636,3.0888,3.135,176637,0.552,455680000,3702400000,30.6162,
000869.SZ,张裕A,2003-05-26,3.1372,3.2143,3.1372,3.1923,634934,1.9842,464000000,3770000000,31.1752,
000869.SZ,张裕A,2003-05-27,3.1923,3.2099,3.1592,3.1989,142390,0.445,464960000,3777800000,31.2397,
000869.SZ,张裕A,2003-05-28,3.1923,3.2253,3.1769,3.2011,325128,1.016,465280000,3780400000,31.2612,
000869.SZ,张裕A,2003-05-29,3.1967,3.2957,3.1725,3.2693,488618,1.5269,475200000,3861000000,31.9277,
000869.SZ,张裕A,2003-05-30,3.2693,3.3464,3.2495,3.3068,682028,2.1313,480640000,3905200000,32.2932,
000869.SZ,张裕A,2003-06-02,3.342,3.3552,3.2979,3.3266,464577,1.4518,483520000,3928600000,32.4867,
000869.SZ,张裕A,2003-06-03,3.331,3.331,3.2583,3.2649,412850,1.2902,474560000,3855800000,31.8847,
000869.SZ,张裕A,2003-06-04,3.2385,3.3244,3.2385,3.3023,257338,0.8042,480000000,3900000000,32.2502,
000869.SZ,张裕A,2003-06-05,3.3023,3.3288,3.2495,3.2605,217843,0.6808,473920000,3850600000,31.8417,
000869.SZ,张裕A,2003-06-06,3.2659,3.2659,3.1856,3.1989,232960,0.6067,458880000,3728400000,30.8312,
000869.SZ,张裕A,2003-06-09,3.1829,3.1856,3.1186,3.1347,125971,0.328,449664000,3653520000,30.212,
000869.SZ,张裕A,2003-06-10,3.132,3.1802,3.132,3.1454,57924,0.1508,451200000,3666000000,30.3152,
000869.SZ,张裕A,2003-06-11,3.1534,3.223,3.1427,3.2177,147287,0.3836,461568000,3750240000,31.0118,
000869.SZ,张裕A,2003-06-12,3.2177,3.2177,3.1668,3.1909,87305,0.2274,457728000,3719040000,30.7538,
000869.SZ,张裕A,2003-06-13,3.1802,3.1989,3.1588,3.1963,89993,0.2344,458496000,3725280000,30.8054,
000869.SZ,张裕A,2003-06-16,3.2123,3.2123,3.1668,3.1882,59553,0.1551,457344000,3715920000,30.728,
000869.SZ,张裕A,2003-06-17,3.1695,3.1989,3.1508,3.1588,109275,0.2846,453120000,3681600000,30.4442,
000869.SZ,张裕A,2003-06-18,3.1588,3.1749,3.1454,3.1534,65233,0.1699,452352000,3675360000,30.3926,
000869.SZ,张裕A,2003-06-19,3.1534,3.1695,3.1213,3.1427,107580,0.2802,450816000,3662880000,30.2894,
000869.SZ,张裕A,2003-06-20,3.132,3.1401,3.1213,3.1267,60844,0.1584,448512000,3644160000,30.1346,
000869.SZ,张裕A,2003-06-23,3.1213,3.132,3.0945,3.0999,77168,0.201,444672000,3612960000,29.8766,
000869.SZ,张裕A,2003-06-24,3.0919,3.1053,3.0892,3.1053,91074,0.2372,445440000,3619200000,29.9282,
000869.SZ,张裕A,2003-06-25,3.1026,3.1588,3.1026,3.1186,122179,0.3182,447360000,3634800000,30.0572,
000869.SZ,张裕A,2003-06-26,3.1186,3.1401,3.0597,3.0972,108890,0.2836,444288000,3609840000,29.8508,
000869.SZ,张裕A,2003-06-27,3.0972,3.0972,3.0544,3.0678,100633,0.2621,440064000,3575520000,29.567,
000869.SZ,张裕A,2003-06-30,3.1053,3.116,3.0303,3.041,83146,0.2165,436224000,3544320000,29.309,
000869.SZ,张裕A,2003-07-01,3.0464,3.0571,3.0276,3.049,128480,0.3346,437376000,3553680000,29.3864,
000869.SZ,张裕A,2003-07-02,3.0731,3.0731,2.9768,2.9955,140802,0.3667,429696000,3491280000,28.8704,
000869.SZ,张裕A,2003-07-03,2.9955,2.9982,2.942,2.9446,403240,1.0501,422400000,3432000000,28.3802,
000869.SZ,张裕A,2003-07-04,2.9446,2.9848,2.9232,2.9446,460460,1.1991,422400000,3432000000,28.3802,
000869.SZ,张裕A,2003-07-07,2.9553,2.9821,2.9313,2.9821,596534,1.5535,427776000,3475680000,28.7414,
000869.SZ,张裕A,2003-07-08,2.9901,2.9982,2.958,2.9714,403215,1.05,426240000,3463200000,28.6382,
000869.SZ,张裕A,2003-07-09,2.9714,2.9875,2.9339,2.9393,159620,0.4157,421632000,3425760000,28.3286,
000869.SZ,张裕A,2003-07-10,2.9313,3.0249,2.9313,2.9901,734527,1.9128,428928000,3485040000,28.8188,
000869.SZ,张裕A,2003-07-11,2.9794,2.9982,2.9634,2.9768,173680,0.4523,427008000,3469440000,28.6898,
000869.SZ,张裕A,2003-07-14,2.958,3.0116,2.958,3.0009,157805,0.411,430464000,3497520000,28.922,
000869.SZ,张裕A,2003-07-15,2.9955,3.0571,2.9714,3.0276,293221,0.7636,434304000,3528720000,29.18,
000869.SZ,张裕A,2003-07-16,3.0196,3.0437,3.0062,3.0196,113988,0.2968,433152000,3519360000,29.1026,
000869.SZ,张裕A,2003-07-17,3.0142,3.0383,3.0062,3.0383,189130,0.4925,435840000,3541200000,29.2832,
000869.SZ,张裕A,2003-07-18,3.0571,3.0571,2.9366,2.9446,218180,0.5682,422400000,3432000000,28.3802,
000869.SZ,张裕A,2003-07-21,2.9179,2.9446,2.8188,2.8563,215869,0.5622,409728000,3329040000,27.5288,
000869.SZ,张裕A,2003-07-22,2.8857,2.9393,2.8376,2.859,176050,0.4585,410112000,3332160000,27.5546,
000869.SZ,张裕A,2003-07-23,2.859,2.8777,2.8509,2.867,75830,0.1975,411264000,3341520000,27.632,
000869.SZ,张裕A,2003-07-24,2.9045,2.9045,2.8215,2.8322,141245,0.3678,406272000,3300960000,27.2966,
000869.SZ,张裕A,2003-07-25,2.8295,2.8509,2.7546,2.7573,145440,0.3788,395520000,3213600000,26.5742,
000869.SZ,张裕A,2003-07-28,2.7573,2.7573,2.7037,2.7171,119540,0.3113,389760000,3166800000,26.1872,
000869.SZ,张裕A,2003-07-29,2.7144,2.7305,2.7091,2.7305,74915,0.1951,391680000,3182400000,26.3162,
000869.SZ,张裕A,2003-07-30,2.7171,2.7412,2.7171,2.7225,68560,0.1785,390528000,3173040000,26.2388,
000869.SZ,张裕A,2003-07-31,2.7144,2.7706,2.7144,2.7706,111556,0.2905,397440000,3229200000,26.7032,
000869.SZ,张裕A,2003-08-01,2.7706,2.7706,2.7037,2.7305,99409,0.2589,391680000,3182400000,26.3162,
000869.SZ,张裕A,2003-08-04,2.7546,2.7947,2.7332,2.7787,125800,0.3276,398592000,3238560000,26.7806,
000869.SZ,张裕A,2003-08-05,2.784,2.7921,2.7573,2.7626,60440,0.1574,396288000,3219840000,26.6258,
000869.SZ,张裕A,2003-08-06,2.7519,2.776,2.7519,2.7706,56590,0.1474,397440000,3229200000,26.7032,
000869.SZ,张裕A,2003-08-07,2.7787,2.7787,2.7573,2.7599,42260,0.1101,395904000,3216720000,26.6,
000869.SZ,张裕A,2003-08-08,2.7787,2.7787,2.7198,2.7332,72300,0.1883,392064000,3185520000,26.342,
000869.SZ,张裕A,2003-08-11,2.7198,2.7305,2.6823,2.7278,89429,0.2329,391296000,3179280000,26.2903,
000869.SZ,张裕A,2003-08-12,2.7305,2.7626,2.7037,2.7385,82260,0.2142,392832000,3191760000,26.3936,
000869.SZ,张裕A,2003-08-13,2.7706,2.8081,2.7251,2.7385,78980,0.2057,392832000,3191760000,26.3936,
000869.SZ,张裕A,2003-08-14,2.7439,2.7573,2.7037,2.7278,69900,0.182,391296000,3179280000,26.2903,
000869.SZ,张裕A,2003-08-15,2.7278,2.7573,2.7037,2.7225,50880,0.1325,390528000,3173040000,26.2388,
000869.SZ,张裕A,2003-08-18,2.7305,2.7599,2.7198,2.7573,130475,0.3398,395520000,3213600000,26.5742,
000869.SZ,张裕A,2003-08-19,2.7573,2.7653,2.7332,2.7492,82080,0.2137,394368000,3204240000,27.0542,
000869.SZ,张裕A,2003-08-20,2.7439,2.7439,2.701,2.7251,121660,0.3168,390912000,3176160000,26.8171,
000869.SZ,张裕A,2003-08-21,2.7037,2.7385,2.7037,2.7171,45899,0.1195,389760000,3166800000,26.7381,
000869.SZ,张裕A,2003-08-22,2.7305,2.7385,2.7117,2.7171,68100,0.1773,389760000,3166800000,26.7381,
000869.SZ,张裕A,2003-08-25,2.7171,2.7171,2.6823,2.6877,30210,0.0787,385536000,3132480000,26.4483,
000869.SZ,张裕A,2003-08-26,2.685,2.685,2.6368,2.6395,96760,0.252,378624000,3076320000,25.9741,
000869.SZ,张裕A,2003-08-27,2.6395,2.6448,2.5966,2.6368,82370,0.2145,378240000,3073200000,25.9478,
000869.SZ,张裕A,2003-08-28,2.6368,2.6368,2.6368,2.6368,--,--,378240000,3073200000,25.9478,
000869.SZ,张裕A,2003-08-29,2.6261,2.7251,2.6261,2.7117,334599,0.8714,388992000,3160560000,26.6854,
000869.SZ,张裕A,2003-09-01,2.8242,2.8242,2.7117,2.7519,158543,0.4129,394752000,3207360000,27.0805,
000869.SZ,张裕A,2003-09-02,2.7573,2.7573,2.7117,2.7358,130201,0.3391,392448000,3188640000,26.9225,
000869.SZ,张裕A,2003-09-03,2.7412,2.776,2.7412,2.7706,155729,0.4055,397440000,3229200000,27.2649,
000869.SZ,张裕A,2003-09-04,2.7706,2.776,2.7465,2.7626,129793,0.338,396288000,3219840000,27.1859,
000869.SZ,张裕A,2003-09-05,2.7626,2.768,2.7332,2.7626,112644,0.2933,396288000,3219840000,27.1859,
000869.SZ,张裕A,2003-09-08,2.7546,2.776,2.7439,2.768,84260,0.2194,397056000,3226080000,27.2386,
000869.SZ,张裕A,2003-09-09,2.776,2.776,2.7278,2.7439,45430,0.1183,393600000,3198000000,27.0015,
000869.SZ,张裕A,2003-09-10,2.7171,2.7465,2.6903,2.7465,59490,0.1549,393984000,3201120000,27.0278,
000869.SZ,张裕A,2003-09-11,2.7332,2.7332,2.6957,2.701,23880,0.0622,387456000,3148080000,26.58,
000869.SZ,张裕A,2003-09-12,2.693,2.7037,2.6769,2.685,68770,0.1791,385152000,3129360000,26.422,
000869.SZ,张裕A,2003-09-15,2.6716,2.6984,2.6368,2.6421,36580,0.0953,379008000,3079440000,26.0005,
000869.SZ,张裕A,2003-09-16,2.6475,2.6716,2.6475,2.6555,47000,0.1224,380928000,3095040000,26.1322,
000869.SZ,张裕A,2003-09-17,2.6582,2.6582,2.6207,2.6314,41356,0.1077,377472000,3066960000,25.8951,
000869.SZ,张裕A,2003-09-18,2.6234,2.6261,2.602,2.6154,60893,0.1586,375168000,3048240000,25.737,
000869.SZ,张裕A,2003-09-19,2.6582,2.6609,2.594,2.6154,97688,0.2544,375168000,3048240000,25.737,
000869.SZ,张裕A,2003-09-22,2.6127,2.6341,2.5966,2.5993,67920,0.1769,372864000,3029520000,25.579,
000869.SZ,张裕A,2003-09-23,2.5993,2.6207,2.5833,2.6047,34246,0.0892,373632000,3035760000,25.6317,
000869.SZ,张裕A,2003-09-24,2.6047,2.6047,2.6047,2.6047,--,--,373632000,3035760000,25.6317,
000869.SZ,张裕A,2003-09-25,2.61,2.6448,2.602,2.6127,47575,0.1239,374784000,3045120000,25.7107,
000869.SZ,张裕A,2003-09-26,2.6127,2.6127,2.5859,2.5859,33200,0.0865,370944000,3013920000,25.4473,
000869.SZ,张裕A,2003-09-29,2.5699,2.5699,2.5029,2.519,80733,0.2102,361344000,2935920000,24.7887,
000869.SZ,张裕A,2003-09-30,2.511,2.5324,2.4762,2.5324,44020,0.1146,363264000,2951520000,24.9204,
000869.SZ,张裕A,2003-10-08,2.5163,2.5163,2.4655,2.5163,46806,0.1219,360960000,2932800000,24.7624,
000869.SZ,张裕A,2003-10-09,2.5163,2.5297,2.4896,2.4949,53070,0.1382,357888000,2907840000,24.5516,
000869.SZ,张裕A,2003-10-10,2.5163,2.5913,2.5003,2.5672,69525,0.1811,368256000,2992080000,25.2629,
000869.SZ,张裕A,2003-10-13,2.5699,2.6448,2.5699,2.5859,82280,0.2143,370944000,3013920000,25.4473,
000869.SZ,张裕A,2003-10-14,2.5725,2.602,2.5725,2.5859,58395,0.1521,370944000,3013920000,25.4473,
000869.SZ,张裕A,2003-10-15,2.61,2.6234,2.5806,2.5886,61440,0.16,371328000,3017040000,25.4736,
000869.SZ,张裕A,2003-10-16,2.5752,2.5833,2.5431,2.5538,77421,0.2016,366336000,2976480000,25.1312,
000869.SZ,张裕A,2003-10-17,2.5404,2.5565,2.5351,2.5565,30920,0.0805,366720000,2979600000,25.1575,
000869.SZ,张裕A,2003-10-20,2.5351,2.5431,2.5137,2.5351,31211,0.0813,363648000,2954640000,24.9468,
000869.SZ,张裕A,2003-10-21,2.5217,2.5217,2.5029,2.5137,25949,0.0676,360576000,2929680000,24.736,
000869.SZ,张裕A,2003-10-22,2.5699,2.5993,2.5083,2.5966,105722,0.2753,372480000,3026400000,25.5526,
000869.SZ,张裕A,2003-10-23,2.6154,2.6314,2.5699,2.5779,101958,0.2655,369792000,3004560000,25.3682,
000869.SZ,张裕A,2003-10-24,2.5833,2.61,2.5458,2.5779,35380,0.0921,369792000,3004560000,25.3682,
000869.SZ,张裕A,2003-10-27,2.5779,2.594,2.5351,2.5351,47420,0.1235,363648000,2954640000,24.9468,
000869.SZ,张裕A,2003-10-28,2.5324,2.6127,2.5297,2.5993,150220,0.3912,372864000,3029520000,25.579,
000869.SZ,张裕A,2003-10-29,2.6368,2.6823,2.5966,2.6743,431650,1.1241,383616000,3116880000,21.9598,
000869.SZ,张裕A,2003-10-30,2.6555,2.6984,2.6555,2.6984,283394,0.738,387072000,3144960000,22.1576,
000869.SZ,张裕A,2003-10-31,2.685,2.784,2.6769,2.7813,350164,0.9119,398976000,3241680000,22.839,
000869.SZ,张裕A,2003-11-03,2.784,2.8242,2.7305,2.8135,422434,1.1001,403584000,3279120000,23.1028,
000869.SZ,张裕A,2003-11-04,2.7974,2.9098,2.7787,2.8509,554129,1.443,408960000,3322800000,23.4106,
000869.SZ,张裕A,2003-11-05,2.8376,2.9045,2.8376,2.8643,622067,1.62,410880000,3338400000,23.5205,
000869.SZ,张裕A,2003-11-06,2.8777,3.0196,2.8724,2.9714,1171663,3.0512,426240000,3463200000,24.3998,
000869.SZ,张裕A,2003-11-07,2.958,2.9928,2.8563,2.8643,640538,1.6681,410880000,3338400000,23.5205,
000869.SZ,张裕A,2003-11-10,2.8911,2.9072,2.8429,2.9072,274332,0.7144,417024000,3388320000,23.8722,
000869.SZ,张裕A,2003-11-11,2.9072,2.9446,2.8884,2.9393,157322,0.4097,421632000,3425760000,24.136,
000869.SZ,张裕A,2003-11-12,2.9313,2.9313,2.8643,2.8724,190189,0.4953,412032000,3347760000,23.5864,
000869.SZ,张裕A,2003-11-13,2.8563,2.8697,2.8376,2.8643,191346,0.4983,410880000,3338400000,23.5205,
000869.SZ,张裕A,2003-11-14,2.8429,2.8831,2.8402,2.8643,98772,0.2572,410880000,3338400000,23.5205,
000869.SZ,张裕A,2003-11-17,2.8857,2.9179,2.8643,2.8965,59834,0.1558,415488000,3375840000,23.7843,
000869.SZ,张裕A,2003-11-18,2.8938,2.8938,2.859,2.8643,135720,0.3534,410880000,3338400000,23.5205,
000869.SZ,张裕A,2003-11-19,2.8215,2.9072,2.8215,2.8643,153340,0.3993,410880000,3338400000,23.5205,
000869.SZ,张裕A,2003-11-20,2.8643,2.9393,2.8509,2.9098,191185,0.4979,417408000,3391440000,23.8942,
000869.SZ,张裕A,2003-11-21,2.9179,2.9339,2.8643,2.8911,173120,0.4508,414720000,3369600000,23.7403,
000869.SZ,张裕A,2003-11-24,2.8911,2.9393,2.8563,2.9125,180268,0.4694,417792000,3394560000,23.9162,
000869.SZ,张裕A,2003-11-25,2.9232,3.0758,2.8911,3.0196,462999,1.2057,433152000,3519360000,24.7954,
000869.SZ,张裕A,2003-11-26,3.0196,3.0383,2.9794,2.9955,176029,0.4584,429696000,3491280000,24.5976,
000869.SZ,张裕A,2003-11-27,2.9982,3.0142,2.9179,2.9205,154510,0.4024,418944000,3403920000,23.9821,
000869.SZ,张裕A,2003-11-28,2.9205,2.9446,2.9125,2.9366,68814,0.1792,421248000,3422640000,24.114,
000869.SZ,张裕A,2003-12-01,2.9366,2.9821,2.9205,2.9687,154986,0.4036,425856000,3460080000,24.3778,
000869.SZ,张裕A,2003-12-02,2.9661,3.0062,2.9313,2.9901,212127,0.5524,428928000,3485040000,24.5536,
000869.SZ,张裕A,2003-12-03,3.0116,3.0276,2.9473,3.0116,237332,0.6181,432000000,3510000000,24.7295,
000869.SZ,张裕A,2003-12-04,3.0116,3.0464,2.9875,3.0276,192246,0.5006,434304000,3528720000,24.8614,
000869.SZ,张裕A,2003-12-05,3.0249,3.0383,2.9848,3.0303,55474,0.1445,434688000,3531840000,24.8834,
000869.SZ,张裕A,2003-12-08,3.0276,3.033,2.9259,2.9313,195100,0.5081,420480000,3416400000,24.07,
000869.SZ,张裕A,2003-12-09,2.9313,2.958,2.9125,2.9339,84040,0.2189,420864000,3419520000,24.092,
000869.SZ,张裕A,2003-12-10,2.9179,2.9928,2.9179,2.9607,90700,0.2362,424704000,3450720000,24.3118,
000869.SZ,张裕A,2003-12-11,2.9607,2.9982,2.9607,2.9982,207809,0.5412,430080000,3494400000,24.6196,
000869.SZ,张裕A,2003-12-12,2.9982,2.9982,2.9446,2.95,67069,0.1747,423168000,3438240000,24.2239,
000869.SZ,张裕A,2003-12-15,2.9446,2.9634,2.9446,2.9473,21040,0.0548,422784000,3435120000,24.2019,
000869.SZ,张裕A,2003-12-16,2.9179,2.9473,2.9125,2.9179,70694,0.1841,418560000,3400800000,23.9601,
000869.SZ,张裕A,2003-12-17,2.9179,2.9259,2.8804,2.8938,112560,0.2931,415104000,3372720000,23.7623,
000869.SZ,张裕A,2003-12-18,2.8911,2.8911,2.8429,2.867,109500,0.2852,411264000,3341520000,23.5425,
000869.SZ,张裕A,2003-12-19,2.867,2.8911,2.8429,2.8456,161291,0.42,408192000,3316560000,23.3666,
000869.SZ,张裕A,2003-12-22,2.7974,2.8643,2.6796,2.8135,226627,0.5902,403584000,3279120000,23.1028,
000869.SZ,张裕A,2003-12-23,2.8376,2.8804,2.8188,2.8697,161796,0.4213,411648000,3344640000,23.5644,
000869.SZ,张裕A,2003-12-24,2.9018,2.9232,2.859,2.9205,224559,0.5848,418944000,3403920000,23.9821,
000869.SZ,张裕A,2003-12-25,2.9232,3.0062,2.9232,2.9982,246036,0.6407,430080000,3494400000,24.6196,
000869.SZ,张裕A,2003-12-26,2.9901,3.0249,2.9848,3.0142,191669,0.4991,432384000,3513120000,24.7515,
000869.SZ,张裕A,2003-12-29,3.0116,3.0142,2.958,2.9687,145260,0.3783,425856000,3460080000,24.3778,
000869.SZ,张裕A,2003-12-30,2.9687,3.041,2.958,3.0357,414880,1.0804,435456000,3538080000,24.9273,
000869.SZ,张裕A,2003-12-31,3.0383,3.0758,2.9848,3.0249,373199,0.9719,433920000,3525600000,24.8394,
000869.SZ,张裕A,2004-01-02,3.0249,3.0705,3.0116,3.0624,339464,0.884,439296000,3569280000,25.1471,
000869.SZ,张裕A,2004-01-05,3.0651,3.2525,3.0357,3.223,698306,1.8185,462336000,3756480000,26.466,
000869.SZ,张裕A,2004-01-06,3.223,3.3462,3.1856,3.3382,594446,1.548,478848000,3890640000,27.4113,
000869.SZ,张裕A,2004-01-07,3.4238,3.4238,3.2926,3.3783,776760,2.0228,484608000,3937440000,27.741,
000869.SZ,张裕A,2004-01-08,3.3382,3.48,3.2123,3.3917,1326070,3.4533,486528000,3953040000,27.8509,
000869.SZ,张裕A,2004-01-09,3.3489,3.3596,3.2525,3.2793,249350,0.6493,470400000,3822000000,26.9277,
000869.SZ,张裕A,2004-01-12,3.2766,3.3408,3.2016,3.3194,302295,0.7872,476160000,3868800000,27.2574,
000869.SZ,张裕A,2004-01-13,3.3167,3.3382,3.2552,3.3328,154103,0.4013,478080000,3884400000,27.3673,
000869.SZ,张裕A,2004-01-14,3.2819,3.29,3.2525,3.2659,60721,0.1581,468480000,3806400000,26.8177,
000869.SZ,张裕A,2004-01-15,3.2793,3.2793,3.207,3.2525,132175,0.3442,466560000,3790800000,26.7078,
000869.SZ,张裕A,2004-01-16,3.2873,3.3141,3.2257,3.3114,133749,0.3483,475008000,3859440000,27.1914,
000869.SZ,张裕A,2004-01-29,3.3114,3.3114,3.2391,3.2926,66349,0.1728,472320000,3837600000,27.0376,
000869.SZ,张裕A,2004-01-30,3.2926,3.3141,3.2123,3.2284,143467,0.3736,463104000,3762720000,26.51,
000869.SZ,张裕A,2004-02-02,3.2659,3.3114,3.1856,3.2632,278058,0.7241,468096000,3803280000,26.7958,
000869.SZ,张裕A,2004-02-03,3.2123,3.2605,3.1909,3.2338,93220,0.2428,463872000,3768960000,26.554,
000869.SZ,张裕A,2004-02-04,3.2525,3.3863,3.2177,3.373,621317,1.618,483840000,3931200000,27.697,
000869.SZ,张裕A,2004-02-05,3.3515,3.555,3.3489,3.5255,872191,2.2713,505728000,4109040000,28.95,
000869.SZ,张裕A,2004-02-06,3.555,3.555,3.4399,3.4533,223140,0.5811,495360000,4024800000,28.3565,
000869.SZ,张裕A,2004-02-09,3.4533,3.4961,3.4292,3.48,156921,0.4086,499200000,4056000000,28.5763,
000869.SZ,张裕A,2004-02-10,3.48,3.5068,3.4131,3.4345,251430,0.6548,492672000,4002960000,28.2026,
000869.SZ,张裕A,2004-02-11,3.4265,3.4265,3.3783,3.3997,209489,0.5455,487680000,3962400000,27.9168,
000869.SZ,张裕A,2004-02-12,3.3944,3.4666,3.3489,3.4372,126089,0.3284,493056000,4006080000,28.2246,
000869.SZ,张裕A,2004-02-13,3.4372,3.5068,3.4024,3.4613,211148,0.5499,496512000,4034160000,28.4224,
000869.SZ,张裕A,2004-02-16,3.4613,3.6273,3.4265,3.6139,663093,1.7268,518400000,4212000000,29.6754,
000869.SZ,张裕A,2004-02-17,3.6139,3.6514,3.563,3.5791,190815,0.4969,513408000,4171440000,29.3896,
000869.SZ,张裕A,2004-02-18,3.5871,3.6192,3.5871,3.5925,246935,0.6431,515328000,4187040000,29.4995,
000869.SZ,张裕A,2004-02-19,3.5737,3.654,3.5737,3.6273,320688,0.8351,520320000,4227600000,29.7853,
000869.SZ,张裕A,2004-02-20,3.6273,3.6406,3.5737,3.6139,351760,0.916,518400000,4212000000,29.6754,
000869.SZ,张裕A,2004-02-23,3.5737,3.6085,3.5068,3.5255,314739,0.8196,505728000,4109040000,28.95,
000869.SZ,张裕A,2004-02-24,3.5068,3.5229,3.48,3.5122,372976,0.9713,503808000,4093440000,28.8401,
000869.SZ,张裕A,2004-02-25,3.5122,3.5336,3.4292,3.4318,279630,0.7282,492288000,3999840000,28.1806,
000869.SZ,张裕A,2004-02-26,3.4265,3.4666,3.3997,3.4399,178148,0.4639,493440000,4009200000,28.2466,
000869.SZ,张裕A,2004-02-27,3.3997,3.5122,3.3997,3.4265,245500,0.6393,491520000,3993600000,28.1367,
000869.SZ,张裕A,2004-03-01,3.4265,3.4881,3.3917,3.4881,117648,0.3064,500352000,4065360000,28.6422,
000869.SZ,张裕A,2004-03-02,3.4613,3.5095,3.4533,3.4666,72941,0.19,497280000,4040400000,28.4664,
000869.SZ,张裕A,2004-03-03,3.4265,3.4934,3.4265,3.4586,214560,0.5587,496128000,4031040000,28.4004,
000869.SZ,张裕A,2004-03-04,3.4185,3.555,3.4185,3.555,141321,0.368,509952000,4143360000,29.1918,
000869.SZ,张裕A,2004-03-05,3.555,3.555,3.4533,3.4881,68240,0.1777,500352000,4065360000,28.6422,
000869.SZ,张裕A,2004-03-08,3.5014,3.5014,3.4131,3.4265,115471,0.3007,491520000,3993600000,28.1367,
000869.SZ,张裕A,2004-03-09,3.4265,3.4613,3.3676,3.3676,174200,0.4536,483072000,3924960000,27.6531,
000869.SZ,张裕A,2004-03-10,3.3462,3.3917,3.3382,3.3676,301923,0.7863,483072000,3924960000,27.6531,
000869.SZ,张裕A,2004-03-11,3.373,3.4292,3.3703,3.4104,202460,0.5272,489216000,3974880000,28.0048,
000869.SZ,张裕A,2004-03-12,3.3997,3.4426,3.3997,3.4372,188834,0.4918,493056000,4006080000,28.2246,
000869.SZ,张裕A,2004-03-15,3.4238,3.48,3.4104,3.464,110053,0.2866,496896000,4037280000,28.4444,
000869.SZ,张裕A,2004-03-16,3.48,3.5603,3.4452,3.5577,351920,0.9165,510336000,4146480000,29.2138,
000869.SZ,张裕A,2004-03-17,3.4854,3.5951,3.4854,3.5871,290870,0.7575,514560000,4180800000,29.4556,
000869.SZ,张裕A,2004-03-18,3.5978,3.6112,3.5282,3.5443,223732,0.5826,508416000,4130880000,29.1039,
000869.SZ,张裕A,2004-03-19,3.4854,3.6139,3.4854,3.5844,250002,0.651,514176000,4177680000,29.4336,
000869.SZ,张裕A,2004-03-22,3.5577,3.6514,3.547,3.6326,528247,1.3756,521088000,4233840000,29.8292,
000869.SZ,张裕A,2004-03-23,3.6139,3.646,3.6139,3.6406,196070,0.5106,522240000,4243200000,29.8952,
000869.SZ,张裕A,2004-03-24,3.6353,3.6808,3.6353,3.6754,420840,1.0959,527232000,4283760000,30.181,
000869.SZ,张裕A,2004-03-25,3.6406,3.7022,3.6406,3.6674,181513,0.4727,526080000,4274400000,30.115,
000869.SZ,张裕A,2004-03-26,3.6674,3.7076,3.6139,3.6621,265400,0.6911,525312000,4268160000,30.071,
000869.SZ,张裕A,2004-03-29,3.5336,3.6674,3.5336,3.6166,73840,0.1923,518784000,4215120000,29.6974,
000869.SZ,张裕A,2004-03-30,3.6139,3.6219,3.5764,3.6219,131322,0.342,519552000,4221360000,29.7413,
000869.SZ,张裕A,2004-03-31,3.6808,3.6942,3.6273,3.6353,164409,0.4281,521472000,4236960000,29.8512,
000869.SZ,张裕A,2004-04-01,3.6406,3.8227,3.638,3.7959,621463,1.6184,544512000,4424160000,31.1701,
000869.SZ,张裕A,2004-04-02,3.7959,3.828,3.7691,3.8173,334247,0.8704,547584000,4449120000,31.346,
000869.SZ,张裕A,2004-04-05,3.8093,3.8548,3.8013,3.812,183374,0.4775,546816000,4442880000,31.302,
000869.SZ,张裕A,2004-04-06,3.8414,3.8441,3.8013,3.8173,161390,0.4203,547584000,4449120000,31.346,
000869.SZ,张裕A,2004-04-07,3.8548,3.9083,3.82,3.9057,474560,1.2358,560256000,4552080000,32.0714,
000869.SZ,张裕A,2004-04-08,3.9057,3.9057,3.8334,3.8682,287361,0.7483,554880000,4508400000,31.7636,
000869.SZ,张裕A,2004-04-09,3.8682,3.8682,3.729,3.7504,221298,0.5763,537984000,4371120000,30.7964,
000869.SZ,张裕A,2004-04-12,3.721,3.828,3.6942,3.8013,226862,0.5908,545280000,4430400000,31.2141,
000869.SZ,张裕A,2004-04-13,3.8816,3.9298,3.7129,3.745,334000,0.8698,537216000,4364880000,28.858,
000869.SZ,张裕A,2004-04-14,3.7076,3.82,3.6567,3.6915,237863,0.6194,529536000,4302480000,28.4454,
000869.SZ,张裕A,2004-04-15,3.6808,3.7076,3.6674,3.6781,138026,0.3594,527616000,4286880000,28.3423,
000869.SZ,张裕A,2004-04-16,3.7343,3.7343,3.646,3.7236,103560,0.2697,534144000,4339920000,28.693,
000869.SZ,张裕A,2004-04-19,3.6808,3.7477,3.6808,3.7424,80889,0.2106,536832000,4361760000,28.8374,
000869.SZ,张裕A,2004-04-20,3.721,3.7236,3.6942,3.7183,230700,0.6008,533376000,4333680000,28.6517,
000869.SZ,张裕A,2004-04-21,3.7183,3.745,3.6969,3.721,168270,0.4382,533760000,4336800000,28.6723,
000869.SZ,张裕A,2004-04-22,3.7263,3.8548,3.7263,3.8173,530999,1.3828,547584000,4449120000,29.4149,
000869.SZ,张裕A,2004-04-23,3.812,3.8682,3.7611,3.8468,326195,0.8495,551808000,4483440000,29.6418,
000869.SZ,张裕A,2004-04-26,3.8468,4.0101,3.8468,3.9512,686193,1.787,566784000,4605120000,27.6145,
000869.SZ,张裕A,2004-04-27,3.9619,4.0288,3.9351,4.0101,1211167,3.1541,575232000,4673760000,28.0261,
000869.SZ,张裕A,2004-04-28,4.0234,4.0234,3.9244,3.9967,300305,0.782,573312000,4658160000,27.9325,
000869.SZ,张裕A,2004-04-29,3.9431,3.9886,3.8655,3.911,512014,1.3334,561024000,4558320000,27.3338,
000869.SZ,张裕A,2004-04-30,3.9083,4.002,3.8682,3.9833,233258,0.6074,571392000,4642560000,27.839,
000869.SZ,张裕A,2004-05-10,3.9886,4.069,3.9083,3.9913,588760,1.5332,572544000,4651920000,27.8951,
000869.SZ,张裕A,2004-05-11,3.9886,4.0368,3.9217,3.9538,601500,1.5664,567168000,4608240000,27.6332,
000869.SZ,张裕A,2004-05-12,3.9351,3.9779,3.8494,3.9217,450762,1.1739,562560000,4570800000,27.4087,
000869.SZ,张裕A,2004-05-13,3.9217,4.002,3.895,3.9806,231143,0.6019,571008000,4639440000,27.8203,
000869.SZ,张裕A,2004-05-14,3.9833,3.9886,3.8816,3.9458,295249,0.7689,566016000,4598880000,27.5771,
000869.SZ,张裕A,2004-05-17,3.9298,3.9298,3.8334,3.8334,149142,0.3884,549888000,4467840000,26.7913,
000869.SZ,张裕A,2004-05-18,3.8146,3.8548,3.6299,3.828,337718,0.8795,549120000,4461600000,26.7539,
000869.SZ,张裕A,2004-05-19,3.828,3.8521,3.7477,3.8254,165190,0.4302,548736000,4458480000,26.7352,
000869.SZ,张裕A,2004-05-20,3.8494,3.8494,3.7611,3.7879,82460,0.2147,543360000,4414800000,26.4732,
000869.SZ,张裕A,2004-05-21,3.7879,3.7879,3.7879,3.7879,--,--,543360000,4414800000,26.4732,
000869.SZ,张裕A,2004-05-24,3.7745,3.8254,3.7745,3.7825,42500,0.1107,542592000,4408560000,26.4358,
000869.SZ,张裕A,2004-05-25,3.7772,3.8521,3.7504,3.8013,216000,0.5625,545280000,4430400000,26.5668,
000869.SZ,张裕A,2004-05-26,3.8013,3.8441,3.7879,3.8414,122322,0.3185,551040000,4477200000,26.8474,
000869.SZ,张裕A,2004-05-27,3.8414,3.9512,3.8414,3.9485,124018,0.323,566400000,4602000000,27.5958,
000869.SZ,张裕A,2004-05-28,3.9485,3.9485,3.8575,3.911,112540,0.2931,561024000,4558320000,27.3338,
000869.SZ,张裕A,2004-05-31,3.9083,3.9753,3.9083,3.9298,46160,0.1202,563712000,4580160000,27.4648,
000869.SZ,张裕A,2004-06-01,3.9485,4.0288,3.9351,3.9886,585704,1.5253,572160000,4648800000,27.8764,
000869.SZ,张裕A,2004-06-02,3.994,4.0208,3.9833,3.9886,136206,0.3547,572160000,4648800000,27.8764,
000869.SZ,张裕A,2004-06-03,3.9619,3.9886,3.8816,3.9565,184328,0.48,567552000,4611360000,27.6519,
000869.SZ,张裕A,2004-06-04,3.911,3.9619,3.828,3.9378,102135,0.266,564864000,4589520000,27.5209,
000869.SZ,张裕A,2004-06-07,3.9324,3.9405,3.8307,3.9057,89194,0.2323,560256000,4552080000,27.2964,
000869.SZ,张裕A,2004-06-08,3.8307,3.903,3.828,3.8387,111180,0.2895,550656000,4474080000,26.8287,
000869.SZ,张裕A,2004-06-09,3.7906,3.8735,3.721,3.7531,251500,0.6549,538368000,4374240000,26.23,
000869.SZ,张裕A,2004-06-10,3.7531,3.7745,3.6567,3.6754,506737,1.3196,527232000,4283760000,25.6874,
000869.SZ,张裕A,2004-06-11,3.686,3.714,3.6474,3.6684,120340,0.2411,522163200,4242576000,25.4405,
000869.SZ,张裕A,2004-06-14,3.6614,3.693,3.5246,3.686,249438,0.4997,524659200,4262856000,25.5621,
000869.SZ,张裕A,2004-06-15,3.686,3.7386,3.6509,3.7105,134429,0.2693,528153600,4291248000,25.7323,
000869.SZ,张裕A,2004-06-16,3.6825,3.8578,3.6825,3.8438,311586,0.6242,547123200,4445376000,26.6566,
000869.SZ,张裕A,2004-06-17,3.8227,3.8929,3.7947,3.8403,87747,0.1758,546624000,4441320000,26.6323,
000869.SZ,张裕A,2004-06-18,3.8438,3.8824,3.7,3.8017,252261,0.5053,541132800,4396704000,26.3647,
000869.SZ,张裕A,2004-06-21,3.7947,3.7947,3.6299,3.693,556618,1.115,525657600,4270968000,25.6107,
000869.SZ,张裕A,2004-06-22,3.6825,3.7175,3.6474,3.686,90413,0.1811,524659200,4262856000,25.5621,
000869.SZ,张裕A,2004-06-23,3.6649,3.714,3.6649,3.6825,132878,0.2662,524160000,4258800000,25.5378,
000869.SZ,张裕A,2004-06-24,3.6825,3.7175,3.6123,3.6123,98800,0.1979,514176000,4177680000,25.0513,
000869.SZ,张裕A,2004-06-25,3.5422,3.6474,3.5071,3.5562,99040,0.1984,506188800,4112784000,24.6622,
000869.SZ,张裕A,2004-06-28,3.5457,3.5527,3.4685,3.5387,135980,0.2724,503692800,4092504000,24.5406,
000869.SZ,张裕A,2004-06-29,3.6439,3.6439,3.5176,3.5597,50031,0.1002,506688000,4116840000,24.6865,
000869.SZ,张裕A,2004-06-30,3.5211,3.5772,3.5211,3.5352,19150,0.0384,503193600,4088448000,24.5163,
000869.SZ,张裕A,2004-07-01,3.6193,3.7456,3.5422,3.6825,98923,0.1982,524160000,4258800000,25.5378,
000869.SZ,张裕A,2004-07-02,3.5983,3.707,3.5983,3.679,45417,0.091,523660800,4254744000,25.5135,
000869.SZ,张裕A,2004-07-05,3.6825,3.7175,3.6474,3.6965,106774,0.2139,526156800,4275024000,25.6351,
000869.SZ,张裕A,2004-07-06,3.7105,3.8473,3.6754,3.7807,613629,1.2292,538137600,4372368000,26.2188,
000869.SZ,张裕A,2004-07-07,3.7842,3.7877,3.7526,3.7631,51114,0.1024,535641600,4352088000,26.0972,
000869.SZ,张裕A,2004-07-08,3.7807,3.8438,3.7526,3.8438,336782,0.6746,547123200,4445376000,26.6566,
000869.SZ,张裕A,2004-07-09,3.8403,3.8683,3.8227,3.8227,458889,0.9192,544128000,4421040000,26.5106,
000869.SZ,张裕A,2004-07-12,3.9139,3.9139,3.7701,3.7947,335502,0.6721,540134400,4388592000,26.3161,
000869.SZ,张裕A,2004-07-13,3.7596,3.8192,3.7386,3.7736,39577,0.0793,537139200,4364256000,26.1701,
000869.SZ,张裕A,2004-07-14,3.7877,3.8473,3.7807,3.8333,96660,0.1936,545625600,4433208000,26.5836,
000869.SZ,张裕A,2004-07-15,3.8578,3.9806,3.8578,3.9771,498912,0.9994,566092800,4599504000,27.5808,
000869.SZ,张裕A,2004-07-16,4.0262,4.0332,3.9771,4.0121,293473,0.5879,571084800,4640064000,27.824,
000869.SZ,张裕A,2004-07-19,4.0121,4.2436,3.963,4.2401,955340,1.9137,603532800,4903704000,29.4049,
000869.SZ,张裕A,2004-07-20,4.2261,4.2892,4.1384,4.2717,449253,0.8999,608025600,4940208000,29.6238,
000869.SZ,张裕A,2004-07-21,4.2681,4.2892,4.184,4.184,228970,0.4587,595545600,4838808000,29.0158,
000869.SZ,张裕A,2004-07-22,4.2401,4.2401,4.1454,4.1559,417541,0.8364,591552000,4806360000,28.8212,
000869.SZ,张裕A,2004-07-23,4.1208,4.1524,4.0542,4.1524,329106,0.6593,591052800,4802304000,28.7969,
000869.SZ,张裕A,2004-07-26,4.1559,4.2226,4.1384,4.177,151182,0.3028,594547200,4830696000,28.9671,
000869.SZ,张裕A,2004-07-27,4.177,4.2085,4.0858,4.1594,164084,0.3287,592051200,4810416000,28.8455,
000869.SZ,张裕A,2004-07-28,4.1594,4.1805,4.0858,4.1208,250895,0.5026,586560000,4765800000,28.578,
000869.SZ,张裕A,2004-07-29,4.1419,4.212,4.1384,4.191,218902,0.4385,596544000,4846920000,29.0644,
000869.SZ,张裕A,2004-07-30,4.177,4.2085,4.1629,4.1629,107734,0.2158,592550400,4814472000,28.8698,
000869.SZ,张裕A,2004-08-02,4.198,4.198,4.0928,4.1384,37212,0.0745,589056000,4786080000,28.6996,
000869.SZ,张裕A,2004-08-03,4.0963,4.1033,3.9315,3.9841,298684,0.5983,567091200,4607616000,27.6294,
000869.SZ,张裕A,2004-08-04,3.9806,4.1699,3.9806,4.0507,192024,0.3847,576576000,4684680000,28.0916,
000869.SZ,张裕A,2004-08-05,4.0682,4.0682,3.9841,3.9946,58690,0.1176,568588800,4619784000,27.7024,
000869.SZ,张裕A,2004-08-06,3.9981,3.9981,3.963,3.9665,51620,0.1034,564595200,4587336000,27.5078,
000869.SZ,张裕A,2004-08-09,3.9665,4.1033,3.9665,4.0507,453374,0.9082,576576000,4684680000,28.0916,
000869.SZ,张裕A,2004-08-10,4.0682,4.1138,4.0507,4.1033,236947,0.4747,584064000,4745520000,28.5652,
000869.SZ,张裕A,2004-08-11,4.0682,4.1033,4.0507,4.0542,124970,0.2503,577075200,4688736000,28.2234,
000869.SZ,张裕A,2004-08-12,4.0332,4.0542,3.8789,4.0156,176179,0.3529,571584000,4644120000,27.9548,
000869.SZ,张裕A,2004-08-13,3.9981,4.0507,3.9665,3.9841,45344,0.0908,567091200,4607616000,27.7351,
000869.SZ,张裕A,2004-08-16,3.9455,3.9981,3.9209,3.928,207526,0.4157,559104000,4542720000,27.3444,
000869.SZ,张裕A,2004-08-17,3.928,3.9946,3.8578,3.963,135301,0.271,564096000,4583280000,27.5886,
000869.SZ,张裕A,2004-08-18,3.9034,4.0262,3.8929,3.9911,265582,0.532,568089600,4615728000,27.7839,
000869.SZ,张裕A,2004-08-19,3.9911,4.0332,3.9876,4.0156,74644,0.1495,571584000,4644120000,27.9548,
000869.SZ,张裕A,2004-08-20,4.0262,4.0858,4.0262,4.0402,199073,0.3988,575078400,4672512000,28.1257,
000869.SZ,张裕A,2004-08-23,4.0332,4.0507,3.9981,4.0332,172344,0.3452,574080000,4664400000,28.0769,
000869.SZ,张裕A,2004-08-24,4.0332,4.0682,4.0332,4.0612,47560,0.0953,578073600,4696848000,28.2722,
000869.SZ,张裕A,2004-08-25,4.0367,4.0542,4.0332,4.0332,120903,0.2422,574080000,4664400000,28.0769,
000869.SZ,张裕A,2004-08-26,4.0332,4.0647,4.0332,4.0647,59449,0.1191,578572800,4700904000,28.2966,
000869.SZ,张裕A,2004-08-27,3.942,4.0542,3.942,3.9911,69236,0.1387,568089600,4615728000,27.7839,
000869.SZ,张裕A,2004-08-30,3.9911,3.9911,3.9595,3.9595,33500,0.0671,563596800,4579224000,27.5642,
000869.SZ,张裕A,2004-08-31,3.9946,4.0332,3.9455,3.9455,98892,0.1981,561600000,4563000000,27.4665,
000869.SZ,张裕A,2004-09-01,3.9455,3.9455,3.8999,3.9069,56036,0.1123,556108800,4518384000,27.1979,
000869.SZ,张裕A,2004-09-02,3.8718,4.0262,3.8227,4.0016,254231,0.5093,569587200,4627896000,27.8571,
000869.SZ,张裕A,2004-09-03,3.9981,4.0262,3.8999,4.0262,27414,0.0549,573081600,4656288000,28.028,
000869.SZ,张裕A,2004-09-06,3.8964,4.0191,3.8929,3.9806,13354,0.0268,566592000,4603560000,27.7106,
000869.SZ,张裕A,2004-09-07,3.9806,4.0191,3.9245,3.9525,16100,0.0323,562598400,4571112000,27.5153,
000869.SZ,张裕A,2004-09-08,3.935,3.9455,3.8964,3.9385,40156,0.0804,560601600,4554888000,27.4177,
000869.SZ,张裕A,2004-09-09,3.6614,3.9455,3.6614,3.9139,60140,0.1205,557107200,4526496000,27.2468,
000869.SZ,张裕A,2004-09-10,3.8578,3.9841,3.7877,3.9595,44008,0.0882,563596800,4579224000,27.5642,
000869.SZ,张裕A,2004-09-13,3.9841,3.9841,3.8578,3.8929,13777,0.0276,554112000,4502160000,27.1003,
000869.SZ,张裕A,2004-09-14,3.9455,3.9806,3.8859,3.9455,31306,0.0627,561600000,4563000000,27.4665,
000869.SZ,张裕A,2004-09-15,3.963,4.0893,3.963,4.0577,537598,1.0769,577574400,4692792000,28.2478,
000869.SZ,张裕A,2004-09-16,4.1384,4.1384,4.0367,4.0998,236712,0.4742,583564800,4741464000,28.5407,
000869.SZ,张裕A,2004-09-17,4.0998,4.1664,4.0612,4.1629,408921,0.8192,592550400,4814472000,28.9802,
000869.SZ,张裕A,2004-09-20,4.191,4.3137,4.1629,4.3102,845793,1.6943,613516800,4984824000,30.0056,
000869.SZ,张裕A,2004-09-21,4.3102,4.3102,4.212,4.2436,316202,0.6334,604032000,4907760000,29.5417,
000869.SZ,张裕A,2004-09-22,4.2155,4.2717,4.1384,4.1384,159900,0.3203,589056000,4786080000,28.8093,
000869.SZ,张裕A,2004-09-23,4.1384,4.2962,4.1384,4.2962,221019,0.4427,611520000,4968600000,29.908,
000869.SZ,张裕A,2004-09-24,4.3137,4.5066,4.2506,4.2576,1136441,2.2765,606028800,4923984000,29.6394,
000869.SZ,张裕A,2004-09-27,4.3348,4.4856,4.2997,4.3699,704674,1.4116,622003200,5053776000,30.4207,
000869.SZ,张裕A,2004-09-28,4.3839,4.5066,4.3137,4.4716,281551,0.564,636480000,5171400000,31.1287,
000869.SZ,张裕A,2004-09-29,4.3874,4.5803,4.3874,4.4961,528639,1.059,639974400,5199792000,31.2996,
000869.SZ,张裕A,2004-09-30,4.5522,4.5522,4.4225,4.4821,204181,0.409,637977600,5183568000,31.2019,
000869.SZ,张裕A,2004-10-08,4.4786,4.5592,4.454,4.5242,309454,0.6199,643968000,5232240000,31.4949,
000869.SZ,张裕A,2004-10-11,4.4716,4.5592,4.426,4.4891,309330,0.6197,638976000,5191680000,31.2508,
000869.SZ,张裕A,2004-10-12,4.447,4.4856,4.2997,4.3137,393680,0.7886,614016000,4988880000,30.03,
000869.SZ,张裕A,2004-10-13,4.3137,4.3734,4.2787,4.3734,165218,0.331,622502400,5057832000,30.4451,
000869.SZ,张裕A,2004-10-14,4.3628,4.3628,4.2085,4.2436,222434,0.4456,604032000,4907760000,29.5417,
000869.SZ,张裕A,2004-10-15,4.2085,4.2085,4.0998,4.1489,456416,0.9143,590553600,4798248000,28.8826,
000869.SZ,张裕A,2004-10-18,4.1489,4.3488,4.1244,4.3453,288894,0.5787,618508800,5025384000,30.2498,
000869.SZ,张裕A,2004-10-19,4.2787,4.419,4.2787,4.3804,316450,0.6339,623500800,5065944000,30.4939,
000869.SZ,张裕A,2004-10-20,4.4365,4.5207,4.3418,4.3734,123432,0.2473,622502400,5057832000,30.4451,
000869.SZ,张裕A,2004-10-21,4.3523,4.454,4.3523,4.419,194373,0.3894,628992000,5110560000,30.7625,
000869.SZ,张裕A,2004-10-22,4.4365,4.5207,4.3172,4.5172,388378,0.778,642969600,5224128000,31.4461,
000869.SZ,张裕A,2004-10-25,4.5522,4.5592,4.4891,4.5031,434622,0.8706,640972800,5207904000,29.8764,
000869.SZ,张裕A,2004-10-26,4.5242,4.5557,4.4505,4.5277,310453,0.6219,644467200,5236296000,30.0392,
000869.SZ,张裕A,2004-10-27,4.4996,4.6118,4.3839,4.5242,1170528,2.3448,643968000,5232240000,30.016,
000869.SZ,张裕A,2004-10-28,4.5242,4.5242,4.4365,4.4645,145878,0.2922,635481600,5163288000,29.6204,
000869.SZ,张裕A,2004-10-29,4.3839,4.5522,4.3488,4.5172,359084,0.7193,642969600,5224128000,29.9694,
000869.SZ,张裕A,2004-11-01,4.5592,4.5592,4.454,4.4891,106274,0.2129,638976000,5191680000,29.7833,
000869.SZ,张裕A,2004-11-02,4.5172,4.5873,4.4891,4.5592,375956,0.7531,648960000,5272800000,30.2486,
000869.SZ,张裕A,2004-11-03,4.5768,4.6118,4.5417,4.5627,167808,0.3362,649459200,5276856000,30.2719,
000869.SZ,张裕A,2004-11-04,4.5943,4.5943,4.454,4.5382,253450,0.5077,645964800,5248464000,30.109,
000869.SZ,张裕A,2004-11-05,4.5242,4.5242,4.4716,4.4891,228362,0.4575,638976000,5191680000,29.7833,
000869.SZ,张裕A,2004-11-08,4.4891,4.4891,4.4014,4.44,152612,0.3057,631987200,5134896000,29.4575,
000869.SZ,张裕A,2004-11-09,4.3874,4.5557,4.3874,4.5522,114710,0.2298,647961600,5264688000,30.2021,
000869.SZ,张裕A,2004-11-10,4.5592,4.6329,4.5592,4.6259,616661,1.2353,658444800,5349864000,30.6907,
000869.SZ,张裕A,2004-11-11,4.6364,4.6539,4.5978,4.6224,391527,0.7843,657945600,5345808000,30.6675,
000869.SZ,张裕A,2004-11-12,4.6294,4.7697,4.6294,4.7556,1386793,2.778,676915200,5499936000,31.5517,
000869.SZ,张裕A,2004-11-15,4.7556,4.8573,4.6995,4.8468,564788,1.1314,689894400,5605392000,32.1566,
000869.SZ,张裕A,2004-11-16,4.8468,4.8538,4.7521,4.8398,174437,0.3494,688896000,5597280000,32.1101,
000869.SZ,张裕A,2004-11-17,4.8223,4.8608,4.8047,4.8573,158214,0.3169,691392000,5617560000,32.2264,
000869.SZ,张裕A,2004-11-18,4.8398,4.8924,4.8398,4.8784,288622,0.5782,694387200,5641896000,32.3661,
000869.SZ,张裕A,2004-11-19,4.8784,4.8819,4.8398,4.8749,78408,0.1571,693888000,5637840000,32.3428,
000869.SZ,张裕A,2004-11-22,4.8749,4.8749,4.7451,4.7942,1061011,2.1254,682406400,5544552000,31.8076,
000869.SZ,张裕A,2004-11-23,4.7451,4.7451,4.6644,4.7171,379248,0.7597,671424000,5455320000,31.2957,
000869.SZ,张裕A,2004-11-24,4.6855,4.71,4.6644,4.6925,144538,0.2895,667929600,5426928000,31.1328,
000869.SZ,张裕A,2004-11-25,4.689,4.8012,4.682,4.7977,64770,0.1297,682905600,5548608000,31.8309,
000869.SZ,张裕A,2004-11-26,4.7942,4.7977,4.7346,4.7697,92230,0.1848,678912000,5516160000,31.6447,
000869.SZ,张裕A,2004-11-29,4.6995,4.7591,4.6644,4.682,98804,0.1979,666432000,5414760000,31.063,
000869.SZ,张裕A,2004-11-30,4.682,4.7521,4.682,4.7311,45686,0.0915,673420800,5471544000,31.3888,
000869.SZ,张裕A,2004-12-01,4.7276,4.7872,4.71,4.7591,49302,0.0988,677414400,5503992000,31.5749,
000869.SZ,张裕A,2004-12-02,4.7346,4.7416,4.6715,4.6995,156063,0.3126,668928000,5435040000,31.1794,
000869.SZ,张裕A,2004-12-03,4.6995,4.71,4.6644,4.7065,39338,0.0788,669926400,5443152000,31.2259,
000869.SZ,张裕A,2004-12-06,4.7065,4.7065,4.6294,4.6644,238029,0.4768,663936000,5394480000,30.9467,
000869.SZ,张裕A,2004-12-07,4.682,4.689,4.6294,4.6329,39444,0.079,659443200,5357976000,30.7373,
000869.SZ,张裕A,2004-12-08,4.6644,4.6644,4.5627,4.5627,83358,0.167,649459200,5276856000,30.2719,
000869.SZ,张裕A,2004-12-09,4.5592,4.5943,4.5242,4.5627,236229,0.4732,649459200,5276856000,30.2719,
000869.SZ,张裕A,2004-12-10,4.6609,4.6609,4.5592,4.5838,26884,0.0539,652454400,5301192000,30.4115,
000869.SZ,张裕A,2004-12-13,4.6189,4.6294,4.5592,4.5873,12756,0.0256,652953600,5305248000,30.4348,
000869.SZ,张裕A,2004-12-14,4.5873,4.6644,4.5627,4.5908,28698,0.0575,653452800,5309304000,30.4581,
000869.SZ,张裕A,2004-12-15,4.6469,4.689,4.6294,4.689,72575,0.1454,667430400,5422872000,31.1096,
000869.SZ,张裕A,2004-12-16,4.5908,4.689,4.5242,4.5978,169576,0.3397,654451200,5317416000,30.5046,
000869.SZ,张裕A,2004-12-17,4.5698,4.5943,4.5698,4.5768,13432,0.0269,651456000,5293080000,30.365,
000869.SZ,张裕A,2004-12-20,4.5277,4.6118,4.5277,4.5592,160056,0.3206,648960000,5272800000,30.2486,
000869.SZ,张裕A,2004-12-21,4.5698,4.5943,4.5242,4.5592,285040,0.571,648960000,5272800000,30.2486,
000869.SZ,张裕A,2004-12-22,4.5312,4.6294,4.5312,4.5838,16968,0.034,652454400,5301192000,30.4115,
000869.SZ,张裕A,2004-12-23,4.6259,4.6294,4.5592,4.5838,219459,0.4396,652454400,5301192000,30.4115,
000869.SZ,张裕A,2004-12-24,4.5838,4.5943,4.5557,4.5908,87073,0.1744,653452800,5309304000,30.4581,
000869.SZ,张裕A,2004-12-27,4.5242,4.5733,4.5066,4.5172,120180,0.2407,642969600,5224128000,29.9694,
000869.SZ,张裕A,2004-12-28,4.4751,4.5066,4.3137,4.3418,1211018,2.4259,618009600,5021328000,28.806,
000869.SZ,张裕A,2004-12-29,4.3453,4.3909,4.3453,4.3839,135306,0.271,624000000,5070000000,29.0852,
000869.SZ,张裕A,2004-12-30,4.426,4.426,4.3839,4.3874,26149,0.0524,624499200,5074056000,29.1085,
000869.SZ,张裕A,2004-12-31,4.454,4.4891,4.3558,4.4856,77358,0.155,638476800,5187624000,29.76,
000869.SZ,张裕A,2005-01-04,4.3839,4.419,4.3383,4.419,25346,0.0508,628992000,5110560000,29.3179,
000869.SZ,张裕A,2005-01-05,4.3909,4.4821,4.3839,4.447,15921,0.0319,632985600,5143008000,29.5041,
000869.SZ,张裕A,2005-01-06,4.4295,4.4821,4.3874,4.4119,76588,0.1534,627993600,5102448000,29.2714,
000869.SZ,张裕A,2005-01-07,4.419,4.4821,4.4014,4.4365,21600,0.0433,631488000,5130840000,29.4343,
000869.SZ,张裕A,2005-01-10,4.4365,4.5172,4.3874,4.4856,188268,0.3771,638476800,5187624000,29.76,
000869.SZ,张裕A,2005-01-11,4.4891,4.5066,4.4225,4.5031,86482,0.1732,640972800,5207904000,29.8764,
000869.SZ,张裕A,2005-01-12,4.5207,4.5242,4.4716,4.5242,430764,0.8629,643968000,5232240000,30.016,
000869.SZ,张裕A,2005-01-13,4.5592,4.5592,4.4891,4.5347,109520,0.2194,645465600,5244408000,30.0858,
000869.SZ,张裕A,2005-01-14,4.5347,4.5487,4.5066,4.5136,24336,0.0487,642470400,5220072000,29.9462,
000869.SZ,张裕A,2005-01-17,4.6048,4.6048,4.4119,4.4225,100716,0.2018,629491200,5114616000,29.3412,
000869.SZ,张裕A,2005-01-18,4.4119,4.4891,4.4119,4.4891,62587,0.1254,638976000,5191680000,29.7833,
000869.SZ,张裕A,2005-01-19,4.419,4.4751,4.4119,4.4751,24424,0.0489,636979200,5175456000,29.6902,
000869.SZ,张裕A,2005-01-20,4.419,4.433,4.3488,4.4084,68378,0.137,627494400,5098392000,29.2481,
000869.SZ,张裕A,2005-01-21,4.3488,4.461,4.2436,4.419,158684,0.3179,628992000,5110560000,29.3179,
000869.SZ,张裕A,2005-01-24,4.4786,4.5522,4.44,4.4786,25006,0.0501,637478400,5179512000,29.7135,
000869.SZ,张裕A,2005-01-25,4.4891,4.6574,4.3663,4.6013,241657,0.4841,654950400,5321472000,30.5279,
000869.SZ,张裕A,2005-01-26,4.6294,4.6329,4.5417,4.6189,54662,0.1095,657446400,5341752000,30.6442,
000869.SZ,张裕A,2005-01-27,4.6189,4.6469,4.4996,4.5627,54671,0.1095,649459200,5276856000,30.2719,
000869.SZ,张裕A,2005-01-28,4.5592,4.5592,4.5066,4.5557,17498,0.0351,648460800,5268744000,30.2254,
000869.SZ,张裕A,2005-01-31,4.4119,4.5172,4.4119,4.5136,46242,0.0926,642470400,5220072000,29.9462,
000869.SZ,张裕A,2005-02-01,4.5066,4.5698,4.447,4.5242,33908,0.0679,643968000,5232240000,30.016,
000869.SZ,张裕A,2005-02-02,4.5873,4.6504,4.5592,4.6469,176895,0.3544,661440000,5374200000,30.8303,
000869.SZ,张裕A,2005-02-03,4.682,4.682,4.5627,4.6083,52372,0.1049,655948800,5329584000,30.5744,
000869.SZ,张裕A,2005-02-04,4.6048,4.7697,4.5978,4.7416,360985,0.7231,674918400,5483712000,31.4586,
000869.SZ,张裕A,2005-02-16,4.7346,4.7697,4.6469,4.7521,207344,0.4154,676416000,5495880000,31.5284,
000869.SZ,张裕A,2005-02-17,4.7697,4.8749,4.6609,4.7171,282512,0.5659,671424000,5455320000,31.2957,
000869.SZ,张裕A,2005-02-18,4.7171,4.7837,4.6364,4.6399,230580,0.4619,660441600,5366088000,30.7838,
000869.SZ,张裕A,2005-02-21,4.6294,4.6469,4.5242,4.5768,192531,0.3857,651456000,5293080000,30.365,
000869.SZ,张裕A,2005-02-22,4.5943,4.696,4.5592,4.6925,266480,0.5338,667929600,5426928000,31.1328,
000869.SZ,张裕A,2005-02-23,4.5768,4.6715,4.5768,4.5943,88806,0.1779,653952000,5313360000,30.4813,
000869.SZ,张裕A,2005-02-24,4.5803,4.6644,4.5803,4.6364,61388,0.123,659942400,5362032000,30.7605,
000869.SZ,张裕A,2005-02-25,4.6329,4.7837,4.5943,4.6995,125338,0.2511,668928000,5435040000,31.1794,
000869.SZ,张裕A,2005-02-28,4.6364,4.7767,4.6224,4.7591,90148,0.1806,677414400,5503992000,31.5749,
000869.SZ,张裕A,2005-03-01,4.7591,4.7732,4.703,4.7626,35230,0.0706,677913600,5508048000,31.5982,
000869.SZ,张裕A,2005-03-02,4.6154,4.7556,4.6154,4.7311,51757,0.1037,673420800,5471544000,31.3888,
000869.SZ,张裕A,2005-03-03,4.6259,4.7346,4.6224,4.7135,39259,0.0786,670924800,5451264000,31.2724,
000869.SZ,张裕A,2005-03-04,4.7977,4.8573,4.7521,4.8538,355071,0.7113,690892800,5613504000,32.2032,
000869.SZ,张裕A,2005-03-07,4.8679,5.0467,4.8608,4.9871,516359,1.0344,709862400,5767632000,33.0874,
000869.SZ,张裕A,2005-03-08,5.0152,5.0432,4.9099,5.0081,297946,0.5968,712857600,5791968000,33.227,
000869.SZ,张裕A,2005-03-09,5.0432,5.0432,4.959,5.0081,159600,0.3197,712857600,5791968000,33.227,
000869.SZ,张裕A,2005-03-10,5.0081,5.0081,4.8608,4.931,608950,1.2199,701875200,5702736000,32.7151,
000869.SZ,张裕A,2005-03-11,4.9135,4.9836,4.8749,4.9836,187505,0.3756,709363200,5763576000,33.0641,
000869.SZ,张裕A,2005-03-14,4.9836,5.2326,4.9099,5.1905,789007,1.5805,738816000,6002880000,34.4369,
000869.SZ,张裕A,2005-03-15,5.1554,5.2607,5.0783,5.2607,366418,0.734,748800000,6084000000,29.8049,
000869.SZ,张裕A,2005-03-16,5.2607,5.2782,5.1554,5.2642,602255,1.2064,749299200,6088056000,29.8247,
000869.SZ,张裕A,2005-03-17,5.2607,5.5693,5.2256,5.4851,789227,1.581,780748800,6343584000,31.0765,
000869.SZ,张裕A,2005-03-18,5.4851,5.5377,5.3729,5.4956,305014,0.611,782246400,6355752000,31.1361,
000869.SZ,张裕A,2005-03-21,5.436,5.6815,5.4009,5.6464,545983,1.0937,803712000,6530160000,31.9905,
000869.SZ,张裕A,2005-03-22,5.6464,5.7972,5.6114,5.7061,662081,1.3263,812198400,6599112000,32.3283,
000869.SZ,张裕A,2005-03-23,5.7026,5.7026,5.4711,5.4921,562076,1.126,781747200,6351696000,31.1163,
000869.SZ,张裕A,2005-03-24,5.4711,5.4711,5.3483,5.4044,564965,1.1317,769267200,6250296000,30.6195,
000869.SZ,张裕A,2005-03-25,5.4185,5.5342,5.4185,5.4781,364038,0.7292,779750400,6335472000,31.0368,
000869.SZ,张裕A,2005-03-28,5.436,5.5412,5.436,5.5062,153071,0.3066,783744000,6367920000,31.1958,
000869.SZ,张裕A,2005-03-29,5.5062,5.7096,5.4395,5.678,347163,0.6954,808204800,6566664000,32.1694,
000869.SZ,张裕A,2005-03-30,5.5482,5.6815,5.5097,5.5307,429126,0.8596,787238400,6396312000,31.3348,
000869.SZ,张裕A,2005-03-31,5.5062,5.5412,5.436,5.4781,149984,0.3004,779750400,6335472000,31.0368,
000869.SZ,张裕A,2005-04-01,5.4535,5.8288,5.4535,5.6955,677840,1.3579,810700800,6586944000,32.2687,
000869.SZ,张裕A,2005-04-04,5.6815,6.0147,5.6815,5.927,767608,1.5377,843648000,6854640000,33.5801,
000869.SZ,张裕A,2005-04-05,5.927,5.9971,5.8393,5.9165,599425,1.2008,842150400,6842472000,33.5205,
000869.SZ,张裕A,2005-04-06,5.8569,6.1725,5.8569,6.1409,613153,1.2283,874099200,7102056000,34.7922,
000869.SZ,张裕A,2005-04-07,6.1024,6.2882,6.0883,6.0918,494473,0.9905,867110400,7045272000,34.514,
000869.SZ,张裕A,2005-04-08,6.0673,6.169,6.0673,6.1199,223451,0.4476,871104000,7077720000,34.673,
000869.SZ,张裕A,2005-04-11,6.1374,6.2391,5.7867,5.9796,595767,1.1934,851136000,6915480000,33.8782,
000869.SZ,张裕A,2005-04-12,5.9586,5.9796,5.8288,5.8919,157390,0.3153,838656000,6814080000,33.3814,
000869.SZ,张裕A,2005-04-13,5.9621,6.0322,5.913,5.9726,176195,0.353,850137600,6907368000,33.8385,
000869.SZ,张裕A,2005-04-14,5.9621,5.9621,5.8919,5.941,164335,0.3292,845644800,6870864000,33.6596,
000869.SZ,张裕A,2005-04-15,5.927,5.927,5.8043,5.8604,194246,0.3891,834163200,6777576000,33.2026,
000869.SZ,张裕A,2005-04-18,5.7867,5.8569,5.7867,5.8008,109375,0.2191,825676800,6708624000,32.8648,
000869.SZ,张裕A,2005-04-19,5.8008,5.8008,5.8008,5.8008,--,--,825676800,6708624000,32.8648,
000869.SZ,张裕A,2005-04-20,5.8919,6.3794,5.8744,6.3794,3426643,6.8643,908044800,7377864000,31.1295,
000869.SZ,张裕A,2005-04-21,6.3794,6.6635,6.2777,6.5513,1506908,3.0186,932505600,7576608000,31.9681,
000869.SZ,张裕A,2005-04-22,6.3128,6.6109,6.3128,6.5899,459599,0.9207,937996800,7621224000,32.1563,
000869.SZ,张裕A,2005-04-25,6.4531,6.916,6.425,6.7757,638200,1.2784,964454400,7836192000,33.0633,
000869.SZ,张裕A,2005-04-26,6.6635,7.4526,6.6635,7.4526,1331872,2.668,1060800000,8619000000,36.3662,
000869.SZ,张裕A,2005-04-27,7.4526,7.4912,7.1194,7.1896,969582,1.9423,1023360000,8314800000,35.0827,
000869.SZ,张裕A,2005-04-28,7.1545,7.2527,7.0142,7.1826,954377,1.9118,1022361600,8306688000,35.0485,
000869.SZ,张裕A,2005-04-29,7.1969,7.3335,6.9597,7.1394,589987,1.1819,991411200,8055216000,33.9875,
000869.SZ,张裕A,2005-05-09,7.2221,7.2329,7.01,7.1178,226451,0.4536,988416000,8030880000,33.8848,
000869.SZ,张裕A,2005-05-10,7.1178,7.2257,6.8303,6.8698,1273757,2.5516,953971200,7751016000,32.7039,
000869.SZ,张裕A,2005-05-11,6.8303,6.9345,6.7584,6.8123,640857,1.2838,945984000,7686120000,32.4301,
000869.SZ,张裕A,2005-05-12,6.7404,6.7404,6.4204,6.6146,902390,1.8077,918528000,7463040000,31.4889,
000869.SZ,张裕A,2005-05-13,6.5247,6.6865,6.4708,6.5822,223932,0.4486,914035200,7426536000,31.3349,
000869.SZ,张裕A,2005-05-16,6.5427,7.1538,6.478,6.9021,562676,1.1272,958464000,7787520000,32.858,
000869.SZ,张裕A,2005-05-17,6.895,7.1107,6.8374,7.0208,276841,0.5546,974937600,7921368000,33.4227,
000869.SZ,张裕A,2005-05-18,7.0388,7.0388,6.6936,6.8303,622194,1.2464,948480000,7706400000,32.5157,
000869.SZ,张裕A,2005-05-19,6.7548,6.9021,6.6505,6.7979,209861,0.4204,943987200,7669896000,32.3617,
000869.SZ,张裕A,2005-05-20,6.8482,6.8482,6.7404,6.8303,142933,0.2863,948480000,7706400000,32.5157,
000869.SZ,张裕A,2005-05-23,6.5139,6.7943,6.5139,6.6505,128340,0.2571,923520000,7503600000,31.66,
000869.SZ,张裕A,2005-05-24,6.5786,7.01,6.4348,6.9705,313529,0.6281,967948800,7864584000,33.1831,
000869.SZ,张裕A,2005-05-25,6.8986,6.9129,6.6865,6.8914,144268,0.289,956966400,7775352000,32.8066,
000869.SZ,张裕A,2005-05-26,6.7332,6.8303,6.4348,6.6793,566585,1.135,927513600,7536048000,31.7969,
000869.SZ,张裕A,2005-05-27,6.4708,6.6865,6.4348,6.4995,612159,1.2263,902553600,7333248000,30.9412,
000869.SZ,张裕A,2005-05-30,6.442,6.6505,6.327,6.5247,281653,0.5642,906048000,7361640000,31.061,
000869.SZ,张裕A,2005-05-31,6.5606,6.6793,6.4887,6.593,538509,1.0787,915532800,7438704000,31.3862,
000869.SZ,张裕A,2005-06-01,6.593,6.593,6.593,6.593,--,--,915532800,7438704000,31.3862,
000869.SZ,张裕A,2005-06-02,6.1868,6.4708,5.9675,6.0214,729187,1.4607,836160000,6793800000,28.6651,
000869.SZ,张裕A,2005-06-03,5.8596,6.0394,5.7877,5.9315,692794,1.3878,823680000,6692400000,28.2373,
000869.SZ,张裕A,2005-06-06,5.8776,6.1472,5.7518,6.1293,621734,1.2455,851136000,6915480000,29.1786,
000869.SZ,张裕A,2005-06-07,5.9207,6.6146,5.9207,6.3378,1494110,2.993,880089600,7150728000,30.1711,
000869.SZ,张裕A,2005-06-08,6.4276,6.9561,6.3989,6.8806,1826280,3.6584,955468800,7763184000,32.7553,
000869.SZ,张裕A,2005-06-09,6.8303,7.0459,6.7152,6.8303,939686,1.8824,948480000,7706400000,32.5157,
000869.SZ,张裕A,2005-06-10,6.8123,6.8123,6.6253,6.6685,373572,0.7483,926016000,7523880000,31.7456,
000869.SZ,张裕A,2005-06-13,6.6685,6.6685,6.5067,6.5894,184904,0.3704,915033600,7434648000,31.3691,
000869.SZ,张裕A,2005-06-14,6.6146,6.6217,6.4025,6.4025,392173,0.7856,889075200,7223736000,30.4792,
000869.SZ,张裕A,2005-06-15,6.3809,6.6433,6.1832,6.2371,562595,1.127,866112000,7037160000,29.692,
000869.SZ,张裕A,2005-06-16,6.2227,6.3953,6.0609,6.2946,91488,0.1833,874099200,7102056000,29.9658,
000869.SZ,张裕A,2005-06-17,6.2551,6.5966,6.2335,6.3449,175866,0.3523,881088000,7158840000,30.2054,
000869.SZ,张裕A,2005-06-20,6.2946,6.895,6.291,6.5786,474274,0.9501,913536000,7422480000,31.3177,
000869.SZ,张裕A,2005-06-21,6.5786,6.6505,6.291,6.3809,517151,1.036,886080000,7199400000,30.3765,
000869.SZ,张裕A,2005-06-22,6.327,6.4672,6.291,6.3953,565500,1.1328,888076800,7215624000,30.445,
000869.SZ,张裕A,2005-06-23,6.3701,6.4636,6.327,6.3953,182934,0.3665,888076800,7215624000,30.445,
000869.SZ,张裕A,2005-06-24,6.3306,6.3449,6.2191,6.327,148427,0.2973,878592000,7138560000,30.1198,
000869.SZ,张裕A,2005-06-27,6.3449,6.4708,6.3198,6.3629,906425,1.8158,883584000,7179120000,30.2909,
000869.SZ,张裕A,2005-06-28,6.3593,6.46,6.1904,6.2299,221548,0.4438,865113600,7029048000,29.6577,
000869.SZ,张裕A,2005-06-29,6.2155,6.2982,6.1005,6.1041,462096,0.9257,847641600,6887088000,29.0588,
000869.SZ,张裕A,2005-06-30,6.0394,6.1472,6.0394,6.1149,88023,0.1763,849139200,6899256000,29.1101,
000869.SZ,张裕A,2005-07-01,6.0609,6.1041,6.0322,6.043,251303,0.5034,839155200,6818136000,28.7678,
000869.SZ,张裕A,2005-07-04,6.043,6.1652,6.0106,6.0609,21356,0.0428,841651200,6838416000,28.8534,
000869.SZ,张裕A,2005-07-05,6.1616,6.1616,6.0753,6.0825,25190,0.0505,844646400,6862752000,28.9561,
000869.SZ,张裕A,2005-07-06,6.1149,6.2083,6.0394,6.1077,64295,0.1288,848140800,6891144000,29.0759,
000869.SZ,张裕A,2005-07-07,6.0466,6.1293,6.0466,6.1293,73851,0.1479,851136000,6915480000,29.1786,
000869.SZ,张裕A,2005-07-08,6.1472,6.327,6.1472,6.291,341134,0.6834,873600000,7098000000,29.9487,
000869.SZ,张裕A,2005-07-11,6.3449,6.4708,6.291,6.291,146808,0.2941,873600000,7098000000,29.9487,
000869.SZ,张裕A,2005-07-12,6.2263,6.4097,6.14,6.3917,451539,0.9045,887577600,7211568000,30.4278,
000869.SZ,张裕A,2005-07-13,6.4276,6.4276,6.1688,6.2587,362416,0.726,869107200,7061496000,29.7946,
000869.SZ,张裕A,2005-07-14,6.1832,6.2623,6.1149,6.1149,281100,0.5631,849139200,6899256000,29.1101,
000869.SZ,张裕A,2005-07-15,6.1149,6.1149,6.1149,6.1149,--,--,849139200,6899256000,29.1101,
000869.SZ,张裕A,2005-07-18,6.0034,6.043,5.8596,5.9351,560971,1.1237,824179200,6696456000,28.2544,
000869.SZ,张裕A,2005-07-19,5.9351,6.0322,5.7877,6.0286,36896,0.0739,837158400,6801912000,28.6994,
000869.SZ,张裕A,2005-07-20,5.9315,6.1472,5.8596,6.1113,1113420,2.2304,848640000,6895200000,29.093,
000869.SZ,张裕A,2005-07-21,6.1328,6.1328,6.0214,6.1113,140800,0.2821,848640000,6895200000,29.093,
000869.SZ,张裕A,2005-07-22,5.8776,6.2191,5.8776,6.0466,137891,0.2762,839654400,6822192000,28.7849,
000869.SZ,张裕A,2005-07-25,5.9315,6.2191,5.9315,6.2047,271543,0.544,861619200,7000656000,29.5379,
000869.SZ,张裕A,2005-07-26,6.2802,6.4312,6.2227,6.291,562566,1.1269,873600000,7098000000,29.9487,
000869.SZ,张裕A,2005-07-27,6.291,6.3629,6.2191,6.2874,447554,0.8965,873100800,7093944000,29.9315,
000869.SZ,张裕A,2005-07-28,6.309,6.4528,6.309,6.3809,400595,0.8025,886080000,7199400000,30.3765,
000869.SZ,张裕A,2005-07-29,6.3629,6.4276,6.1868,6.2838,727106,1.4565,872601600,7089888000,29.9144,
000869.SZ,张裕A,2005-08-01,6.176,6.3018,6.1185,6.2587,87338,0.175,869107200,7061496000,29.7946,
000869.SZ,张裕A,2005-08-02,6.2371,6.3162,6.2263,6.3162,58782,0.1178,877094400,7126392000,30.0685,
000869.SZ,张裕A,2005-08-03,6.3162,6.4312,6.2227,6.3449,194308,0.3892,881088000,7158840000,30.2054,
000869.SZ,张裕A,2005-08-04,6.3378,6.3449,6.2407,6.273,154623,0.3097,871104000,7077720000,29.8631,
000869.SZ,张裕A,2005-08-05,6.2119,6.3557,6.2119,6.3521,265422,0.5317,882086400,7166952000,30.2396,
000869.SZ,张裕A,2005-08-08,6.3629,6.611,6.3342,6.5067,534415,1.0705,903552000,7341360000,30.9755,
000869.SZ,张裕A,2005-08-09,6.5642,6.5642,6.3989,6.3989,171310,0.3432,888576000,7219680000,30.4621,
000869.SZ,张裕A,2005-08-10,6.4168,6.4168,6.3449,6.3629,166264,0.3331,883584000,7179120000,30.2909,
000869.SZ,张裕A,2005-08-11,6.3701,6.5355,6.3593,6.4708,1038087,2.0795,898560000,7300800000,30.8043,
000869.SZ,张裕A,2005-08-12,6.4887,6.6397,6.3629,6.4492,880408,1.7636,895564800,7276464000,30.7017,
000869.SZ,张裕A,2005-08-15,6.4276,6.5355,6.3809,6.5355,277182,0.5553,907545600,7373808000,31.1124,
000869.SZ,张裕A,2005-08-16,6.5211,6.6325,6.4384,6.5463,707316,1.4169,909043200,7385976000,31.1637,
000869.SZ,张裕A,2005-08-17,6.5211,6.5427,6.3989,6.4708,290419,0.5818,898560000,7300800000,29.3154,
000869.SZ,张裕A,2005-08-18,6.5427,6.5427,6.3162,6.4564,318460,0.6379,896563200,7284576000,29.2503,
000869.SZ,张裕A,2005-08-19,6.1077,6.4168,6.0789,6.3054,539022,1.0798,875596800,7114224000,28.5662,
000869.SZ,张裕A,2005-08-22,6.2982,6.3629,6.2119,6.2587,205729,0.4121,869107200,7061496000,28.3545,
000869.SZ,张裕A,2005-08-23,6.2659,6.2802,6.1868,6.2695,365322,0.7318,870604800,7073664000,28.4034,
000869.SZ,张裕A,2005-08-24,6.3054,6.4636,6.194,6.3629,205543,0.4117,883584000,7179120000,28.8268,
000869.SZ,张裕A,2005-08-25,6.3557,6.4708,6.2551,6.291,162639,0.3258,873600000,7098000000,28.5011,
000869.SZ,张裕A,2005-08-26,6.46,6.46,6.2551,6.3629,70115,0.1405,883584000,7179120000,28.8268,
000869.SZ,张裕A,2005-08-29,6.3629,6.3953,6.327,6.3953,66551,0.1333,888076800,7215624000,28.9734,
000869.SZ,张裕A,2005-08-30,6.2982,6.442,6.2982,6.4132,94277,0.1889,890572800,7235904000,29.0548,
000869.SZ,张裕A,2005-08-31,6.3989,6.6757,6.3665,6.6146,623828,1.2497,918528000,7463040000,29.9669,
000869.SZ,张裕A,2005-09-01,6.6182,6.8374,6.5786,6.7763,633436,1.2689,940992000,7645560000,30.6997,
000869.SZ,张裕A,2005-09-02,6.7763,6.8015,6.6901,6.8015,416461,0.8343,944486400,7673952000,30.8137,
000869.SZ,张裕A,2005-09-05,6.7979,6.8267,6.726,6.7871,144187,0.2888,942489600,7657728000,30.7486,
000869.SZ,张裕A,2005-09-06,6.7871,6.7979,6.6505,6.7476,226173,0.4531,936998400,7613112000,30.5694,
000869.SZ,张裕A,2005-09-07,6.7368,6.9669,6.7368,6.9561,630347,1.2627,965952000,7848360000,31.5141,
000869.SZ,张裕A,2005-09-08,6.9561,7.3156,6.9561,7.2437,1073053,2.1495,1005888000,8172840000,32.817,
000869.SZ,张裕A,2005-09-09,7.2437,7.2437,7.1178,7.1897,221929,0.4446,998400000,8112000000,32.5727,
000869.SZ,张裕A,2005-09-12,7.1897,7.5061,7.1178,7.3587,376521,0.7542,1021862400,8302632000,33.3381,
000869.SZ,张裕A,2005-09-13,7.3515,7.542,7.2616,7.4953,696180,1.3946,1040832000,8456760000,33.957,
000869.SZ,张裕A,2005-09-14,7.578,7.578,7.4054,7.4629,277461,0.5558,1036339200,8420256000,33.8104,
000869.SZ,张裕A,2005-09-15,7.4414,7.4701,7.1897,7.3875,347160,0.6954,1025856000,8335080000,33.4684,
000869.SZ,张裕A,2005-09-16,7.3911,7.4773,7.2904,7.4665,162573,0.3257,1036838400,8424312000,33.8267,
000869.SZ,张裕A,2005-09-19,7.4665,7.6786,7.3982,7.6211,703101,1.4085,1058304000,8598720000,34.527,
000869.SZ,张裕A,2005-09-20,7.693,7.693,7.4054,7.5277,852249,1.7072,1045324800,8493264000,34.1036,
000869.SZ,张裕A,2005-09-21,7.5205,7.5492,7.2616,7.2652,1331972,2.6682,1008883200,8197176000,32.9147,
000869.SZ,张裕A,2005-09-22,7.1897,7.4054,7.1861,7.2509,1018103,2.0395,1006886400,8180952000,32.8495,
000869.SZ,张裕A,2005-09-23,7.0819,7.4737,7.0819,7.4054,225499,0.4517,1028352000,8355360000,33.5498,
000869.SZ,张裕A,2005-09-26,7.4018,7.4054,7.3048,7.3875,235548,0.4719,1025856000,8335080000,33.4684,
000869.SZ,张裕A,2005-09-27,7.3695,7.5205,7.3335,7.4773,220729,0.4422,1038336000,8436480000,33.8756,
000869.SZ,张裕A,2005-09-28,7.4701,7.5492,7.3982,7.542,105606,0.2116,1047321600,8509488000,34.1687,
000869.SZ,张裕A,2005-09-29,7.5456,7.5852,7.409,7.5061,493324,0.9882,1042329600,8468928000,34.0059,
000869.SZ,张裕A,2005-09-30,7.4234,7.4665,7.3335,7.4054,143601,0.2877,1028352000,8355360000,33.5498,
000869.SZ,张裕A,2005-10-10,7.1897,7.4953,7.1897,7.294,32655,0.0654,1012876800,8229624000,33.045,
000869.SZ,张裕A,2005-10-11,7.294,7.3982,7.294,7.3982,72830,0.1459,1027353600,8347248000,33.5173,
000869.SZ,张裕A,2005-10-12,7.3982,7.4126,7.2976,7.4054,42660,0.0855,1028352000,8355360000,33.5498,
000869.SZ,张裕A,2005-10-13,7.3335,7.8656,7.3335,7.7326,544195,1.0901,1073779200,8724456000,35.0319,
000869.SZ,张裕A,2005-10-14,7.7469,7.8512,7.675,7.7002,381981,0.7652,1069286400,8687952000,34.8853,
000869.SZ,张裕A,2005-10-17,7.7002,7.9626,7.693,7.9375,602322,1.2066,1102233600,8955648000,35.9602,
000869.SZ,张裕A,2005-10-18,7.9087,8.0633,7.5708,7.8081,308564,0.6181,1084262400,8809632000,35.3739,
000869.SZ,张裕A,2005-10-19,7.8081,8.2682,7.8081,7.9159,333335,0.6677,1099238400,8931312000,35.8625,
000869.SZ,张裕A,2005-10-20,7.9267,7.9626,7.8404,7.9087,156854,0.3142,1098240000,8923200000,35.8299,
000869.SZ,张裕A,2005-10-21,8.1963,8.1963,7.9087,7.9195,90348,0.181,1099737600,8935368000,35.8788,
000869.SZ,张裕A,2005-10-24,7.9159,8.376,7.9159,8.2646,1677358,3.3601,1147660800,9324744000,37.4423,
000869.SZ,张裕A,2005-10-25,8.2682,8.3329,7.729,7.8296,562963,1.1277,1087257600,8833968000,32.769,
000869.SZ,张裕A,2005-10-26,7.7433,7.826,7.5852,7.6607,1343039,2.6904,1063795200,8643336000,32.0618,
000869.SZ,张裕A,2005-10-27,7.6571,7.8728,7.5672,7.7254,103867,0.2081,1072780800,8716344000,32.3327,
000869.SZ,张裕A,2005-10-28,7.8728,7.8728,7.4054,7.5348,330695,0.6624,1046323200,8501376000,31.5352,
000869.SZ,张裕A,2005-10-31,7.5097,7.7937,7.1897,7.7721,220867,0.4424,1079270400,8769072000,32.5282,
000869.SZ,张裕A,2005-11-01,7.8009,7.9051,7.6535,7.8224,132046,0.2645,1086259200,8825856000,32.7389,
000869.SZ,张裕A,2005-11-02,7.8224,8.0166,7.8009,7.8728,56376,0.1129,1093248000,8882640000,32.9495,
000869.SZ,张裕A,2005-11-03,7.9087,7.9087,7.6571,7.7865,107066,0.2145,1081267200,8785296000,32.5884,
000869.SZ,张裕A,2005-11-04,7.8188,7.9087,7.7146,7.9015,49927,0.1,1097241600,8915088000,33.0699,
000869.SZ,张裕A,2005-11-07,7.7793,7.8045,7.7793,7.7865,76316,0.1529,1081267200,8785296000,32.5884,
000869.SZ,张裕A,2005-11-08,7.5852,7.8009,7.5852,7.7901,74680,0.1496,1081766400,8789352000,32.6035,
000869.SZ,张裕A,2005-11-09,7.7829,7.7901,7.6858,7.7074,39035,0.0782,1070284800,8696064000,32.2574,
000869.SZ,张裕A,2005-11-10,7.693,7.7973,7.6571,7.7721,66995,0.1342,1079270400,8769072000,32.5282,
000869.SZ,张裕A,2005-11-11,7.7721,7.7829,7.6643,7.7649,37478,0.0751,1078272000,8760960000,32.4982,
000869.SZ,张裕A,2005-11-14,7.729,7.7973,7.4881,7.542,82500,0.1653,1047321600,8509488000,31.5653,
000869.SZ,张裕A,2005-11-15,7.4773,7.675,7.4198,7.5492,271132,0.5431,1048320000,8517600000,31.5954,
000869.SZ,张裕A,2005-11-16,7.445,7.7146,7.445,7.5492,271900,0.5447,1048320000,8517600000,31.5954,
000869.SZ,张裕A,2005-11-17,7.5672,7.5672,7.3731,7.445,150562,0.3016,1033843200,8399976000,31.1591,
000869.SZ,张裕A,2005-11-18,7.5133,7.9087,7.3695,7.5277,312612,0.6262,1045324800,8493264000,31.5052,
000869.SZ,张裕A,2005-11-21,7.5492,7.6571,7.4773,7.6571,48768,0.0977,1063296000,8639280000,32.0468,
000869.SZ,张裕A,2005-11-22,7.6571,7.6571,7.3695,7.5205,454816,0.9111,1044326400,8485152000,31.4751,
000869.SZ,张裕A,2005-11-23,7.5133,7.5996,7.4773,7.5205,27440,0.055,1044326400,8485152000,31.4751,
000869.SZ,张裕A,2005-11-24,7.5492,7.5528,7.4054,7.4665,145290,0.291,1036838400,8424312000,31.2494,
000869.SZ,张裕A,2005-11-25,7.4126,7.5277,7.3515,7.5025,106886,0.2141,1041830400,8464872000,31.3998,
000869.SZ,张裕A,2005-11-28,7.409,7.4773,7.3982,7.4594,98170,0.1967,1035840000,8416200000,31.2193,
000869.SZ,张裕A,2005-11-29,7.5313,7.5313,7.4126,7.4665,15972,0.032,1036838400,8424312000,31.2494,
000869.SZ,张裕A,2005-11-30,7.409,7.4378,7.1538,7.3695,894698,1.7923,1023360000,8314800000,30.8432,
000869.SZ,张裕A,2005-12-01,7.3623,7.3623,7.2077,7.3407,166189,0.3329,1019366400,8282352000,30.7228,
000869.SZ,张裕A,2005-12-02,7.2221,7.3623,7.2221,7.3587,42180,0.0845,1021862400,8302632000,30.798,
000869.SZ,张裕A,2005-12-05,7.1969,7.3479,7.1897,7.2005,533326,1.0684,999897600,8124168000,30.136,
000869.SZ,张裕A,2005-12-06,7.2005,7.2616,7.1897,7.2005,127046,0.2545,999897600,8124168000,30.136,
000869.SZ,张裕A,2005-12-07,7.1897,7.2976,7.1897,7.2976,67692,0.1356,1013376000,8233680000,30.5422,
000869.SZ,张裕A,2005-12-08,7.2077,7.2976,7.2077,7.294,70608,0.1414,1012876800,8229624000,30.5272,
000869.SZ,张裕A,2005-12-09,7.2904,7.2976,7.2329,7.2976,70123,0.1405,1013376000,8233680000,30.5422,
000869.SZ,张裕A,2005-12-12,7.2976,7.3623,7.2616,7.2976,571966,1.1458,1013376000,8233680000,30.5422,
000869.SZ,张裕A,2005-12-13,7.2976,7.2976,7.2329,7.2473,58794,0.1178,1006387200,8176896000,30.3316,
000869.SZ,张裕A,2005-12-14,7.2257,7.3515,7.2257,7.3407,56224,0.1126,1019366400,8282352000,30.7228,
000869.SZ,张裕A,2005-12-15,7.3335,7.542,7.2437,7.5313,1045948,2.0952,1045824000,8497320000,31.5202,
000869.SZ,张裕A,2005-12-16,7.5313,7.5852,7.4306,7.4629,94160,0.1886,1036339200,8420256000,31.2343,
000869.SZ,张裕A,2005-12-19,7.445,7.7218,7.3982,7.4522,26682,0.0534,1034841600,8408088000,31.1892,
000869.SZ,张裕A,2005-12-20,7.4414,7.5348,6.8303,7.5061,399154,0.7996,1042329600,8468928000,31.4149,
000869.SZ,张裕A,2005-12-21,7.5061,7.5277,7.4629,7.4773,434263,0.8699,1038336000,8436480000,31.2945,
000869.SZ,张裕A,2005-12-22,7.4809,7.6571,7.4414,7.6571,368485,0.7382,1063296000,8639280000,32.0468,
000869.SZ,张裕A,2005-12-23,7.6679,7.6894,7.4845,7.5744,126743,0.2539,1051814400,8545992000,31.7007,
000869.SZ,张裕A,2005-12-26,7.6355,7.7829,7.5492,7.7469,330785,0.6626,1075776000,8740680000,32.4229,
000869.SZ,张裕A,2005-12-27,7.8907,7.8907,7.711,7.8081,276740,0.5544,1084262400,8809632000,32.6787,
000869.SZ,张裕A,2005-12-28,7.8548,7.8548,7.7577,7.7613,115436,0.2312,1077772800,8756904000,32.4831,
000869.SZ,张裕A,2005-12-29,7.7649,8.0094,7.7649,7.9734,508648,1.0189,1107225600,8996208000,33.3708,
000869.SZ,张裕A,2005-12-30,7.9734,8.1532,7.9447,8.0633,193166,0.387,1119705600,9097608000,33.7469,
000869.SZ,张裕A,2006-01-04,8.0525,8.1244,7.9806,8.0597,141066,0.2826,1119206400,9093552000,33.7319,
000869.SZ,张裕A,2006-01-05,8.0273,8.2934,7.9878,8.2682,348580,0.6983,1148160000,9328800000,34.6045,
000869.SZ,张裕A,2006-01-06,8.2682,8.412,8.0885,8.3545,292127,0.5852,1160140800,9426144000,34.9656,
000869.SZ,张裕A,2006-01-09,8.2215,8.4479,8.0921,8.394,225765,0.4523,1165632000,9470760000,35.1311,
000869.SZ,张裕A,2006-01-10,8.1963,8.2574,8.1316,8.2107,135355,0.2711,1140172800,9263904000,34.3638,
000869.SZ,张裕A,2006-01-11,8.2107,8.376,8.1244,8.1604,191448,0.3835,1133184000,9207120000,34.1532,
000869.SZ,张裕A,2006-01-12,8.1604,8.1639,7.9087,8.0237,709633,1.4215,1114214400,9052992000,33.5814,
000869.SZ,张裕A,2006-01-13,8.0525,8.1532,7.9375,8.0813,181811,0.3642,1122201600,9117888000,33.8222,
000869.SZ,张裕A,2006-01-16,8.0885,8.2646,8.0202,8.0885,281923,0.5647,1123200000,9126000000,33.8522,
000869.SZ,张裕A,2006-01-17,8.0489,8.1064,7.9447,8.1064,244644,0.4901,1125696000,9146280000,33.9275,
000869.SZ,张裕A,2006-01-18,8.0166,8.1963,7.9734,8.0202,682256,1.3667,1113715200,9048936000,33.5664,
000869.SZ,张裕A,2006-01-19,7.9806,8.2323,7.9806,8.2287,826389,1.6554,1142668800,9284184000,34.439,
000869.SZ,张裕A,2006-01-20,8.2502,8.944,8.1424,8.9225,1018971,2.0412,1239014400,10066992000,37.3428,
000869.SZ,张裕A,2006-01-23,8.9225,8.9225,8.9225,8.9225,--,--,1239014400,10066992000,37.3428,
000869.SZ,张裕A,2006-01-24,8.9225,8.9225,8.9225,8.9225,--,--,1239014400,10066992000,37.3428,
000869.SZ,张裕A,2006-01-25,8.9225,8.9225,8.9225,8.9225,--,--,1239014400,10066992000,37.3428,
000869.SZ,张裕A,2006-02-06,8.9225,8.9225,8.9225,8.9225,--,--,1239014400,10066992000,37.3428,
000869.SZ,张裕A,2006-02-07,8.9225,8.9225,8.9225,8.9225,--,--,1239014400,10066992000,37.3428,
000869.SZ,张裕A,2006-02-08,8.9225,8.9225,8.9225,8.9225,--,--,1239014400,10066992000,37.3428,
000869.SZ,张裕A,2006-02-09,8.9225,8.9225,8.9225,8.9225,--,--,1239014400,10066992000,37.3428,
000869.SZ,张裕A,2006-02-10,8.9225,8.9225,8.9225,8.9225,--,--,1239014400,10066992000,37.3428,
000869.SZ,张裕A,2006-02-13,8.9225,8.9225,8.9225,8.9225,--,--,1239014400,10066992000,37.3428,
000869.SZ,张裕A,2006-02-14,8.9225,8.9225,8.9225,8.9225,--,--,1239014400,10066992000,37.3428,
000869.SZ,张裕A,2006-02-15,8.9225,8.9225,8.9225,8.9225,--,--,1239014400,10066992000,37.3428,
000869.SZ,张裕A,2006-02-16,8.9225,8.9225,8.9225,8.9225,--,--,1239014400,10066992000,37.3428,
000869.SZ,张裕A,2006-02-17,8.9225,8.9225,8.9225,8.9225,--,--,1239014400,10066992000,37.3428,
000869.SZ,张裕A,2006-02-20,9.814,9.814,9.0986,9.5875,2303872,4.6151,1331366400,10817352000,40.1262,
000869.SZ,张裕A,2006-02-21,9.4186,9.5839,9.4186,9.494,433384,0.8682,1318387200,10711896000,39.735,
000869.SZ,张裕A,2006-02-22,9.4725,10.1303,9.4581,9.9182,446428,0.8943,1377292800,11190504000,41.5104,
000869.SZ,张裕A,2006-02-23,9.9578,10.0477,9.5624,9.9146,631546,1.2651,1376793600,11186448000,41.4953,
000869.SZ,张裕A,2006-02-24,9.9218,10.3892,9.9218,10.2993,1145699,2.2951,1430208000,11620440000,43.1052,
000869.SZ,张裕A,2006-02-27,10.382,10.382,9.9794,10.0764,1011534,2.0263,1399257600,11368968000,42.1724,
000869.SZ,张裕A,2006-02-28,10.0656,10.497,9.8931,10.3532,836111,1.6749,1437696000,11681280000,43.3309,
000869.SZ,张裕A,2006-03-01,10.4251,10.5509,10.0656,10.4754,698087,1.3984,1454668800,11819184000,43.8424,
000869.SZ,张裕A,2006-03-02,10.4754,10.4754,10.4754,10.4754,--,--,1454668800,11819184000,43.8424,
000869.SZ,张裕A,2006-03-03,10.4754,10.4754,10.4754,10.4754,--,--,1454668800,11819184000,43.8424,
000869.SZ,张裕A,2006-03-06,10.4754,10.4754,10.4754,10.4754,--,--,1454668800,11819184000,43.8424,
000869.SZ,张裕A,2006-03-07,10.4754,10.4754,10.4754,10.4754,--,--,1454668800,11819184000,43.8424,
000869.SZ,张裕A,2006-03-08,10.4754,10.4754,10.4754,10.4754,--,--,1454668800,11819184000,43.8424,
000869.SZ,张裕A,2006-03-09,10.4754,10.4754,10.4754,10.4754,--,--,1454668800,11819184000,43.8424,
000869.SZ,张裕A,2006-03-10,10.4754,10.4754,10.4754,10.4754,--,--,1454668800,11819184000,43.8424,
000869.SZ,张裕A,2006-03-13,10.4754,10.4754,10.4754,10.4754,--,--,1454668800,11819184000,43.8424,
000869.SZ,张裕A,2006-03-14,10.4754,10.4754,10.4754,10.4754,--,--,1454668800,11819184000,43.8424,
000869.SZ,张裕A,2006-03-15,10.4754,10.4754,10.4754,10.4754,--,--,1454668800,11819184000,43.8424,
000869.SZ,张裕A,2006-03-16,10.4754,10.4754,10.4754,10.4754,--,--,1454668800,11819184000,43.8424,
000869.SZ,张裕A,2006-03-17,10.4754,10.4754,10.4754,10.4754,--,--,1454668800,11819184000,43.8424,
000869.SZ,张裕A,2006-03-20,10.4754,10.4754,10.4754,10.4754,--,--,1454668800,11819184000,43.8424,
000869.SZ,张裕A,2006-03-21,13.3396,13.3396,11.6738,12.3042,2083339,3.2604,1708621824,10845744000,40.2315,
000869.SZ,张裕A,2006-03-22,12.1938,12.4055,11.9407,12.4009,781407,1.2229,1722040320,10930920000,40.5475,
000869.SZ,张裕A,2006-03-23,12.4009,12.7874,12.2444,12.6217,694232,1.0865,1752711168,11125608000,41.2696,
000869.SZ,张裕A,2006-03-24,12.1892,12.769,12.1892,12.7414,325807,0.5099,1769324544,11231064000,41.6608,
000869.SZ,张裕A,2006-03-27,12.4239,13.3442,12.4239,13.3396,644818,1.0091,1852391424,11758344000,37.6424,
000869.SZ,张裕A,2006-03-28,13.3396,13.5742,13.1463,13.5282,543805,0.8511,1878589440,11924640000,38.1748,
000869.SZ,张裕A,2006-03-29,13.3672,13.6663,13.2843,13.4454,522718,0.8181,1867087872,11851632000,37.9411,
000869.SZ,张裕A,2006-03-30,13.4178,13.5696,13.2429,13.3442,304348,0.4763,1853030400,11762400000,37.6554,
000869.SZ,张裕A,2006-03-31,13.2751,13.4822,13.1141,13.4546,472976,0.7402,1868365824,11859744000,37.967,
000869.SZ,张裕A,2006-04-03,13.4546,14.3565,13.3672,14.2782,740762,1.1593,1982742528,12585768000,40.2913,
000869.SZ,张裕A,2006-04-04,14.2184,14.4485,14.177,14.3795,206695,0.3235,1996800000,12675000000,40.5769,
000869.SZ,张裕A,2006-04-05,14.2875,14.9086,14.1172,14.8442,695934,1.0891,2061336576,13084656000,41.8884,
000869.SZ,张裕A,2006-04-06,14.8442,15.3642,14.6142,14.8672,953141,1.4917,2064531456,13104936000,41.9533,
000869.SZ,张裕A,2006-04-07,14.7246,14.9547,13.8043,14.8764,600972,0.9405,2065809408,13113048000,41.9793,
000869.SZ,张裕A,2006-04-10,14.7246,14.7246,14.2644,14.5865,515740,0.8071,2025553920,12857520000,41.1612,
000869.SZ,张裕A,2006-04-11,14.4945,14.5405,14.0804,14.223,1007377,1.5765,1975074816,12537096000,40.1355,
000869.SZ,张裕A,2006-04-12,14.1954,14.2414,13.6755,14.2046,507674,0.7945,1972518912,12520872000,40.0835,
000869.SZ,张裕A,2006-04-13,14.0344,14.674,13.8595,13.97,920036,1.4399,1939931136,12314016000,39.4213,
000869.SZ,张裕A,2006-04-14,13.8043,14.3565,13.8043,14.3519,576040,0.9015,1992966144,12650664000,40.499,
000869.SZ,张裕A,2006-04-17,14.2644,14.5405,14.0344,14.4485,571210,0.8939,2006384640,12735840000,36.0169,
000869.SZ,张裕A,2006-04-18,14.2644,14.3565,14.039,14.1816,459999,0.7199,1969324032,12500592000,35.3516,
000869.SZ,张裕A,2006-04-19,14.2644,15.5989,14.039,15.5989,1138852,1.7823,2166128640,13749840000,38.8844,
000869.SZ,张裕A,2006-04-20,15.6909,17.0161,15.6909,16.013,1120211,1.7531,2223636480,14114880000,39.9168,
000869.SZ,张裕A,2006-04-21,15.8795,17.0483,15.7829,17.0253,767856,1.2017,2364211200,15007200000,42.4403,
000869.SZ,张裕A,2006-04-24,17.0253,17.0253,16.105,16.9103,722175,1.1302,2348236800,14905800000,42.1535,
000869.SZ,张裕A,2006-04-25,16.7906,16.8412,16.3903,16.4225,437701,0.685,2280505344,14475864000,40.9376,
000869.SZ,张裕A,2006-04-26,16.4225,17.0207,15.6449,16.2477,860942,1.3474,2256224256,14321736000,40.5018,
000869.SZ,张裕A,2006-04-27,16.2477,16.2477,16.2477,16.2477,--,--,2256224256,14321736000,40.5018,
000869.SZ,张裕A,2006-04-28,15.7875,17.0253,15.7875,16.7906,1303660,2.0402,2331623424,14800344000,41.8553,
000869.SZ,张裕A,2006-05-08,16.6572,18.4656,16.5698,17.8858,702008,1.0986,2483699712,15765672000,44.5852,
000869.SZ,张裕A,2006-05-09,18.0974,18.4425,17.6235,17.987,689159,1.0785,2497757184,15854904000,44.8376,
000869.SZ,张裕A,2006-05-10,18.2171,18.4287,17.467,17.9364,645211,1.0098,2490728448,15810288000,44.7114,
000869.SZ,张裕A,2006-05-11,17.9824,19.3168,17.4854,18.8015,1168334,1.8284,2610855936,16572816000,46.8678,
000869.SZ,张裕A,2006-05-12,18.5438,20.6604,18.1757,20.6512,1281262,2.0052,2867724288,18203328000,51.4789,
000869.SZ,张裕A,2006-05-15,20.6512,22.7173,20.6144,22.7173,2697077,4.2209,3154624512,20024472000,56.6291,
000869.SZ,张裕A,2006-05-16,23.0571,23.233,20.448,20.6421,2309751,2.7806,2825935257.6,17938065600,50.7287,
000869.SZ,张裕A,2006-05-17,20.5693,21.3339,18.6034,20.0232,1442758,1.7369,2741207040,17400240000,49.2077,
000869.SZ,张裕A,2006-05-18,19.4165,20.1325,18.5185,19.9383,1176181,1.4159,2729577676.8,17326420800,48.999,
000869.SZ,张裕A,2006-05-19,19.5136,20.357,19.5136,20.1446,807888,0.9726,2757820416,17505696000,49.506,
000869.SZ,张裕A,2006-05-22,20.1446,20.2538,18.1301,18.1301,1985084,2.3897,2482038374.4,15755126400,44.5554,
000869.SZ,张裕A,2006-05-23,17.5962,18.567,16.6254,17.942,1830227,2.2033,2456287641.6,15591669600,44.0931,
000869.SZ,张裕A,2006-05-24,17.6569,18.5063,17.1836,18.2758,1084949,1.3061,2501974425.6,15881673600,44.9133,
000869.SZ,张裕A,2006-05-25,18.385,18.385,17.6022,17.8328,723770,0.8713,2441335603.2,15496759200,43.8247,
000869.SZ,张裕A,2006-05-26,17.8996,18.5063,17.7782,18.0816,718724,0.8652,2475393024,15712944000,44.4361,
000869.SZ,张裕A,2006-05-29,18.5063,19.3558,17.8996,19.1859,1843636,2.2195,2626574745.6,16672593600,47.15,
000869.SZ,张裕A,2006-05-30,19.3861,20.4965,19.1131,19.4165,1556354,1.8736,2658140160,16872960000,47.7166,
000869.SZ,张裕A,2006-05-31,20.0111,20.0111,18.567,18.743,654064,0.7874,2565935923.2,16287679200,46.0614,
000869.SZ,张裕A,2006-06-01,18.5549,19.1131,17.6022,18.8886,1542997,1.8575,2585871974.4,16414226400,46.4193,
000869.SZ,张裕A,2006-06-02,18.8097,18.8097,17.8996,18.1726,716236,0.8622,2487853056,15792036000,44.6598,
000869.SZ,张裕A,2006-06-05,18.0209,18.294,17.5962,18.2454,483374,0.5819,2497821081.6,15855309600,44.8387,
000869.SZ,张裕A,2006-06-06,18.1969,18.2454,17.5355,17.7539,877336,1.0562,2430536908.8,15428212800,43.6309,
000869.SZ,张裕A,2006-06-07,17.7175,17.7175,16.8499,17.0986,1308311,1.575,2340824678.4,14858750400,42.0204,
000869.SZ,张裕A,2006-06-08,16.8681,17.8996,16.686,17.8874,804746,0.9688,2448811622.4,15544214400,43.9589,
000869.SZ,张裕A,2006-06-09,17.7843,19.6774,17.2928,19.2951,2498373,3.0077,2641526784,16767504000,47.4184,
000869.SZ,张裕A,2006-06-12,19.1738,21.1761,19.1131,21.0244,2377550,2.8622,2878267392,18270252000,51.6681,
000869.SZ,张裕A,2006-06-13,21.0062,21.528,20.0839,20.2659,1411813,1.6996,2774433792,17611152000,49.8042,
000869.SZ,张裕A,2006-06-14,20.0778,21.6858,19.7259,21.2914,1251745,1.5069,2914816819.2,18502255200,52.3242,
000869.SZ,张裕A,2006-06-15,21.2064,21.8435,20.9698,21.1458,1021932,1.2303,2894880768,18375708000,51.9664,
000869.SZ,张裕A,2006-06-16,21.0547,23.1177,21.0547,22.6627,1552089,1.8685,3102547968,19693908000,55.6942,
000869.SZ,张裕A,2006-06-19,22.6687,24.0886,22.153,23.4211,1583710,1.9065,3206381568,20353008000,57.5582,
000869.SZ,张裕A,2006-06-20,23.3422,23.4151,22.9418,23.324,981923,1.1821,3193090867.2,20268643200,57.3196,
000869.SZ,张裕A,2006-06-21,23.0571,23.5971,22.7537,22.8508,729083,0.8777,3128298700.8,19857364800,56.1565,
000869.SZ,张裕A,2006-06-22,22.6323,23.4818,21.9467,22.5231,628706,0.7569,3083442585.6,19572633600,55.3513,
000869.SZ,张裕A,2006-06-23,22.5231,23.4211,22.0862,22.869,903525,1.0877,3130790707.2,19873183200,56.2012,
000869.SZ,张裕A,2006-06-26,22.7233,24.8106,22.6809,24.0946,859462,1.0347,3298585804.8,20938288800,59.2133,
000869.SZ,张裕A,2006-06-27,24.1068,24.2706,23.1784,23.6456,1078486,1.2983,3237116313.6,20548101600,58.1099,
000869.SZ,张裕A,2006-06-28,23.4151,23.6638,23.0571,23.1845,456692,0.5498,3173985484.8,20147368800,56.9766,
000869.SZ,张裕A,2006-06-29,23.1481,23.6578,23.0631,23.5425,547327,0.6589,3222994944,20458464000,57.8564,
000869.SZ,张裕A,2006-06-30,23.4697,23.5303,22.7537,22.8204,768169,0.9248,3124145356.8,19831000800,56.0819,
000869.SZ,张裕A,2006-07-03,22.1591,22.8447,21.5887,22.2986,1541618,1.8559,3052707840,19377540000,54.7995,
000869.SZ,张裕A,2006-07-04,21.8435,22.2561,21.0851,22.1469,1350613,1.6259,3031941120,19245720000,54.4268,
000869.SZ,张裕A,2006-07-05,22.0256,22.784,21.5402,22.6202,412556,0.4967,3096733286.4,19656998400,55.5898,
000869.SZ,张裕A,2006-07-06,22.6141,22.7537,22.1469,22.7537,512965,0.6175,3115008000,19773000000,55.9179,
000869.SZ,张裕A,2006-07-07,22.5595,22.5595,21.71,21.7525,602771,0.7256,2977947648,18902988000,53.4575,
000869.SZ,张裕A,2006-07-10,21.7829,21.7829,21.0729,21.5402,806127,0.9705,2948874240,18718440000,52.9356,
000869.SZ,张裕A,2006-07-11,21.5402,21.9042,21.1761,21.2368,295657,0.3559,2907340800,18454800000,52.19,
000869.SZ,张裕A,2006-07-12,21.5098,21.5098,20.63,20.9152,583361,0.7023,2863315353.6,18175341600,51.3997,
000869.SZ,张裕A,2006-07-13,20.9334,21.8435,20.63,21.4613,1501779,1.8079,2938075545.6,18649893600,52.7418,
000869.SZ,张裕A,2006-07-14,21.2368,21.6918,20.63,21.0669,530219,0.6383,2884082073.6,18307161600,51.7725,
000869.SZ,张裕A,2006-07-17,21.1154,21.2368,20.3327,20.8727,567007,0.6826,2857500672,18138432000,51.2953,
000869.SZ,张裕A,2006-07-18,20.6361,20.8606,20.448,20.6664,312290,0.376,2829257932.8,17959156800,50.7884,
000869.SZ,张裕A,2006-07-19,20.6664,21.2246,20.448,20.9273,795930,0.9582,2864976691.2,18185887200,51.4296,
000869.SZ,张裕A,2006-07-20,20.9213,21.1336,20.5572,20.9819,312729,0.3765,2872452710.4,18233342400,51.5638,
000869.SZ,张裕A,2006-07-21,21.0001,21.0547,20.8181,20.9941,485456,0.5844,2874114048,18243888000,51.5936,
000869.SZ,张裕A,2006-07-24,21.0547,22.2076,20.7514,22.0862,849062,1.0221,3023634432,19192992000,54.2776,
000869.SZ,张裕A,2006-07-25,22.0862,22.4503,21.8435,22.0195,591742,0.7124,3014497075.2,19134991200,54.1136,
000869.SZ,张裕A,2006-07-26,21.8435,22.1166,21.5402,21.6372,294709,0.3548,2962164940.8,18802804800,53.1742,
000869.SZ,张裕A,2006-07-27,21.2974,21.7222,21.1154,21.1761,276650,0.333,2899034112,18402072000,52.0409,
000869.SZ,张裕A,2006-07-28,21.1761,21.1761,20.7514,21.0244,294673,0.3547,2878267392,18270252000,51.6681,
000869.SZ,张裕A,2006-07-31,21.0244,21.0244,20.3327,20.4358,275788,0.332,2797692518.4,17758790400,50.2217,
000869.SZ,张裕A,2006-08-01,20.3145,20.63,19.4165,20.0232,255050,0.307,2741207040,17400240000,49.2077,
000869.SZ,张裕A,2006-08-02,20.2053,20.2235,19.7805,20.0293,204049,0.2456,2742037708.8,17405512800,49.2227,
000869.SZ,张裕A,2006-08-03,20.0354,20.3327,19.6652,19.7805,294290,0.3543,2707980288,17189328000,48.6113,
000869.SZ,张裕A,2006-08-04,19.4468,19.8291,18.5063,19.4165,265493,0.3196,2658140160,16872960000,47.7166,
000869.SZ,张裕A,2006-08-07,18.9311,19.4104,18.8704,19.1738,385782,0.4644,2624913408,16662048000,47.1201,
000869.SZ,张裕A,2006-08-08,19.3558,19.5985,19.1738,19.5924,210254,0.2531,2682229555.2,17025871200,48.149,
000869.SZ,张裕A,2006-08-09,19.5924,19.5924,19.1131,19.2102,852346,1.0261,2629897420.8,16693684800,47.2096,
000869.SZ,张裕A,2006-08-10,19.2162,19.5257,19.2162,19.4165,280973,0.3382,2658140160,16872960000,47.7166,
000869.SZ,张裕A,2006-08-11,19.3558,19.6106,19.2344,19.4165,363651,0.4378,2658140160,16872960000,47.7166,
000869.SZ,张裕A,2006-08-14,19.4165,19.4165,18.8097,18.8704,646015,0.7777,2583379968,16398408000,46.3746,
000869.SZ,张裕A,2006-08-15,18.5731,18.9735,18.567,18.7854,183635,0.2211,2571750604.8,16324588800,46.1658,
000869.SZ,张裕A,2006-08-16,18.8097,18.9007,18.658,18.8097,704013,0.8475,2575073280,16345680000,46.2255,
000869.SZ,张裕A,2006-08-17,18.8097,18.9917,18.6884,18.8097,287625,0.3463,2575073280,16345680000,46.2255,
000869.SZ,张裕A,2006-08-18,18.8097,18.9614,18.6459,18.7369,421774,0.5078,2565105254.4,16282406400,43.4616,
000869.SZ,张裕A,2006-08-21,18.5063,18.7066,18.2029,18.7005,392681,0.4727,2560121241.6,16250769600,43.3772,
000869.SZ,张裕A,2006-08-22,18.9857,19.1859,18.6155,18.9129,464141,0.5588,2589194649.6,16435317600,43.8698,
000869.SZ,张裕A,2006-08-23,19.0828,19.0828,18.6277,18.6277,264105,0.3179,2550153216,16187496000,43.2083,
000869.SZ,张裕A,2006-08-24,18.3546,18.9675,18.3546,18.9129,447649,0.5389,2589194649.6,16435317600,43.8698,
000869.SZ,张裕A,2006-08-25,18.9129,18.9129,18.5003,18.7915,1041108,1.2533,2572581273.6,16329861600,43.5883,
000869.SZ,张裕A,2006-08-28,18.7794,19.7805,18.567,19.4772,1172230,1.4112,2666446848,16925688000,45.1787,
000869.SZ,张裕A,2006-08-29,19.4286,20.3024,19.2769,20.0657,969816,1.1675,2747021721.6,17437149600,46.5439,
000869.SZ,张裕A,2006-08-30,19.9626,20.005,19.4589,19.8169,232058,0.2794,2712964300.8,17220964800,45.9668,
000869.SZ,张裕A,2006-08-31,19.8169,20.1446,19.8169,20.0414,208679,0.2512,2743699046.4,17416058400,46.4876,
000869.SZ,张裕A,2006-09-01,20.0414,20.1992,19.8169,20.0232,716690,0.8628,2741207040,17400240000,46.4454,
000869.SZ,张裕A,2006-09-04,20.0232,20.1446,19.8291,19.8958,604311,0.7275,2723762995.2,17289511200,46.1498,
000869.SZ,张裕A,2006-09-05,19.8412,20.0111,19.5985,19.9201,882007,1.0618,2727085670.4,17310602400,46.2061,
000869.SZ,张裕A,2006-09-06,19.9019,20.0718,19.7199,19.9504,141577,0.1704,2731239014.4,17336966400,46.2765,
000869.SZ,张裕A,2006-09-07,20.1446,20.4298,19.9504,20.1446,501369,0.6036,2757820416,17505696000,46.7269,
000869.SZ,张裕A,2006-09-08,20.0111,20.1689,20.0111,20.1446,335359,0.4037,2757820416,17505696000,46.7269,
000869.SZ,张裕A,2006-09-11,20.1689,20.2053,19.4165,19.7502,298554,0.3594,2703826944,17162964000,45.812,
000869.SZ,张裕A,2006-09-12,19.7502,20.0718,19.5985,19.908,570390,0.6867,2725424332.8,17300056800,46.178,
000869.SZ,张裕A,2006-09-13,19.908,20.0172,19.5257,19.7684,551050,0.6634,2706318950.4,17178782400,45.8543,
000869.SZ,张裕A,2006-09-14,19.5682,20.5572,19.5136,20.539,1204143,1.4496,2811813888,17848428000,47.6417,
000869.SZ,张裕A,2006-09-15,20.5936,20.9334,20.5087,20.7514,813277,0.9791,2840887296,18032976000,48.1343,
000869.SZ,张裕A,2006-09-18,20.8302,20.8302,20.3691,20.6421,505830,0.6089,2825935257.6,17938065600,47.881,
000869.SZ,张裕A,2006-09-19,20.9334,21.4673,20.63,21.0851,542967,0.6537,2886574080,18322980000,48.9084,
000869.SZ,张裕A,2006-09-20,20.9941,21.7829,20.6907,21.4673,1019288,1.2271,2938906214.4,18655166400,49.7951,
000869.SZ,张裕A,2006-09-21,21.7161,21.8435,21.4188,21.8435,955238,1.15,2990407680,18982080000,50.6677,
000869.SZ,张裕A,2006-09-22,21.8435,21.9649,21.71,21.9042,531840,0.6403,2998714368,19034808000,50.8084,
000869.SZ,张裕A,2006-09-25,21.9345,22.0256,21.2368,21.3581,292850,0.3525,2923954176,18560256000,49.5417,
000869.SZ,张裕A,2006-09-26,21.0547,21.5402,20.6907,21.4795,300789,0.3621,2940567552,18665712000,49.8232,
000869.SZ,张裕A,2006-09-27,21.4795,21.8435,21.2368,21.7222,335671,0.4041,2973794304,18876624000,50.3862,
000869.SZ,张裕A,2006-09-28,21.71,21.8314,21.5402,21.6069,383088,0.4612,2958011596.8,18776440800,50.1188,
000869.SZ,张裕A,2006-09-29,21.6008,21.6312,21.1154,21.4795,392724,0.4728,2940567552,18665712000,49.8232,
000869.SZ,张裕A,2006-10-09,21.2368,23.0571,21.2368,22.0256,548450,0.6603,3015327744,19140264000,51.0899,
000869.SZ,张裕A,2006-10-10,22.0862,22.4442,21.7343,22.0256,278490,0.3353,3015327744,19140264000,51.0899,
000869.SZ,张裕A,2006-10-11,21.8435,21.9588,21.6008,21.8132,168410,0.2027,2986254336,18955716000,50.5973,
000869.SZ,张裕A,2006-10-12,21.7829,21.7829,21.2368,21.3156,219129,0.2638,2918139494.4,18523346400,49.4432,
000869.SZ,张裕A,2006-10-13,21.3156,21.4795,20.8727,21.2974,238534,0.2872,2915647488,18507528000,49.401,
000869.SZ,张裕A,2006-10-16,21.1154,21.2246,20.5997,20.6057,1094523,1.3176,2820951244.8,17906428800,47.7965,
000869.SZ,张裕A,2006-10-17,20.3266,21.17,20.3266,20.6118,262527,0.316,2821781913.6,17911701600,47.8106,
000869.SZ,张裕A,2006-10-18,20.6239,20.988,20.4358,20.9334,296079,0.3564,2865807360,18191160000,48.5565,
000869.SZ,张裕A,2006-10-19,20.9334,21.0851,20.4783,20.9273,1085754,1.3071,2864976691.2,18185887200,48.5425,
000869.SZ,张裕A,2006-10-20,20.6421,20.9091,20.5087,20.6907,710734,0.8556,2832580608,17980248000,47.9936,
000869.SZ,张裕A,2006-10-23,20.6967,20.7028,19.7199,20.0414,528831,0.6366,2743699046.4,17416058400,46.4876,
000869.SZ,张裕A,2006-10-24,20.1931,20.4783,20.0232,20.448,970035,1.1678,2799353856,17769336000,43.9719,
000869.SZ,张裕A,2006-10-25,20.5087,21.1093,20.5087,20.63,1005770,1.2108,2824273920,17927520000,44.3633,
000869.SZ,张裕A,2006-10-26,20.63,20.7514,20.3873,20.5693,504441,0.6073,2815967232,17874792000,44.2328,
000869.SZ,张裕A,2006-10-27,20.5693,20.8727,20.5208,20.6543,420235,0.5059,2827596595.2,17948611200,44.4155,
000869.SZ,张裕A,2006-10-30,20.357,20.8727,20.357,20.63,455937,0.5489,2824273920,17927520000,44.3633,
000869.SZ,张裕A,2006-10-31,20.5269,20.63,20.3266,20.3327,381058,0.4587,2783571148.8,17669152800,43.7239,
000869.SZ,张裕A,2006-11-01,20.5269,20.8727,20.3327,20.63,761191,0.9164,2824273920,17927520000,44.3633,
000869.SZ,张裕A,2006-11-02,20.7999,20.7999,20.3873,20.63,553229,0.666,2824273920,17927520000,44.3633,
000869.SZ,张裕A,2006-11-03,20.7514,20.7878,20.3994,20.5329,736720,0.8869,2810983219.2,17843155200,44.1545,
000869.SZ,张裕A,2006-11-06,20.5087,20.5936,20.4176,20.5087,213157,0.2566,2807660544,17822064000,44.1023,
000869.SZ,张裕A,2006-11-07,20.3266,20.6239,20.272,20.3266,680554,0.8193,2782740480,17663880000,43.7109,
000869.SZ,张裕A,2006-11-08,20.3266,22.0256,20.3266,21.8435,2520479,3.0343,2990407680,18982080000,46.9729,
000869.SZ,张裕A,2006-11-09,21.8314,22.2501,21.5402,21.9649,1273091,1.5326,3007021056,19087536000,47.2339,
000869.SZ,张裕A,2006-11-10,21.9649,22.1469,21.1154,21.4188,589299,0.7094,2932260864,18612984000,46.0595,
000869.SZ,张裕A,2006-11-13,21.4795,21.9042,20.9334,21.9042,658800,0.7931,2998714368,19034808000,47.1034,
000869.SZ,张裕A,2006-11-14,21.8375,22.8629,21.5098,22.693,729059,0.8777,3106701312,19720272000,48.7996,
000869.SZ,张裕A,2006-11-15,22.693,23.5728,22.3896,23.4818,1560505,1.8786,3214688256,20405736000,50.4959,
000869.SZ,张裕A,2006-11-16,23.4818,25.4234,23.2391,25.1201,1830259,2.2034,3438968832,21829392000,54.0188,
000869.SZ,张裕A,2006-11-17,24.8167,25.7875,24.4587,25.1807,1729265,2.0818,3447275520,21882120000,54.1493,
000869.SZ,张裕A,2006-11-20,24.6407,25.5448,24.0279,24.8288,1522050,1.8323,3399096729.6,21576297600,53.3925,
000869.SZ,张裕A,2006-11-21,25.0533,25.1807,23.3604,24.2706,1002928,1.2074,3322675200,21091200000,52.1921,
000869.SZ,张裕A,2006-11-22,23.9247,24.574,23.6638,24.2706,1787250,2.1516,3322675200,21091200000,52.1921,
000869.SZ,张裕A,2006-11-23,24.2645,24.2645,23.5425,23.9672,1359315,1.6364,3281141760,20827560000,51.5397,
000869.SZ,张裕A,2006-11-24,23.6638,24.0643,23.5121,23.7245,1879131,2.2622,3247915008,20616648000,51.0178,
000869.SZ,张裕A,2006-11-27,23.4211,24.5012,23.4211,24.1492,779930,0.9389,3306061824,20985744000,51.9312,
000869.SZ,张裕A,2006-11-28,24.2099,24.8774,23.9672,24.4708,185785,0.2237,3350087270.4,21265202400,52.6227,
000869.SZ,张裕A,2006-11-29,24.4526,26.3336,23.6699,26.0302,842019,1.0137,3563569152,22620312000,55.976,
000869.SZ,张裕A,2006-11-30,26.0545,27.001,25.6358,26.2729,798759,0.9616,3596795904,22831224000,56.498,
000869.SZ,张裕A,2006-12-01,26.0909,27.0921,25.6055,26.6855,500427,0.6024,3653281382.4,23189774400,57.3852,
000869.SZ,张裕A,2006-12-04,26.6977,27.001,26.2426,27.001,633126,0.7622,3696476160,23463960000,58.0637,
000869.SZ,张裕A,2006-12-05,26.6977,27.3044,26.5763,27.2984,284318,0.3423,3737178931.2,23722327200,58.7031,
000869.SZ,张裕A,2006-12-06,27.2984,27.3651,26.0909,27.001,919187,1.1066,3696476160,23463960000,58.0637,
000869.SZ,张裕A,2006-12-07,27.001,27.001,27.001,27.001,--,--,3696476160,23463960000,58.0637,
000869.SZ,张裕A,2006-12-08,26.6855,26.6977,26.0909,26.2547,518635,0.6244,3594303897.6,22815405600,56.4588,
000869.SZ,张裕A,2006-12-11,26.0241,26.6977,25.8482,26.5763,878218,1.0572,3638329344,23094864000,57.1504,
000869.SZ,张裕A,2006-12-12,26.6977,27.2984,24.8774,25.7936,1268407,1.527,3531173068.8,22414672800,55.4672,
000869.SZ,张裕A,2006-12-13,25.8178,26.3943,25.8178,26.2122,471037,0.5671,3588489216,22778496000,56.3675,
000869.SZ,张裕A,2006-12-14,25.9695,27.1831,25.7268,27.177,1011212,1.2173,3720565555.2,23616871200,58.4421,
000869.SZ,张裕A,2006-12-15,27.359,28.2146,26.9404,28.0325,1255146,1.511,3837689856,24360336000,60.2819,
000869.SZ,张裕A,2006-12-18,28.1539,29.2461,27.9658,28.7303,494752,0.5956,3933216768,24966708000,61.7824,
000869.SZ,张裕A,2006-12-19,29.1126,29.1126,27.177,27.9112,618206,0.7442,3821076480,24254880000,60.0209,
000869.SZ,张裕A,2006-12-20,27.8505,28.0022,27.3044,27.8505,226155,0.2723,3812769792,24202152000,59.8905,
000869.SZ,张裕A,2006-12-21,27.9112,28.2752,27.3166,27.8626,1951189,2.3489,3814431129.6,24212697600,59.9165,
000869.SZ,张裕A,2006-12-22,27.3348,27.9233,27.3348,27.6806,762892,0.9184,3789511065.6,24054513600,59.5251,
000869.SZ,张裕A,2006-12-25,27.5471,28.5179,27.3712,28.4573,804370,0.9683,3895836672,24729432000,61.1953,
000869.SZ,张裕A,2006-12-26,28.5179,28.9063,27.9719,28.4573,432476,0.5206,3895836672,24729432000,61.1953,
000869.SZ,张裕A,2006-12-27,28.6393,30.0955,28.0993,29.7193,699044,0.8415,4068615782.4,25826174400,63.9092,
000869.SZ,张裕A,2006-12-28,29.6405,30.3443,29.6101,30.0409,501881,0.6042,4112641228.8,26105632800,64.6008,
000869.SZ,张裕A,2006-12-29,30.2169,32.0068,29.6405,30.229,404131,0.4865,4138391961.6,26269089600,65.0053,
000869.SZ,张裕A,2007-01-04,30.2776,31.5518,29.4099,29.4099,994830,1.1976,4026251673.6,25557261600,63.2438,
000869.SZ,张裕A,2007-01-05,29.4038,30.0167,28.7,28.9548,321941,0.3876,3963951513.6,25161801600,62.2652,
000869.SZ,张裕A,2007-01-08,28.8213,29.2339,28.0386,29.0519,1400419,1.6859,3977242214.4,25246166400,62.474,
000869.SZ,张裕A,2007-01-09,28.8213,30.3382,28.6696,30.3382,427663,0.5148,4153344000,26364000000,65.2401,
000869.SZ,张裕A,2007-01-10,30.3382,30.763,30.0349,30.6416,393918,0.4742,4194877440,26627640000,65.8925,
000869.SZ,张裕A,2007-01-11,30.5203,32.0857,29.7315,31.8552,363748,0.4379,4361011200,27682200000,68.5022,
000869.SZ,张裕A,2007-01-12,31.5518,34.8586,30.945,34.2397,568106,0.6839,4687464038.4,29754410400,73.63,
000869.SZ,张裕A,2007-01-15,34.0395,36.4059,33.4024,35.1863,604531,0.7278,4817048371.2,30576967200,75.6655,
000869.SZ,张裕A,2007-01-16,35.1863,35.7991,34.6463,35.4957,611254,0.7359,4859412480,30845880000,76.331,
000869.SZ,张裕A,2007-01-17,36.1025,39.015,34.7676,37.9228,399434,0.4809,5191680000,32955000000,81.5502,
000869.SZ,张裕A,2007-01-18,37.6194,41.26,37.0127,40.7018,979544,1.1792,5572126310.4,35369942400,87.5262,
000869.SZ,张裕A,2007-01-19,39.4883,43.2623,39.4883,43.232,614274,0.7395,5918515200,37568700000,92.9672,
000869.SZ,张裕A,2007-01-22,43.4383,46.5995,43.232,44.9734,966881,1.164,6156917145.6,39081993600,96.712,
000869.SZ,张裕A,2007-01-23,44.221,44.2938,40.4773,40.5016,1220217,1.469,5544714240,35195940000,87.0956,
000869.SZ,张裕A,2007-01-24,40.0465,41.26,37.8014,40.5319,1181043,1.4218,5548867584,35222304000,87.1608,
000869.SZ,张裕A,2007-01-25,40.0465,40.6532,38.7601,40.0465,2248240,2.7065,5482414080,34800480000,86.117,
000869.SZ,张裕A,2007-01-26,39.8645,41.3692,37.6194,41.1811,1030578,1.2407,5637749145.6,35786493600,88.557,
000869.SZ,张裕A,2007-01-29,40.6532,40.6532,38.8936,40.3499,1568918,1.8887,5523947520,35064120000,86.7694,
000869.SZ,张裕A,2007-01-30,40.0465,41.1387,39.3184,40.3438,324152,0.3902,5523116851.2,35058847200,86.7563,
000869.SZ,张裕A,2007-01-31,39.7431,39.7431,37.85,37.9592,890689,1.0723,5196664012.8,32986636800,81.6285,
000869.SZ,张裕A,2007-02-01,37.4677,38.9543,36.4787,38.9543,1088323,1.3102,5332893696,33851376000,83.7683,
000869.SZ,张裕A,2007-02-02,38.4689,39.0757,36.7699,38.8329,288864,0.3477,5316280320,33745920000,83.5074,
000869.SZ,张裕A,2007-02-05,38.1412,38.7601,35.7991,38.7601,523891,0.6307,5306312294.4,33682646400,83.3508,
000869.SZ,张裕A,2007-02-06,37.7408,38.8329,35.3744,37.0127,1096234,1.3197,5067079680,32164080000,79.593,
000869.SZ,张裕A,2007-02-07,36.4544,37.1947,35.1802,35.4957,1203288,1.4486,4859412480,30845880000,76.331,
000869.SZ,张裕A,2007-02-08,35.4957,36.0964,35.1317,35.4897,710601,0.8555,4858581811.2,30840607200,76.3179,
000869.SZ,张裕A,2007-02-09,35.1984,35.52,33.9788,34.1487,645329,0.7769,4675004006.4,29675318400,73.4343,
000869.SZ,张裕A,2007-02-12,34.2822,36.3452,34.1487,36.3452,215866,0.2599,4975706112,31584072000,78.1577,
000869.SZ,张裕A,2007-02-13,36.4362,38.1048,36.4362,37.8621,586228,0.7057,5183373312,32902272000,81.4197,
000869.SZ,张裕A,2007-02-14,38.1655,38.9543,36.5454,38.8329,596588,0.7182,5316280320,33745920000,83.5074,
000869.SZ,张裕A,2007-02-15,38.8269,39.737,38.2262,39.0696,1050550,1.2647,5348676403.2,33951559200,84.0163,
000869.SZ,张裕A,2007-02-16,39.1121,39.3184,37.4131,39.0696,447660,0.5389,5348676403.2,33951559200,84.0163,
000869.SZ,张裕A,2007-02-26,39.0696,39.0696,37.316,37.5587,250581,0.3017,5141839872,32638632000,80.7673,
000869.SZ,张裕A,2007-02-27,37.3949,37.3949,33.8029,33.8029,471695,0.5678,4627655884.8,29374768800,72.6906,
000869.SZ,张裕A,2007-02-28,32.1585,33.3721,31.7581,32.7653,1991050,2.3969,4485611520,28473120000,70.4594,
000869.SZ,张裕A,2007-03-01,33.008,33.008,31.4304,31.8552,1678840,2.0211,4361011200,27682200000,68.5022,
000869.SZ,张裕A,2007-03-02,31.9522,32.6986,30.6416,32.1585,1356658,1.6332,4402544640,27945840000,69.1546,
000869.SZ,张裕A,2007-03-05,32.1343,32.4559,31.0664,31.5518,506381,0.6096,4319477760,27418560000,67.8498,
000869.SZ,张裕A,2007-03-06,31.5882,32.5711,31.5821,32.3406,1045591,1.2587,4427464704,28104024000,69.546,
000869.SZ,张裕A,2007-03-07,32.5226,34.3672,32.3648,33.3781,1443082,1.7373,4569509068.8,29005672800,71.7772,
000869.SZ,张裕A,2007-03-08,33.6754,33.8514,33.0505,33.3842,342775,0.4126,4570339737.6,29010945600,71.7903,
000869.SZ,张裕A,2007-03-09,33.9121,35.8598,33.9121,34.2822,1573174,1.8939,4693278720,29791320000,73.7214,
000869.SZ,张裕A,2007-03-12,34.2822,35.4715,34.2822,35.3744,1298459,1.5631,4842799104,30740424000,76.07,
000869.SZ,张裕A,2007-03-13,35.3744,35.3744,34.8526,35.071,1143900,1.3771,4801265664,30476784000,75.4176,
000869.SZ,张裕A,2007-03-14,34.5856,35.1924,32.2799,35.1924,1356140,1.6326,4817879040,30582240000,75.6786,
000869.SZ,张裕A,2007-03-15,34.5553,35.4351,34.5553,35.1863,1059596,1.2756,4817048371.2,30576967200,75.6655,
000869.SZ,张裕A,2007-03-16,35.4957,35.4957,33.3721,33.8575,558395,0.6722,4635131904,29422224000,72.808,
000869.SZ,张裕A,2007-03-19,33.7119,33.7119,31.2969,32.5833,1811490,2.1808,4460691456,28314936000,63.792,
000869.SZ,张裕A,2007-03-20,32.7653,33.2446,31.9158,32.1464,818129,0.9849,4400883302.4,27935294400,62.9367,
000869.SZ,张裕A,2007-03-21,32.4619,32.9959,32.1464,32.826,744708,0.8965,4493918208,28525848000,64.2672,
000869.SZ,张裕A,2007-03-22,32.8381,33.1779,32.4741,32.6925,493479,0.5941,4475643494.4,28409846400,64.0058,
000869.SZ,张裕A,2007-03-23,32.9655,33.19,31.9826,32.7653,703564,0.847,4485611520,28473120000,64.1484,
000869.SZ,张裕A,2007-03-26,32.7774,33.0687,32.6379,33.0687,511107,0.6153,4527144960,28736760000,64.7424,
000869.SZ,张裕A,2007-03-27,33.0626,33.0626,32.4376,33.0626,1010466,1.2164,4526314291.2,28731487200,64.7305,
000869.SZ,张裕A,2007-03-28,33.2507,34.1973,32.7653,33.9728,1328942,1.5998,4650914611.2,29522407200,66.5124,
000869.SZ,张裕A,2007-03-29,34.0395,34.4642,33.6754,34.4642,1179491,1.4199,4718198784,29949504000,67.4746,
000869.SZ,张裕A,2007-03-30,34.2822,34.2822,33.3417,34.2761,972216,1.1704,4692448051.2,29786047200,67.1064,
000869.SZ,张裕A,2007-04-02,33.6937,34.2701,32.735,34.2701,962235,1.1584,4691617382.4,29780774400,67.0945,
000869.SZ,张裕A,2007-04-03,33.906,35.1924,33.3842,35.1863,1552308,1.8687,4817048371.2,30576967200,68.8883,
000869.SZ,张裕A,2007-04-04,35.3137,35.7263,34.889,35.4957,1524219,1.8349,4859412480,30845880000,69.4941,
000869.SZ,张裕A,2007-04-05,35.4957,35.9205,34.7373,35.9205,823071,0.9909,4917559296,31214976000,70.3257,
000869.SZ,张裕A,2007-04-06,35.6656,35.7991,34.7069,35.071,599232,0.7214,4801265664,30476784000,68.6625,
000869.SZ,张裕A,2007-04-09,35.071,35.7749,34.1305,34.6645,1220526,1.4693,4745610854.4,30123506400,67.8666,
000869.SZ,张裕A,2007-04-10,34.7069,34.7373,33.7665,34.4036,952896,1.1471,4709892096,29896776000,67.3558,
000869.SZ,张裕A,2007-04-11,34.3672,34.4036,33.6451,33.7968,1242772,1.4961,4626825216,29369496000,66.1679,
000869.SZ,张裕A,2007-04-12,33.7968,33.7968,33.7968,33.7968,--,--,4626825216,29369496000,66.1679,
000869.SZ,张裕A,2007-04-13,35.1438,37.1765,34.5856,37.1765,5199827,6.2598,5089507737.6,32306445600,72.7847,
000869.SZ,张裕A,2007-04-16,38.3293,39.1363,37.2372,37.6194,3702987,4.4578,5150146560,32691360000,73.6519,
000869.SZ,张裕A,2007-04-17,37.668,38.2262,35.4957,36.4059,2195897,2.6435,4984012800,31636800000,71.276,
000869.SZ,张裕A,2007-04-18,36.0418,36.4059,34.889,36.0358,1529351,1.8411,4933342003.2,31315159200,70.5514,
000869.SZ,张裕A,2007-04-19,36.0418,36.0418,32.7653,33.1961,1703561,2.0508,4544589004.8,28847488800,64.9918,
000869.SZ,张裕A,2007-04-20,33.0565,34.6523,33.0565,34.3732,2538531,3.056,4705738752,29870412000,67.2964,
000869.SZ,张裕A,2007-04-23,34.5249,34.8283,33.7907,34.5249,2642311,3.1809,4726505472,30002232000,61.3137,
000869.SZ,张裕A,2007-04-24,34.6341,34.889,33.6633,33.7422,2637098,3.1747,4619349196.8,29322040800,59.9237,
000869.SZ,张裕A,2007-04-25,33.8453,34.6402,33.2507,34.0941,2104459,2.5335,4667527987.2,29627863200,60.5487,
000869.SZ,张裕A,2007-04-26,34.3465,34.3465,33.1339,33.5525,3050227,3.672,4527975628.8,28742032800,58.7383,
000869.SZ,张裕A,2007-04-27,33.614,33.8541,32.3645,32.3768,1970788,2.3725,4369317888,27734928000,56.6802,
000869.SZ,张裕A,2007-04-30,32.2537,34.4511,31.552,34.1495,2939825,3.5391,4608550502.4,29253494400,59.7836,
000869.SZ,张裕A,2007-05-08,34.2726,34.3096,32.6722,34.0387,3040554,3.6604,4593598464,29158584000,59.5896,
000869.SZ,张裕A,2007-05-09,34.1003,34.1926,32.8077,32.9923,1868847,2.2498,4452384768,28262208000,57.7578,
000869.SZ,张裕A,2007-05-10,32.9862,33.534,32.2537,32.4999,2671575,3.2162,4385931264,27840384000,56.8957,
000869.SZ,张裕A,2007-05-11,32.5615,33.4724,32.5615,33.2078,1950141,2.3477,4481458176,28446756000,58.1349,
000869.SZ,张裕A,2007-05-14,33.2693,36.0392,33.2693,35.8176,4862283,5.8535,4833661747.2,30682423200,62.7038,
000869.SZ,张裕A,2007-05-15,35.9776,37.4857,34.882,34.9989,3060017,3.6838,4723182796.8,29981140800,61.2706,
000869.SZ,张裕A,2007-05-16,35.0851,37.2887,34.1618,36.8701,3557113,4.2822,4975706112,31584072000,64.5465,
000869.SZ,张裕A,2007-05-17,37.301,37.5349,35.8853,37.2395,2509436,3.021,5025546240,31900440000,65.193,
000869.SZ,张裕A,2007-05-18,36.9317,38.1628,36.6239,36.8209,2208168,2.6583,4969060761.6,31541889600,64.4602,
000869.SZ,张裕A,2007-05-21,35.6083,37.1164,35.0113,36.6239,1409984,1.6974,4942479360,31373160000,64.1154,
000869.SZ,张裕A,2007-05-22,36.5932,36.9317,35.6391,36.2854,2363810,2.8457,4896792576,31083156000,63.5228,
000869.SZ,张裕A,2007-05-23,36.2546,38.1566,35.7006,37.338,1909994,2.2993,5038836940.8,31984804800,65.3654,
000869.SZ,张裕A,2007-05-24,37.3072,38.1012,36.5809,36.9502,1256566,1.5127,4986504806.4,31652618400,64.6865,
000869.SZ,张裕A,2007-05-25,36.9871,38.5198,36.6978,37.8611,1614672,1.9438,5109443788.8,32432992800,66.2813,
000869.SZ,张裕A,2007-05-28,37.9165,39.6277,37.9165,38.6798,1473640,1.774,5219922739.2,33134275200,67.7145,
000869.SZ,张裕A,2007-05-29,38.7783,40.8095,38.4705,39.7016,1817056,2.1875,5357813760,34009560000,69.5033,
000869.SZ,张裕A,2007-05-30,38.4705,38.8091,35.7314,35.7314,1715710,2.0655,4822032384,30608604000,62.5529,
000869.SZ,张裕A,2007-05-31,35.7314,38.372,34.1803,37.4241,1998860,2.4063,5050466304,32058624000,65.5163,
000869.SZ,张裕A,2007-06-01,38.0889,41.1173,37.4241,39.3323,2415657,2.9081,5307973632,33693192000,68.8567,
000869.SZ,张裕A,2007-06-04,38.7783,40.6249,35.399,35.4052,1357945,1.6348,4778006937.6,30329145600,61.9818,
000869.SZ,张裕A,2007-06-05,34.408,36.9317,31.8659,35.1467,1605762,1.9331,4743118848,30107688000,61.5293,
000869.SZ,张裕A,2007-06-06,35.5345,35.5345,33.8848,34.9989,2603858,3.1347,4723182796.8,29981140800,61.2706,
000869.SZ,张裕A,2007-06-07,34.8881,35.4421,34.4696,34.7158,4731935,5.6965,4684972032,29738592000,60.775,
000869.SZ,张裕A,2007-06-08,34.9128,36.9009,34.9128,36.1931,2830667,3.4077,4884332544,31004064000,63.3611,
000869.SZ,张裕A,2007-06-11,36.6793,39.3138,36.3162,39.1599,3301597,3.9746,5284714905.6,33545553600,68.555,
000869.SZ,张裕A,2007-06-12,39.4,40.4402,37.6703,40.1817,3288580,3.959,5422605926.4,34420838400,70.3438,
000869.SZ,张裕A,2007-06-13,40.1817,41.4251,39.4615,40.6864,2445856,2.9444,5490720768,34853208000,71.2274,
000869.SZ,张裕A,2007-06-14,40.4895,41.542,39.3938,40.551,1890447,2.2758,5472446054.4,34737206400,70.9903,
000869.SZ,张裕A,2007-06-15,40.0093,41.2404,39.4,40.0401,1173352,1.4125,5403500544,34299564000,70.0959,
000869.SZ,张裕A,2007-06-18,40.6187,42.9639,40.3171,41.4558,1426062,1.7168,5594554368,35512308000,72.5743,
000869.SZ,张裕A,2007-06-19,41.3635,42.0406,40.0093,41.4681,829968,0.9992,5596215705.6,35522853600,72.5959,
000869.SZ,张裕A,2007-06-20,41.5482,41.8375,38.9014,39.3938,1235350,1.4872,5316280320,33745920000,68.9645,
000869.SZ,张裕A,2007-06-21,39.3938,40.5941,38.4705,39.5785,913844,1.1001,5341200384,33904104000,69.2878,
000869.SZ,张裕A,2007-06-22,39.5908,40.0093,37.855,38.1012,1015040,1.222,5141839872,32638632000,66.7016,
000869.SZ,张裕A,2007-06-25,37.9165,38.8891,36.9317,37.7627,1300175,1.5652,5096153088,32348628000,66.1089,
000869.SZ,张裕A,2007-06-26,37.6088,38.6552,37.2395,38.1628,1409656,1.697,5150146560,32691360000,66.8093,
000869.SZ,张裕A,2007-06-27,38.7721,40.0093,38.3967,39.4554,642138,0.773,5324587008,33798648000,69.0723,
000869.SZ,张裕A,2007-06-28,39.4554,39.9109,37.5472,38.4705,930252,1.1199,5191680000,32955000000,67.3481,
000869.SZ,张裕A,2007-06-29,37.2395,38.4028,36.6732,37.8427,1854945,2.2331,5106951782.4,32417174400,66.249,
000869.SZ,张裕A,2007-07-02,37.5595,38.2859,36.7963,37.855,1069854,1.2879,5108613120,32427720000,66.2706,
000869.SZ,张裕A,2007-07-03,37.855,38.7167,36.7163,36.9009,1546492,1.8617,4979859456,31610436000,64.6003,
000869.SZ,张裕A,2007-07-04,36.8332,37.3564,35.9469,36.0023,1222855,1.4721,4858581811.2,30840607200,63.0271,
000869.SZ,张裕A,2007-07-05,35.3929,35.9776,33.8541,33.8541,890352,1.0718,4568678400,29000400000,59.2664,
000869.SZ,张裕A,2007-07-06,33.2878,35.5775,33.2755,35.1836,794599,0.9566,4748102860.8,30139324800,61.5939,
000869.SZ,张裕A,2007-07-09,35.5468,36.4947,35.2082,36.1192,461202,0.5552,4874364518.4,30940790400,63.2318,
000869.SZ,张裕A,2007-07-10,36.2238,36.31,34.6604,35.0543,485618,0.5846,4730658816,30028596000,61.3676,
000869.SZ,张裕A,2007-07-11,35.6945,35.6945,34.6542,35.0667,681728,0.8207,4732320153.6,30039141600,61.3892,
000869.SZ,张裕A,2007-07-12,35.0851,35.0851,34.4696,34.5927,829834,0.999,4668358656,29633136000,60.5594,
000869.SZ,张裕A,2007-07-13,34.4696,35.079,34.4696,34.5927,552592,0.6652,4668358656,29633136000,60.5594,
000869.SZ,张裕A,2007-07-16,34.5927,35.6206,34.4696,34.4696,513110,0.6177,4651745280,29527680000,60.3439,
000869.SZ,张裕A,2007-07-17,34.4819,35.0113,32.98,34.5927,807914,0.9726,4668358656,29633136000,60.5594,
000869.SZ,张裕A,2007-07-18,34.5558,34.7712,33.6632,34.2849,767075,0.9234,4626825216,29369496000,60.0207,
000869.SZ,张裕A,2007-07-19,33.9156,35.0482,33.9156,35.0113,434959,0.5236,4724844134.4,29991686400,61.2922,
000869.SZ,张裕A,2007-07-20,35.0236,37.1656,35.0236,36.0084,1348619,1.6235,4859412480,30845880000,63.0379,
000869.SZ,张裕A,2007-07-23,36.0084,37.5472,36.0084,37.4487,1124605,1.3539,5053788979.2,32079715200,65.5594,
000869.SZ,张裕A,2007-07-24,37.4857,37.8858,36.4885,36.4885,728089,0.8765,4924204646.4,31257158400,63.8784,
000869.SZ,张裕A,2007-07-25,36.07,37.0548,34.6727,36.3777,2614660,3.1477,4909252608,31162248000,63.6844,
000869.SZ,张裕A,2007-07-26,36.5316,38.0889,36.5316,37.6396,973310,1.1717,5079539712,32243172000,65.8934,
000869.SZ,张裕A,2007-07-27,36.9625,38.1504,36.6239,37.9227,1154123,1.3894,5117750476.8,32485720800,66.3891,
000869.SZ,张裕A,2007-07-30,38.0889,39.8124,37.5472,38.7844,1388766,1.6719,5234044108.8,33223912800,67.8977,
000869.SZ,张裕A,2007-07-31,39.0737,40.5633,38.2797,40.311,1502050,1.8082,5440049971.2,34531567200,70.5701,
000869.SZ,张裕A,2007-08-01,40.3171,40.8218,37.5472,37.6088,787221,0.9477,5075386368,32216808000,65.8395,
000869.SZ,张裕A,2007-08-02,37.7011,39.1476,37.5472,38.2736,738462,0.889,5165098598.4,32786270400,67.0033,
000869.SZ,张裕A,2007-08-03,38.2736,40.6864,38.2736,40.6249,1630816,1.9633,5482414080,34800480000,71.1196,
000869.SZ,张裕A,2007-08-06,40.6741,41.1788,39.4615,40.6249,988109,1.1895,5482414080,34800480000,71.1196,
000869.SZ,张裕A,2007-08-07,40.6249,41.1665,39.5539,40.1324,681577,0.8205,5415960576,34378656000,70.2576,
000869.SZ,张裕A,2007-08-08,40.1324,41.1173,39.0122,39.363,515758,0.6209,5312126976,33719556000,68.9106,
000869.SZ,张裕A,2007-08-09,39.32,43.3024,37.301,42.4715,2162747,2.6036,5731614720,36382320000,74.3523,
000869.SZ,张裕A,2007-08-10,42.9023,44.2565,40.9326,43.0501,1509777,1.8175,5809697587.2,36877963200,75.3653,
000869.SZ,张裕A,2007-08-13,43.087,43.087,41.3081,42.1637,453993,0.5465,5690081280,36118680000,73.8136,
000869.SZ,张裕A,2007-08-14,42.1637,42.3791,40.8711,41.2219,763514,0.9192,5562988953.6,35311941600,72.1649,
000869.SZ,张裕A,2007-08-15,41.2158,41.8559,40.6249,41.2404,705158,0.8489,5565480960,35327760000,72.1972,
000869.SZ,张裕A,2007-08-16,41.2466,42.7115,40.9942,41.1604,1078883,1.2988,5554682265.6,35259213600,72.0571,
000869.SZ,张裕A,2007-08-17,40.6864,41.4866,39.5785,40.8711,1018592,1.2262,5515640832,35011392000,71.5507,
000869.SZ,张裕A,2007-08-20,41.0311,42.4715,40.6249,41.8436,1937723,2.3327,5646886502.4,35844494400,69.3346,
000869.SZ,张裕A,2007-08-21,41.7821,42.2129,41.2096,41.7944,1547108,1.8625,5640241152,35802312000,69.253,
000869.SZ,张裕A,2007-08-22,41.4189,44.318,41.3327,43.6163,2064386,2.4852,5886119116.8,37363060800,72.272,
000869.SZ,张裕A,2007-08-23,43.6163,44.6012,42.97,43.0808,1214799,1.4624,5813850931.2,36904327200,71.3847,
000869.SZ,张裕A,2007-08-24,43.641,43.641,41.2404,41.8559,1596364,1.9218,5648547840,35855040000,69.355,
000869.SZ,张裕A,2007-08-27,43.0131,43.0131,41.4312,41.5359,849952,1.0232,5605353062.4,35580854400,68.8247,
000869.SZ,张裕A,2007-08-28,41.5359,42.3976,40.5633,41.2404,1700427,2.0471,5565480960,35327760000,68.3351,
000869.SZ,张裕A,2007-08-29,41.2404,42.5823,40.5449,42.0714,1672790,2.0138,5677621248,36039588000,69.712,
000869.SZ,张裕A,2007-08-30,42.0714,42.2006,41.3697,41.7328,1063636,1.2805,5631934464,35749584000,69.151,
000869.SZ,张裕A,2007-08-31,42.1637,43.0808,41.5235,41.8559,1462439,1.7606,5648547840,35855040000,69.355,
000869.SZ,张裕A,2007-09-03,42.0714,42.7792,41.7944,41.9729,669051,0.8054,5664330547.2,35955223200,69.5488,
000869.SZ,张裕A,2007-09-04,42.3484,42.7731,41.3327,41.9175,599164,0.7213,5656854528,35907768000,69.457,
000869.SZ,张裕A,2007-09-05,41.3697,41.8559,40.5633,40.8095,1428894,1.7202,5507334144,34958664000,67.6212,
000869.SZ,张裕A,2007-09-06,40.748,41.7328,38.7783,40.0217,2190209,2.6367,5401008537.6,34283745600,66.3157,
000869.SZ,张裕A,2007-09-07,40.0217,40.0217,40.0217,40.0217,--,--,5401008537.6,34283745600,66.3157,
000869.SZ,张裕A,2007-09-10,38.7783,39.0861,37.4303,38.7783,2337270,2.8137,5233213440,33218640000,64.2554,
000869.SZ,张裕A,2007-09-11,38.766,39.32,37.3318,37.3318,1103411,1.3283,5038006272,31979532000,61.8586,
000869.SZ,张裕A,2007-09-12,36.9317,37.9473,36.1931,37.2395,901998,1.0859,5025546240,31900440000,61.7056,
000869.SZ,张裕A,2007-09-13,37.8242,37.8488,36.3162,36.747,1604931,1.9321,4959092736,31478616000,60.8896,
000869.SZ,张裕A,2007-09-14,36.944,39.3877,36.7717,38.7783,2291095,2.7581,5233213440,33218640000,64.2554,
000869.SZ,张裕A,2007-09-17,38.9014,39.5169,38.1628,39.1476,2402266,2.892,5283053568,33535008000,64.8674,
000869.SZ,张裕A,2007-09-18,39.3938,39.3938,38.292,38.7167,786945,0.9474,5224906752,33165912000,64.1534,
000869.SZ,张裕A,2007-09-19,38.3474,38.8152,37.1718,37.3318,592212,0.7129,5038006272,31979532000,61.8586,
000869.SZ,张裕A,2007-09-20,37.1841,37.7442,37.1841,37.4795,1005319,1.2103,5057942323.2,32106079200,62.1034,
000869.SZ,张裕A,2007-09-21,37.5842,38.1628,36.8701,37.3933,967325,1.1645,5046312960,32032260000,61.9606,
000869.SZ,张裕A,2007-09-24,37.4734,38.0889,37.4549,37.8427,558701,0.6726,5106951782.4,32417174400,62.7051,
000869.SZ,张裕A,2007-09-25,38.1504,38.1504,37.1779,37.3133,1069438,1.2874,5035514265.6,31963713600,61.828,
000869.SZ,张裕A,2007-09-26,36.9317,39.1414,36.9317,38.7721,1083967,1.3049,5232382771.2,33213367200,64.2452,
000869.SZ,张裕A,2007-09-27,39.1476,41.4066,38.8706,40.3171,2664598,3.2078,5440880640,34536840000,66.8052,
000869.SZ,张裕A,2007-09-28,40.3171,41.8498,40.0894,41.4558,2205321,2.6549,5594554368,35512308000,68.6921,
000869.SZ,张裕A,2007-10-08,42.4715,42.693,40.631,40.9326,1089131,1.3111,5523947520,35064120000,67.8251,
000869.SZ,张裕A,2007-10-09,40.6618,42.533,40.0832,42.4715,1653968,1.9911,5731614720,36382320000,70.375,
000869.SZ,张裕A,2007-10-10,42.4653,42.8716,41.8744,42.4715,1344768,1.6189,5731614720,36382320000,70.375,
000869.SZ,张裕A,2007-10-11,42.4715,45.8569,42.4715,45.0013,1726825,2.0788,6073019596.8,38549440800,74.5669,
000869.SZ,张裕A,2007-10-12,44.8597,45.0567,41.2466,43.1178,1330920,1.6022,5818834944,36935964000,71.4459,
000869.SZ,张裕A,2007-10-15,42.9639,45.783,42.7792,44.4288,901163,1.0849,5995767398.4,38059070400,73.6183,
000869.SZ,张裕A,2007-10-16,44.9397,46.0785,43.1301,43.7518,865849,1.0424,5904393830.4,37479062400,72.4964,
000869.SZ,张裕A,2007-10-17,44.2565,45.1182,42.8408,43.4748,1446550,1.7414,5867013734.4,37241786400,72.0374,
000869.SZ,张裕A,2007-10-18,44.1026,44.7797,42.5946,44.4411,2146224,2.5837,5997428736,38069616000,73.6387,
000869.SZ,张裕A,2007-10-19,44.9336,48.8853,44.9336,48.8853,2421196,2.9148,6597171609.6,41876577600,81.0026,
000869.SZ,张裕A,2007-10-22,48.4359,50.3933,45.5553,46.9648,1973607,2.3759,6338002944,40231464000,71.729,
000869.SZ,张裕A,2007-10-23,46.9648,49.9194,46.1646,49.3038,1991009,2.3969,6653657088,42235128000,75.3013,
000869.SZ,张裕A,2007-10-24,49.7962,51.0581,48.6267,49.2423,1741725,2.0968,6645350400,42182400000,75.2073,
000869.SZ,张裕A,2007-10-25,48.7252,48.9345,45.5491,46.4416,778151,0.9368,6267396096,39783276000,70.9299,
000869.SZ,张裕A,2007-10-26,46.1646,46.1646,43.7087,44.9336,991575,1.1937,6063882240,38491440000,68.6267,
000869.SZ,张裕A,2007-10-29,43.9056,47.0695,43.9056,46.2816,680637,0.8194,6245798707.2,39646183200,70.6855,
000869.SZ,张裕A,2007-10-30,46.1646,46.774,44.9336,45.5553,767644,0.9241,6147779788.8,39023992800,69.5761,
000869.SZ,张裕A,2007-10-31,46.1646,47.3218,45.8199,46.0908,609990,0.7343,6220047974.4,39482726400,70.394,
000869.SZ,张裕A,2007-11-01,46.1646,47.2726,45.2783,46.3247,988675,1.1902,6251613388.8,39683092800,70.7513,
000869.SZ,张裕A,2007-11-02,44.9459,46.7063,43.641,45.2106,584807,0.704,6101262336,38728716000,69.0497,
000869.SZ,张裕A,2007-11-05,44.1949,44.2072,43.0254,43.2409,1195102,1.4387,5835448320,37041420000,66.0414,
000869.SZ,张裕A,2007-11-06,43.087,44.5643,42.4715,44.4965,163986,0.1974,6004904755.2,38117071200,67.9592,
000869.SZ,张裕A,2007-11-07,44.1457,44.8597,43.0254,43.3209,497215,0.5986,5846247014.4,37109966400,66.1636,
000869.SZ,张裕A,2007-11-08,42.7792,43.444,42.4776,43.087,362668,0.4366,5814681600,36909600000,65.8064,
000869.SZ,张裕A,2007-11-09,42.4653,43.0254,40.7357,42.97,337212,0.406,5798898892.8,36809416800,65.6278,
000869.SZ,张裕A,2007-11-12,42.4715,44.0103,42.4099,43.8256,640412,0.771,5914361856,37542336000,66.9345,
000869.SZ,张裕A,2007-11-13,43.8256,45.069,43.3886,44.3796,447937,0.5392,5989122048,38016888000,67.7806,
000869.SZ,张裕A,2007-11-14,44.9336,44.9336,42.4099,43.9364,1114017,1.3411,5929313894.4,37637246400,67.1037,
000869.SZ,张裕A,2007-11-15,43.1301,43.6964,42.97,43.0993,505534,0.6086,5816342937.6,36920145600,65.8252,
000869.SZ,张裕A,2007-11-16,42.7792,42.8408,41.5789,42.5145,193567,0.233,5737429401.6,36419229600,64.9321,
000869.SZ,张裕A,2007-11-19,43.0808,43.2039,41.8436,42.9639,185462,0.2233,5798068224,36804144000,65.6184,
000869.SZ,张裕A,2007-11-20,43.0808,44.1395,42.533,43.8195,152856,0.184,5913531187.2,37537063200,66.9251,
000869.SZ,张裕A,2007-11-21,43.9487,43.9487,42.4037,42.9639,188545,0.227,5798068224,36804144000,65.6184,
000869.SZ,张裕A,2007-11-22,42.6561,42.6561,40.6249,40.748,182816,0.2201,5499027456,34905936000,62.234,
000869.SZ,张裕A,2007-11-23,40.7295,41.5235,40.0709,41.2404,145300,0.1749,5565480960,35327760000,62.9861,
000869.SZ,张裕A,2007-11-26,41.345,42.1021,41.0311,41.2589,210523,0.2534,5567972966.4,35343578400,63.0143,
000869.SZ,张裕A,2007-11-27,41.105,41.7082,40.6249,40.8157,125640,0.1513,5508164812.8,34963936800,62.3374,
000869.SZ,张裕A,2007-11-28,41.1173,41.6713,40.6926,41.0434,218264,0.2628,5538899558.4,35159030400,62.6853,
000869.SZ,张裕A,2007-11-29,41.8559,42.6992,41.2342,42.4715,425131,0.5118,5731614720,36382320000,64.8663,
000869.SZ,张裕A,2007-11-30,41.9113,42.6438,41.7328,41.819,156188,0.188,5643563827.2,35823403200,63.8698,
000869.SZ,张裕A,2007-12-03,41.8621,43.9487,41.8559,43.6964,331989,0.3997,5896917811.2,37431607200,66.7371,
000869.SZ,张裕A,2007-12-04,43.9241,44.6197,43.5671,43.6163,262368,0.3159,5886119116.8,37363060800,66.6149,
000869.SZ,张裕A,2007-12-05,43.8133,44.9274,43.1301,44.6381,299572,0.3606,6024010137.6,38238345600,68.1754,
000869.SZ,张裕A,2007-12-06,45.1059,45.1059,44.318,44.952,252306,0.3037,6066374246.4,38507258400,68.6549,
000869.SZ,张裕A,2007-12-07,45.2352,46.337,44.5335,46.1646,383867,0.4621,6230016000,39546000000,70.5068,
000869.SZ,张裕A,2007-12-10,46.1585,47.6911,45.6107,47.568,629255,0.7575,6419408486.4,40748198400,72.6502,
000869.SZ,张裕A,2007-12-11,47.5496,48.8606,47.3957,48.7498,586555,0.7061,6578896896,41760576000,74.4552,
000869.SZ,张裕A,2007-12-12,48.7191,49.9809,48.1343,49.4331,887963,1.069,6671101132.8,42345856800,75.4987,
000869.SZ,张裕A,2007-12-13,49.7962,49.7962,47.3957,47.3957,415137,0.4998,6396149760,40600560000,72.387,
000869.SZ,张裕A,2007-12-14,46.7802,49.55,46.3985,49.3531,625201,0.7526,6660302438.4,42277310400,75.3765,
000869.SZ,张裕A,2007-12-17,49.3531,51.5197,48.9345,49.3654,634997,0.7644,6661963776,42287856000,75.3953,
000869.SZ,张裕A,2007-12-18,49.23,49.2423,47.3218,47.4018,322665,0.3884,6396980428.8,40605832800,72.3964,
000869.SZ,张裕A,2007-12-19,48.0112,48.0112,46.7802,47.3957,384006,0.4623,6396149760,40600560000,72.387,
000869.SZ,张裕A,2007-12-20,47.3957,49.4269,47.3957,48.6267,283987,0.3419,6562283520,41655120000,74.2672,
000869.SZ,张裕A,2007-12-21,48.3251,50.7134,48.3251,49.0822,189012,0.2275,6623753011.2,42045307200,74.9629,
000869.SZ,张裕A,2007-12-24,49.8578,51.1504,49.1499,50.4549,403351,0.4856,6808992153.6,43221141600,77.0593,
000869.SZ,张裕A,2007-12-25,50.2887,52.4307,49.8578,52.1229,892472,1.0744,7034103398.4,44650070400,79.6069,
000869.SZ,张裕A,2007-12-26,52.3815,52.443,51.1073,52.0121,244976,0.2949,7019151360,44555160000,79.4377,
000869.SZ,张裕A,2007-12-27,52.0121,52.3199,51.1443,51.4151,776654,0.935,6938576486.4,44043698400,78.5258,
000869.SZ,张裕A,2007-12-28,51.4582,52.9354,51.0889,52.6892,461701,0.5558,7110524928,45135168000,80.4718,
000869.SZ,张裕A,2008-01-02,52.3199,52.9354,51.5443,51.9444,242808,0.2923,7010014003.2,44497159200,79.3343,
000869.SZ,张裕A,2008-01-03,52.2953,52.2953,49.55,50.2271,938471,1.1298,6778257408,43026048000,76.7114,
000869.SZ,张裕A,2008-01-04,50.2271,51.0273,49.4885,49.9194,537765,0.6474,6736723968,42762408000,76.2414,
000869.SZ,张裕A,2008-01-07,50.5041,50.7811,48.6267,48.8114,1516389,1.8255,6587203584,41813304000,74.5492,
000869.SZ,张裕A,2008-01-08,48.7991,49.8455,48.2328,49.2423,1288234,1.5508,6645350400,42182400000,75.2073,
000869.SZ,张裕A,2008-01-09,49.23,50.1656,48.6267,49.8578,538682,0.6485,6728417280,42709680000,76.1474,
000869.SZ,张裕A,2008-01-10,50.3502,50.4672,48.9961,49.1807,551783,0.6643,6637043712,42129672000,75.1133,
000869.SZ,张裕A,2008-01-11,48.5036,49.8332,48.0112,49.5439,652106,0.785,6686053171.2,42440767200,75.6679,
000869.SZ,张裕A,2008-01-14,49.7347,50.4672,49.1623,49.9747,1211321,1.4582,6744199987.2,42809863200,76.326,
000869.SZ,张裕A,2008-01-15,50.3502,50.4118,49.5562,50.1286,695101,0.8368,6764966707.2,42941683200,76.561,
000869.SZ,张裕A,2008-01-16,50.3318,50.3318,49.2423,49.7347,695249,0.837,6711803904,42604224000,75.9594,
000869.SZ,张裕A,2008-01-17,49.2546,51.6121,48.6267,51.3966,1705667,2.0534,6936084480,44027880000,78.4976,
000869.SZ,张裕A,2008-01-18,52.5046,55.3976,51.7105,55.0898,2211368,2.6622,7434485760,47191560000,84.1382,
000869.SZ,张裕A,2008-01-21,55.1513,57.3057,55.1206,55.5268,1865432,2.2457,7493463244.8,47565928800,84.8056,
000869.SZ,张裕A,2008-01-22,54.1419,58.1674,50.0425,52.9539,2382893,2.8686,7146243686.4,45361898400,80.876,
000869.SZ,张裕A,2008-01-23,55.3976,58.2474,54.7082,58.2474,1766888,2.1271,7860618854.4,49896506400,88.9608,
000869.SZ,张裕A,2008-01-24,59.2446,61.6759,57.8597,58.4752,1450404,1.7461,7891353600,50091600000,89.3087,
000869.SZ,张裕A,2008-01-25,57.1764,60.6295,56.6286,59.46,644001,0.7753,8024260608,50935248000,90.8128,
000869.SZ,张裕A,2008-01-28,59.46,59.46,55.3976,58.1674,1304529,1.5705,7849820160,49827960000,88.8386,
000869.SZ,张裕A,2008-01-29,56.9364,59.3862,55.7115,56.6963,729074,0.8777,7651290316.8,48567760800,86.5918,
000869.SZ,张裕A,2008-01-30,57.2441,57.835,53.6248,54.3819,816891,0.9834,7338958848,46585188000,83.0571,
000869.SZ,张裕A,2008-01-31,54.1665,54.4743,52.3815,52.3815,526470,0.6338,7068991488,44871528000,80.0018,
000869.SZ,张裕A,2008-02-01,52.0121,55.6376,51.7105,52.3138,1489838,1.7935,7059854131.2,44813527200,79.8984,
000869.SZ,张裕A,2008-02-04,54.7759,56.5055,53.8587,56.1362,379750,0.4572,7575699456,48087936000,85.7363,
000869.SZ,张裕A,2008-02-05,56.3208,56.3208,53.8095,53.871,509278,0.6131,7270013337.6,46147545600,82.2768,
000869.SZ,张裕A,2008-02-13,52.3384,54.1665,52.3384,53.0031,157809,0.19,7152889036.8,45404080800,80.9513,
000869.SZ,张裕A,2008-02-14,53.274,54.1665,53.0278,53.5325,121282,0.146,7224326553.6,45857541600,81.7597,
000869.SZ,张裕A,2008-02-15,53.4894,53.6125,51.7352,52.2091,261264,0.3145,7045732761.6,44723889600,79.7385,
000869.SZ,张裕A,2008-02-18,51.5259,53.1201,51.5259,52.3261,577848,0.6956,7061515468.8,44824072800,79.9172,
000869.SZ,张裕A,2008-02-19,52.2953,52.3261,51.5874,52.0121,1049415,1.2633,7019151360,44555160000,79.4377,
000869.SZ,张裕A,2008-02-20,52.8554,53.5202,52.1353,52.9354,1513385,1.8219,7143751680,45346080000,80.8478,
000869.SZ,张裕A,2008-02-21,52.9416,56.6286,52.9416,55.6869,868976,1.0461,7515060633.6,47703021600,85.05,
000869.SZ,张裕A,2008-02-22,56.5055,56.5117,53.7972,55.3976,641427,0.7722,7476019200,47455200000,84.6082,
000869.SZ,张裕A,2008-02-25,55.3976,55.89,51.7413,53.5202,592387,0.7131,7222665216,45846996000,81.7409,
000869.SZ,张裕A,2008-02-26,53.551,54.4743,50.4733,51.9998,725905,0.8739,7017490022.4,44544614400,79.4189,
000869.SZ,张裕A,2008-02-27,50.8303,52.443,50.7195,52.1906,589264,0.7094,7043240755.2,44708071200,79.7103,
000869.SZ,张裕A,2008-02-28,51.8275,52.5046,51.452,52.1353,196731,0.2368,7035764736,44660616000,79.6257,
000869.SZ,张裕A,2008-02-29,51.7044,53.1509,51.095,53.1201,224815,0.2706,7168671744,45504264000,81.1299,
000869.SZ,张裕A,2008-03-03,52.9354,56.0131,51.5813,55.7669,616316,0.742,7525859328,47771568000,85.1723,
000869.SZ,张裕A,2008-03-04,55.6684,57.2441,54.4189,55.1821,412855,0.497,7446945792,47270652000,84.2792,
000869.SZ,张裕A,2008-03-05,54.1665,55.3791,53.274,54.1049,372771,0.4488,7301578752,46347912000,82.634,
000869.SZ,张裕A,2008-03-06,54.1357,54.2834,52.6277,54.2834,235694,0.2837,7325668147.2,46500823200,82.9066,
000869.SZ,张裕A,2008-03-07,53.551,55.3852,53.1755,53.2432,122371,0.1473,7185285120,45609720000,81.3179,
000869.SZ,张裕A,2008-03-10,53.3048,53.5387,51.0889,51.4459,216950,0.2612,6942729830.4,44070062400,78.5728,
000869.SZ,张裕A,2008-03-11,51.3966,51.3966,49.8947,50.5903,402144,0.4841,6827266867.2,43337143200,77.2661,
000869.SZ,张裕A,2008-03-12,50.8488,53.4648,49.1192,49.7593,264310,0.3182,6715126579.2,42625315200,75.997,
000869.SZ,张裕A,2008-03-13,48.1836,50.104,47.9435,48.8114,550032,0.6622,6587203584,41813304000,74.5492,
000869.SZ,张裕A,2008-03-14,48.8114,49.2361,47.7034,49.1192,388569,0.4678,6628737024,42076944000,75.0193,
000869.SZ,张裕A,2008-03-17,48.319,49.8578,44.318,44.9336,505845,0.609,6063882240,38491440000,60.5566,
000869.SZ,张裕A,2008-03-18,44.9336,45.9184,43.7148,43.7641,1040786,1.2529,5906055168,37489608000,58.9804,
000869.SZ,张裕A,2008-03-19,44.3796,46.4724,43.7948,45.5491,167903,0.2021,6146949120,39018720000,61.3861,
000869.SZ,张裕A,2008-03-20,45.5491,46.0415,42.4715,45.4321,291424,0.3508,6131166412.8,38918536800,61.2285,
000869.SZ,张裕A,2008-03-21,46.0415,47.3895,44.9336,47.0879,386609,0.4654,6354616320,40336920000,63.46,
000869.SZ,张裕A,2008-03-24,47.6973,47.6973,44.6874,45.0628,220187,0.2651,6081326284.8,38602168800,60.7308,
000869.SZ,张裕A,2008-03-25,45.5429,47.7034,43.7087,47.3957,324982,0.3912,6396149760,40600560000,63.8747,
000869.SZ,张裕A,2008-03-26,47.4511,48.2143,46.7863,47.3957,405150,0.4877,6396149760,40600560000,63.8747,
000869.SZ,张裕A,2008-03-27,47.5188,47.5188,45.1182,45.5553,153737,0.1851,6147779788.8,39023992800,61.3944,
000869.SZ,张裕A,2008-03-28,44.8105,46.7802,44.8105,46.4785,260796,0.314,6272380108.8,39814912800,62.6387,
000869.SZ,张裕A,2008-03-31,44.318,46.2139,42.6746,43.9364,469491,0.5652,5929313894.4,37637246400,59.2127,
000869.SZ,张裕A,2008-04-01,43.7025,44.5643,39.9786,41.2281,1398897,1.6841,5563819622.4,35317214400,55.5627,
000869.SZ,张裕A,2008-04-02,40.6556,41.9175,39.3938,40.6556,789580,0.9505,5486567424,34826844000,54.7913,
000869.SZ,张裕A,2008-04-03,40.6249,42.5022,40.6249,42.0467,107640,0.1296,5674298572.8,36018496800,56.666,
000869.SZ,张裕A,2008-04-07,40.6249,44.6197,40.6249,44.0041,205111,0.2469,5938451251.2,37695247200,59.304,
000869.SZ,张裕A,2008-04-08,44.0041,45.4875,42.8962,45.426,209352,0.252,6130335744,38913264000,61.2202,
000869.SZ,张裕A,2008-04-09,44.3242,46.8109,44.3242,45.6722,312773,0.3765,6163562496,39124176000,61.552,
000869.SZ,张裕A,2008-04-10,45.4506,45.5553,43.3209,44.6258,208310,0.2508,6022348800,38227800000,60.1418,
000869.SZ,张裕A,2008-04-11,45.0444,45.8569,44.4842,44.9336,152357,0.1834,6063882240,38491440000,60.5566,
000869.SZ,张裕A,2008-04-14,43.8872,46.1646,43.7025,44.3242,639950,0.7704,5981646028.8,37969432800,59.7353,
000869.SZ,张裕A,2008-04-15,44.3242,46.854,43.721,46.7186,679813,0.8184,6304776192,40020552000,62.9622,
000869.SZ,张裕A,2008-04-16,47.3341,48.0112,46.0908,46.9033,447998,0.5393,6329696256,40178736000,63.2111,
000869.SZ,张裕A,2008-04-17,46.9033,46.9033,46.9033,46.9033,--,--,6329696256,40178736000,63.2111,
000869.SZ,张裕A,2008-04-18,46.657,46.7802,43.087,45.2413,702130,0.8453,6105415680,38755080000,60.9713,
000869.SZ,张裕A,2008-04-21,47.3957,49.2423,45.4875,47.7034,568056,0.6839,6437683200,40864200000,57.3943,
000869.SZ,张裕A,2008-04-22,45.4321,47.3772,45.4321,45.8753,360214,0.4336,6190974566.4,39298178400,55.1948,
000869.SZ,张裕A,2008-04-23,45.5553,48.3805,45.5491,47.8881,487773,0.5872,6462603264,41022384000,57.6165,
000869.SZ,张裕A,2008-04-24,51.3966,52.6769,48.4667,50.4733,1648769,1.9849,6811484160,43236960000,60.7269,
000869.SZ,张裕A,2008-04-25,49.2423,50.2764,47.7096,48.756,742483,0.8938,6579727564.8,41765848800,58.6607,
000869.SZ,张裕A,2008-04-28,47.8142,50.1656,47.4018,48.8668,198963,0.2395,6594679603.2,41860759200,58.794,
000869.SZ,张裕A,2008-04-29,49.5439,49.8393,48.0851,48.5406,136326,0.1641,6550654156.8,41581300800,58.4015,
000869.SZ,张裕A,2008-04-30,49.2053,50.1656,48.6267,49.7039,435183,0.5239,6707650560,42577860000,59.8012,
000869.SZ,张裕A,2008-05-05,49.6731,50.2887,49.3408,50.1779,262766,0.3163,6771612057.6,42983865600,60.3714,
000869.SZ,张裕A,2008-05-06,49.7839,49.9809,48.7437,49.1499,230220,0.2772,6632890368,42103308000,59.1347,
000869.SZ,张裕A,2008-05-07,49.2115,49.2361,47.8881,48.0112,254442,0.3063,6479216640,41127840000,57.7646,
000869.SZ,张裕A,2008-05-08,46.9033,48.3682,46.7863,48.1959,165203,0.1989,6504136704,41286024000,57.9868,
000869.SZ,张裕A,2008-05-09,48.6206,50.2086,48.319,49.7962,297511,0.3582,6720110592,42656952000,59.9123,
000869.SZ,张裕A,2008-05-12,50.1533,51.0889,49.2423,50.8426,199300,0.2399,6861324288,43553328000,61.1713,
000869.SZ,张裕A,2008-05-13,49.6116,51.4582,49.3038,50.7811,136058,0.1638,6853017600,43500600000,61.0972,
000869.SZ,张裕A,2008-05-14,49.864,50.8426,49.864,50.7195,368123,0.4432,6844710912,43447872000,61.0232,
000869.SZ,张裕A,2008-05-15,50.7811,53.551,50.0425,51.6305,365576,0.4401,6967649894.4,44228246400,62.1192,
000869.SZ,张裕A,2008-05-16,51.4559,51.4559,50.5889,51.2064,222357,0.2677,6819790848,43289688000,60.801,
000869.SZ,张裕A,2008-05-19,52.3914,52.3914,50.5203,51.0692,116000,0.1396,6801516134.4,43173686400,60.6381,
000869.SZ,张裕A,2008-05-20,50.7074,51.6243,48.0442,49.2729,162021,0.195,6562283520,41655120000,58.5052,
000869.SZ,张裕A,2008-05-21,49.3665,50.8946,48.6554,50.8322,305859,0.3682,6769950720,42973320000,60.3566,
000869.SZ,张裕A,2008-05-22,50.2896,50.3956,49.5848,49.7095,87931,0.1059,6620430336,42024216000,59.0236,
000869.SZ,张裕A,2008-05-23,49.0484,50.1773,48.3498,49.0234,473351,0.5698,6529056768,41444208000,58.209,
000869.SZ,张裕A,2008-05-26,47.408,48.6492,47.0962,47.6201,82284,0.0991,6342156288,40257828000,56.5427,
000869.SZ,张裕A,2008-05-27,48.1315,48.3373,47.1523,48.3373,78499,0.0945,6437683200,40864200000,57.3943,
000869.SZ,张裕A,2008-05-28,48.2563,49.2542,47.7199,49.0359,122344,0.1473,6530718105.6,41454753600,58.2238,
000869.SZ,张裕A,2008-05-29,48.6742,50.2085,48.3561,49.1918,86290,0.1039,6551484825.6,41586573600,58.4089,
000869.SZ,张裕A,2008-05-30,49.5162,50.1461,48.7677,49.0858,57724,0.0695,6537363456,41496936000,58.283,
000869.SZ,张裕A,2008-06-02,48.6554,49.0858,47.9008,48.6554,84354,0.1015,6480047308.8,41133112800,57.772,
000869.SZ,张裕A,2008-06-03,48.2937,48.643,47.4018,48.643,46024,0.0554,6478385971.2,41122567200,57.7572,
000869.SZ,张裕A,2008-06-04,48.4621,48.9611,47.3955,48.5868,48382,0.0582,6470909952,41075112000,57.6906,
000869.SZ,张裕A,2008-06-05,47.5577,49.1482,47.5577,48.6492,30690,0.0369,6479216640,41127840000,57.7646,
000869.SZ,张裕A,2008-06-06,48.013,48.8987,47.67,48.3062,39912,0.048,6433529856,40837836000,57.3573,
000869.SZ,张裕A,2008-06-10,46.7968,47.8758,46.7968,47.2521,255299,0.3073,6293146828.8,39946732800,56.1058,
000869.SZ,张裕A,2008-06-11,47.4018,47.4018,44.907,45.8363,286254,0.3446,6104585011.2,38749807200,54.4247,
000869.SZ,张裕A,2008-06-12,44.907,45.6429,43.6595,44.907,213673,0.2572,5980815360,37964160000,53.3212,
000869.SZ,张裕A,2008-06-13,44.2832,46.1544,43.803,45.2625,168099,0.2024,6028163481.6,38264709600,53.7433,
000869.SZ,张裕A,2008-06-16,44.0899,45.6554,44.0899,45.2812,152236,0.1833,6030655488,38280528000,53.7655,
000869.SZ,张裕A,2008-06-17,44.907,45.2188,43.3477,44.2832,160043,0.1927,5897748480,37436880000,52.5806,
000869.SZ,张裕A,2008-06-18,43.909,44.5951,42.4121,43.909,572332,0.689,5847908352,37120512000,52.1363,
000869.SZ,张裕A,2008-06-19,43.8965,43.8965,40.0982,40.541,1278691,1.5394,5399347200,34273200000,48.1372,
000869.SZ,张裕A,2008-06-20,39.4183,43.092,37.4287,41.1647,612863,0.7378,5482414080,34800480000,48.8778,
000869.SZ,张裕A,2008-06-23,39.2998,40.5285,39.2998,39.5992,396232,0.477,5273916211.2,33477007200,47.0189,
000869.SZ,张裕A,2008-06-24,39.5992,40.41,39.5992,39.9111,213389,0.2569,5315449651.2,33740647200,47.3892,
000869.SZ,张裕A,2008-06-25,39.2936,42.2562,39.0254,41.7884,407469,0.4905,5565480960,35327760000,49.6183,
000869.SZ,张裕A,2008-06-26,41.7884,42.3997,41.1709,41.751,278868,0.3357,5560496947.2,35296123200,49.5739,
000869.SZ,张裕A,2008-06-27,41.1585,41.2645,40.0857,40.3352,354655,0.427,5371935129.6,34099197600,47.8928,
000869.SZ,张裕A,2008-06-30,39.2998,42.5369,39.2998,41.1647,238904,0.2876,5482414080,34800480000,48.8778,
000869.SZ,张裕A,2008-07-01,41.7884,42.5992,40.5909,42.0628,159419,0.1919,5602030387.2,35559763200,49.9442,
000869.SZ,张裕A,2008-07-02,41.7884,42.9111,41.1647,42.4121,362166,0.436,5648547840,35855040000,50.3589,
000869.SZ,张裕A,2008-07-03,42.2874,43.4101,41.5514,43.3414,215934,0.26,5772317491.2,36640687200,51.4624,
000869.SZ,张裕A,2008-07-04,43.0358,44.1523,43.0358,43.1481,78630,0.0947,5746566758.4,36477230400,51.2328,
000869.SZ,张裕A,2008-07-07,43.0358,44.2832,42.4932,44.2832,143772,0.1731,5897748480,37436880000,52.5806,
000869.SZ,张裕A,2008-07-08,44.3456,44.5639,43.0358,43.4974,244276,0.2941,5793084211.2,36772507200,51.6475,
000869.SZ,张裕A,2008-07-09,43.6595,44.907,43.4974,43.6595,227581,0.274,5814681600,36909600000,51.8401,
000869.SZ,张裕A,2008-07-10,43.6595,44.277,43.1107,43.1169,249171,0.3,5742413414.4,36450866400,51.1958,
000869.SZ,张裕A,2008-07-11,42.699,43.9714,42.699,43.9589,82504,0.0993,5854553702.4,37162694400,52.1955,
000869.SZ,张裕A,2008-07-14,43.909,44.5951,43.0421,44.3519,100059,0.1205,5906885836.8,37494880800,52.6621,
000869.SZ,张裕A,2008-07-15,43.9153,44.7011,43.2604,43.8467,108661,0.1308,5839601664,37067784000,52.0622,
000869.SZ,张裕A,2008-07-16,42.7365,44.2832,42.7365,44.2832,157202,0.1892,5897748480,37436880000,52.5806,
000869.SZ,张裕A,2008-07-17,44.1585,46.1544,43.7406,44.8134,195573,0.2354,5968355328,37885068000,53.2101,
000869.SZ,张裕A,2008-07-18,44.9194,45.8425,44.3207,44.907,39740,0.0478,5980815360,37964160000,53.3212,
000869.SZ,张裕A,2008-07-21,44.4142,46.3415,44.4142,46.2479,135440,0.163,6159409152,39097812000,54.9134,
000869.SZ,张裕A,2008-07-22,46.8716,46.8716,45.5494,45.9361,27080,0.0326,6117875712,38834172000,54.5431,
000869.SZ,张裕A,2008-07-23,45.4683,46.3103,45.4059,45.4059,138158,0.1663,6047268864,38385984000,53.9137,
000869.SZ,张裕A,2008-07-24,45.4683,45.6554,45.2188,45.5244,153110,0.1843,6063051571.2,38486167200,54.0544,
000869.SZ,张裕A,2008-07-25,46.0733,46.0733,45.1003,45.5182,61302,0.0738,6062220902.4,38480894400,54.047,
000869.SZ,张裕A,2008-07-28,45.9423,46.1544,45.2313,45.5182,67257,0.081,6062220902.4,38480894400,54.047,
000869.SZ,张裕A,2008-07-29,45.25,45.3436,44.408,44.7074,34539,0.0416,5954233958.4,37795430400,53.0842,
000869.SZ,张裕A,2008-07-30,45.3373,45.3373,44.6512,44.6575,30227,0.0364,5947588608,37753248000,53.025,
000869.SZ,张裕A,2008-07-31,44.3519,45.0629,43.909,44.3144,71845,0.0865,5901901824,37463244000,52.6177,
000869.SZ,张裕A,2008-08-01,44.3768,45.9298,44.3768,45.7178,91884,0.1106,6088802304,38649624000,54.2839,
000869.SZ,张裕A,2008-08-04,44.2832,45.9673,44.2832,44.7261,94373,0.1136,5956725964.8,37811248800,53.1064,
000869.SZ,张裕A,2008-08-05,44.04,45.83,43.7032,44.8945,65565,0.0789,5979154022.4,37953614400,53.3064,
000869.SZ,张裕A,2008-08-06,44.8383,45.5618,44.4205,45.5244,91075,0.1096,6063051571.2,38486167200,54.0544,
000869.SZ,张裕A,2008-08-07,45.7739,45.8737,43.6595,43.9652,93814,0.1129,5855384371.2,37167967200,52.2029,
000869.SZ,张裕A,2008-08-08,43.8654,43.8654,42.225,42.8175,495200,0.5961,5702541312,36197772000,50.8403,
000869.SZ,张裕A,2008-08-11,42.225,42.225,40.541,41.04,313592,0.3775,5465800704,34695024000,48.7297,
000869.SZ,张裕A,2008-08-12,42.3186,42.6304,40.9776,42.6304,119372,0.1437,5677621248,36039588000,50.6181,
000869.SZ,张裕A,2008-08-13,41.4953,43.6595,41.1647,43.6284,216709,0.2609,5810528256,36883236000,51.803,
000869.SZ,张裕A,2008-08-14,43.0358,44.2832,43.0358,43.3664,256474,0.3088,5775640166.4,36661778400,51.492,
000869.SZ,张裕A,2008-08-15,43.3477,43.6533,42.7614,43.0358,113801,0.137,5731614720,36382320000,51.0995,
000869.SZ,张裕A,2008-08-18,43.2167,43.4662,41.4828,41.4828,45388,0.0546,5524778188.8,35069392800,49.2555,
000869.SZ,张裕A,2008-08-19,40.5472,43.0982,40.5472,42.6554,48433,0.0583,5680943923.2,36060679200,50.6477,
000869.SZ,张裕A,2008-08-20,41.7884,44.988,41.7884,43.5348,481927,0.5802,5798068224,36804144000,51.6919,
000869.SZ,张裕A,2008-08-21,43.0234,43.0234,40.8529,41.5701,173346,0.2087,5536407552,35143212000,49.3591,
000869.SZ,张裕A,2008-08-22,41.7822,41.7884,40.7531,41.1647,112048,0.1349,5482414080,34800480000,48.8778,
000869.SZ,张裕A,2008-08-25,40.7281,41.4766,40.7281,41.0524,30402,0.0366,5467462041.6,34705569600,48.7445,
000869.SZ,张裕A,2008-08-26,40.2416,41.0961,39.8549,40.2915,105990,0.1276,5366120448,34062288000,47.841,
000869.SZ,张裕A,2008-08-27,40.2291,40.8529,39.0503,39.4495,89610,0.1079,5253980160,33350460000,43.8076,
000869.SZ,张裕A,2008-08-28,39.0067,39.2,38.121,38.8757,375226,0.4517,5177558630.4,32865362400,43.1704,
000869.SZ,张裕A,2008-08-29,38.8757,39.4495,38.6699,39.2936,197669,0.238,5233213440,33218640000,43.6345,
000869.SZ,张裕A,2008-09-01,39.2936,39.2936,37.8466,38.0462,146787,0.1767,5067079680,32164080000,42.2492,
000869.SZ,张裕A,2008-09-02,37.4287,37.4911,36.175,36.175,1040340,1.2524,4817879040,30582240000,40.1714,
000869.SZ,张裕A,2008-09-03,36.1688,36.1688,32.8756,33.7364,2003303,2.4117,4493087539.2,28520575200,37.4633,
000869.SZ,张裕A,2008-09-04,33.6116,35.4578,33.6116,35.2644,385744,0.4644,4696601395.2,29812411200,39.1602,
000869.SZ,张裕A,2008-09-05,34.9276,36.2374,34.2915,35.6823,242688,0.2922,4752256204.8,30165688800,39.6243,
000869.SZ,张裕A,2008-09-08,36.0316,36.0503,34.622,34.6345,155090,0.1867,4612703846.4,29279858400,38.4607,
000869.SZ,张裕A,2008-09-09,34.6844,35.6761,33.6802,33.7176,367516,0.4424,4490595532.8,28504756800,37.4425,
000869.SZ,张裕A,2008-09-10,34.8653,35.0274,33.7239,34.9276,362794,0.4367,4651745280,29527680000,38.7862,
000869.SZ,张裕A,2008-09-11,34.8902,35.5513,34.1293,34.3538,93991,0.1132,4575323750.4,29042582400,38.149,
000869.SZ,张裕A,2008-09-12,34.8528,35.4266,34.0045,34.753,152059,0.1831,4628486553.6,29380041600,38.5923,
000869.SZ,张裕A,2008-09-16,34.6657,35.2395,33.9983,35.0212,228503,0.2751,4664205312,29606772000,38.8901,
000869.SZ,张裕A,2008-09-17,35.4204,36.0254,34.0607,34.1792,347060,0.4178,4552065024,28894944000,37.9551,
000869.SZ,张裕A,2008-09-18,34.0856,34.1168,31.8777,31.9338,511100,0.6153,4253024256,26996736000,35.4617,
000869.SZ,张裕A,2008-09-19,34.4162,35.1272,33.9921,35.1272,2464393,2.9668,4678326681.6,29696409600,39.0078,
000869.SZ,张裕A,2008-09-22,35.5326,37.4848,33.8673,34.1168,1745237,2.101,4543758336,28842216000,37.8858,
000869.SZ,张裕A,2008-09-23,33.4806,33.4806,30.7051,30.7051,919124,1.1065,4089382502.4,25957994400,34.0972,
000869.SZ,张裕A,2008-09-24,30.0003,31.1355,28.6968,30.8735,1196440,1.4403,4111810560,26100360000,34.2842,
000869.SZ,张裕A,2008-09-25,30.9359,32.4952,30.9359,31.5471,302683,0.3644,4201522790.4,26669822400,35.0322,
000869.SZ,张裕A,2008-09-26,31.5471,31.5471,31.5471,31.5471,--,--,4201522790.4,26669822400,35.0322,
000869.SZ,张裕A,2008-10-06,29.3143,32.9817,29.3143,31.859,332793,0.4006,4243056230.4,26933462400,35.3786,
000869.SZ,张裕A,2008-10-07,31.1916,31.859,29.9504,31.2166,125938,0.1516,4157497344,26390364000,34.6652,
000869.SZ,张裕A,2008-10-08,31.1791,31.965,30.7613,31.2166,790465,0.9516,4157497344,26390364000,34.6652,
000869.SZ,张裕A,2008-10-09,31.2977,31.4972,31.0606,31.2166,226535,0.2727,4157497344,26390364000,34.6652,
000869.SZ,张裕A,2008-10-10,29.8694,31.0606,29.3143,29.9068,381684,0.4595,3983056896,25283076000,33.2107,
000869.SZ,张裕A,2008-10-13,29.6074,29.6261,27.4431,29.0336,480838,0.5789,3866763264,24544884000,32.241,
000869.SZ,张裕A,2008-10-14,29.5014,30.4369,28.3787,28.3787,93269,0.1123,3779543040,23991240000,31.5138,
000869.SZ,张裕A,2008-10-15,28.0668,28.6095,28.0606,28.3974,106603,0.1283,3782035046.4,24007058400,31.5346,
000869.SZ,张裕A,2008-10-16,27.6926,28.0045,26.8257,27.8174,118129,0.1422,3704782848,23516688000,30.8904,
000869.SZ,张裕A,2008-10-17,26.8257,27.9858,26.6947,27.8361,211881,0.2551,3707274854.4,23532506400,30.9112,
000869.SZ,张裕A,2008-10-20,26.9504,28.6219,26.9504,28.3787,53659,0.0646,3779543040,23991240000,31.5138,
000869.SZ,张裕A,2008-10-21,28.3787,28.6781,27.8049,28.1791,79690,0.0959,3752961638.4,23822510400,31.2921,
000869.SZ,张裕A,2008-10-22,27.9296,28.6906,27.9296,28.6906,90348,0.1088,3821076480,24254880000,31.8601,
000869.SZ,张裕A,2008-10-23,28.3787,28.6906,27.3184,28.5658,67858,0.0817,3804463104,24149424000,31.7216,
000869.SZ,张裕A,2008-10-24,28.1292,28.6781,28.0731,28.1292,69107,0.0832,3746316288,23780328000,31.2367,
000869.SZ,张裕A,2008-10-27,27.9421,28.0606,27.4431,27.4431,324594,0.3908,3654942720,23200320000,30.4749,
000869.SZ,张裕A,2008-10-28,27.4307,27.7363,27.1313,27.6926,224258,0.27,3688169472,23411232000,30.7519,
000869.SZ,张裕A,2008-10-29,28.0668,28.4286,27.6989,28.3974,150324,0.181,3782035046.4,24007058400,31.5346,
000869.SZ,张裕A,2008-10-30,27.9483,28.8777,27.9483,28.6531,171246,0.2062,3816092467.2,24223243200,29.7652,
000869.SZ,张裕A,2008-10-31,28.6843,28.8901,28.0668,28.123,164900,0.1985,3745485619.2,23775055200,29.2144,
000869.SZ,张裕A,2008-11-03,26.8194,28.5908,26.8194,27.755,37398,0.045,3696476160,23463960000,28.8322,
000869.SZ,张裕A,2008-11-04,27.1625,27.7737,27.1625,27.2061,105992,0.1276,3623377305.6,22999953600,28.262,
000869.SZ,张裕A,2008-11-05,27.2872,28.0045,27.0065,27.1313,114985,0.1384,3613409280,22936680000,28.1843,
000869.SZ,张裕A,2008-11-06,26.8257,27.3059,25.572,25.572,98613,0.1187,3405742080,21618480000,26.5645,
000869.SZ,张裕A,2008-11-07,24.9545,25.2602,23.3579,23.888,1481405,1.7834,3181461504,20194824000,24.8151,
000869.SZ,张裕A,2008-11-10,23.9192,24.9483,22.7653,24.3246,2613385,3.1461,3239608320,20563920000,25.2686,
000869.SZ,张裕A,2008-11-11,24.1999,24.3932,23.7071,24.0315,1121010,1.3495,3200566886.4,20316098400,24.9641,
000869.SZ,张裕A,2008-11-12,23.7071,24.362,23.6759,24.1999,817249,0.9838,3222994944,20458464000,25.1391,
000869.SZ,张裕A,2008-11-13,23.7633,25.6656,23.6385,25.4099,1362338,1.64,3384144691.2,21481387200,26.396,
000869.SZ,张裕A,2008-11-14,25.4099,25.4099,25.4099,25.4099,--,--,3384144691.2,21481387200,26.396,
000869.SZ,张裕A,2008-11-17,26.8194,27.9483,26.7009,27.8797,1994852,2.4015,3713089536,23569416000,28.9618,
000869.SZ,张裕A,2008-11-18,27.9047,28.0045,27.1313,27.3621,1102150,1.3268,3644144025.6,23131773600,28.424,
000869.SZ,张裕A,2008-11-19,27.0065,28.254,27.0065,28.2415,403250,0.4855,3761268326.4,23875238400,29.3375,
000869.SZ,张裕A,2008-11-20,27.992,28.2415,27.5055,27.755,390566,0.4702,3696476160,23463960000,28.8322,
000869.SZ,张裕A,2008-11-21,27.4431,28.0668,26.2581,27.4431,360503,0.434,3654942720,23200320000,28.5082,
000869.SZ,张裕A,2008-11-24,27.5554,27.5554,26.5699,26.5949,139131,0.1675,3541971763.2,22483219200,27.627,
000869.SZ,张裕A,2008-11-25,26.8194,27.1313,25.6968,26.5076,133040,0.1602,3530342400,22409400000,27.5363,
000869.SZ,张裕A,2008-11-26,26.4951,26.6947,25.7903,26.439,95965,0.1155,3521205043.2,22351399200,27.4651,
000869.SZ,张裕A,2008-11-27,27.1313,28.6906,27.1313,27.4431,409442,0.4929,3654942720,23200320000,28.5082,
000869.SZ,张裕A,2008-11-28,27.1188,27.5554,26.3953,26.888,118960,0.1432,3581013196.8,22731040800,27.9316,
000869.SZ,张裕A,2008-12-01,26.8257,26.9005,26.2893,26.5575,160285,0.193,3536987750.4,22451582400,27.5882,
000869.SZ,张裕A,2008-12-02,26.5076,26.5699,26.1334,26.3828,357366,0.4302,3513729024,22303944000,27.4068,
000869.SZ,张裕A,2008-12-03,26.3517,27.6614,25.8839,27.6614,451053,0.543,3684016128,23384868000,28.735,
000869.SZ,张裕A,2008-12-04,27.1375,28.8839,27.1375,28.6906,529553,0.6375,3821076480,24254880000,29.804,
000869.SZ,张裕A,2008-12-05,28.4972,29.3143,28.0668,29.0024,294913,0.355,3862609920,24518520000,30.128,
000869.SZ,张裕A,2008-12-08,29.308,30.7176,29.0149,30.5617,345420,0.4158,4070277120,25836720000,31.7478,
000869.SZ,张裕A,2008-12-09,30.5554,31.2789,29.1334,29.1833,336888,0.4056,3886699315.2,24671431200,30.3159,
000869.SZ,张裕A,2008-12-10,29.1459,30.5305,28.5034,29.9193,212888,0.2563,3984718233.6,25293621600,31.0804,
000869.SZ,张裕A,2008-12-11,29.938,29.938,28.6968,28.7966,215057,0.2589,3835197849.6,24344517600,29.9142,
000869.SZ,张裕A,2008-12-12,29.0024,29.0024,27.5055,27.992,175365,0.2111,3728041574.4,23664326400,29.0784,
000869.SZ,张裕A,2008-12-15,28.098,28.5034,27.5554,28.4161,153564,0.1849,3784527052.8,24022876800,29.519,
000869.SZ,张裕A,2008-12-16,28.4161,28.4161,27.7737,28.0606,200842,0.2418,3737178931.2,23722327200,29.1496,
000869.SZ,张裕A,2008-12-17,28.0606,29.0024,27.9172,28.8028,341463,0.4111,3836028518.4,24349790400,29.9207,
000869.SZ,张裕A,2008-12-18,28.8028,28.8028,27.7612,28.7529,359522,0.4328,3829383168,24307608000,29.8688,
000869.SZ,张裕A,2008-12-19,28.6219,30.0003,28.5658,29.6261,378621,0.4558,3945676800,25045800000,30.7759,
000869.SZ,张裕A,2008-12-22,29.6386,30.6864,29.1958,30.5617,368026,0.443,4070277120,25836720000,31.7478,
000869.SZ,张裕A,2008-12-23,30.5554,31.123,29.3267,29.9317,488706,0.5883,3986379571.2,25304167200,31.0934,
000869.SZ,张裕A,2008-12-24,29.1895,29.8319,28.7529,29.807,150658,0.1814,3969766195.2,25198711200,30.9638,
000869.SZ,张裕A,2008-12-25,29.7509,29.7509,28.5658,29.5762,134483,0.1619,3939031449.6,25003617600,30.7241,
000869.SZ,张裕A,2008-12-26,29.3205,29.6261,28.6906,29.6261,216873,0.2611,3945676800,25045800000,30.7759,
000869.SZ,张裕A,2008-12-29,28.8465,30.3309,28.8465,30.0003,350671,0.4222,3995516928,25362168000,31.1647,
000869.SZ,张裕A,2008-12-30,29.439,30.3122,29.439,29.9567,603912,0.727,3989702246.4,25325258400,31.1193,
000869.SZ,张裕A,2008-12-31,30.2561,30.2561,29.2519,30.2498,1106662,1.3323,4028743680,25573080000,31.4238,
000869.SZ,张裕A,2009-01-05,30.5554,30.6864,29.308,29.8382,263951,0.3178,3973919539.2,25225075200,30.9962,
000869.SZ,张裕A,2009-01-06,29.8319,29.8319,29.071,29.5513,356706,0.4294,3935708774.4,24982526400,30.6982,
000869.SZ,张裕A,2009-01-07,29.7509,29.7509,28.6906,28.8964,421766,0.5077,3848488550.4,24428882400,30.0178,
000869.SZ,张裕A,2009-01-08,28.6718,28.6718,27.8174,27.8174,400266,0.4819,3704782848,23516688000,28.897,
000869.SZ,张裕A,2009-01-09,27.5305,28.0419,27.1375,27.8174,653304,0.7865,3704782848,23516688000,28.897,
000869.SZ,张裕A,2009-01-12,27.8485,28.2228,27.3246,27.6614,751228,0.9044,3684016128,23384868000,28.735,
000869.SZ,张裕A,2009-01-13,27.4431,27.9421,27.1375,27.5117,502253,0.6046,3664080076.8,23258320800,28.5795,
000869.SZ,张裕A,2009-01-14,27.4431,27.624,26.7009,27.256,1495127,1.7999,3630022656,23042136000,28.3138,
000869.SZ,张裕A,2009-01-15,27.2061,27.2061,26.4951,26.5575,1099424,1.3235,3536987750.4,22451582400,27.5882,
000869.SZ,张裕A,2009-01-16,26.5699,28.0668,26.5637,27.624,1658962,1.9971,3679032115.2,23353231200,28.6961,
000869.SZ,张裕A,2009-01-19,28.0606,28.2415,26.8194,27.2872,1023686,1.2324,3634176000,23068500000,28.3462,
000869.SZ,张裕A,2009-01-20,27.3558,27.7425,26.5138,27.3683,856589,1.0312,3644974694.4,23137046400,28.4305,
000869.SZ,张裕A,2009-01-21,27.0315,27.0315,26.202,26.3828,1467235,1.7663,3513729024,22303944000,27.4068,
000869.SZ,张裕A,2009-01-22,26.4015,26.8007,25.9338,26.5013,1616293,1.9458,3529511731.2,22404127200,27.5299,
000869.SZ,张裕A,2009-01-23,26.5076,26.8631,26.1396,26.4452,1227660,1.4779,3522035712,22356672000,27.4715,
000869.SZ,张裕A,2009-02-02,26.6323,26.7758,26.5076,26.7446,639496,0.7699,3561907814.4,22609766400,27.7825,
000869.SZ,张裕A,2009-02-03,26.7945,27.5679,26.3267,27.5055,1476761,1.7778,3663249408,23253048000,28.573,
000869.SZ,张裕A,2009-02-04,27.6926,28.1916,27.3683,28.1105,1283393,1.545,3743824281.6,23764509600,29.2015,
000869.SZ,张裕A,2009-02-05,28.1854,28.1854,27.256,27.4431,1494968,1.7997,3654942720,23200320000,28.5082,
000869.SZ,张裕A,2009-02-06,27.3932,29.2394,27.3808,29.1084,3159512,3.8036,3876731289.6,24608157600,30.2381,
000869.SZ,张裕A,2009-02-09,29.5326,30.1563,29.5326,29.9567,2105216,2.5344,3989702246.4,25325258400,31.1193,
000869.SZ,张裕A,2009-02-10,29.938,30.4369,29.4764,30.3746,1056798,1.2722,4045357056,25678536000,31.5534,
000869.SZ,张裕A,2009-02-11,29.9442,33.1625,29.7509,32.7384,2176562,2.6203,4360180531.2,27676927200,34.009,
000869.SZ,张裕A,2009-02-12,32.6074,33.6054,31.3787,33.0565,2451685,2.9515,4402544640,27945840000,34.3394,
000869.SZ,张裕A,2009-02-13,33.0565,33.6802,32.4515,33.3995,542376,0.6529,4448231424,28235844000,34.6958,
000869.SZ,张裕A,2009-02-16,33.6054,33.805,32.358,32.7135,948350,1.1417,4356857856,27655836000,33.9831,
000869.SZ,张裕A,2009-02-17,32.676,32.8569,31.2478,31.3039,1970757,2.3725,4169126707.2,26464183200,32.5188,
000869.SZ,张裕A,2009-02-18,30.4369,31.123,29.6885,29.7197,2581027,3.1072,3958136832,25124892000,30.8731,
000869.SZ,张裕A,2009-02-19,29.938,31.2353,29.938,31.1854,1690603,2.0352,4153344000,26364000000,32.3957,
000869.SZ,张裕A,2009-02-20,31.4972,31.5534,30.5617,30.9983,714841,0.8606,4128423936,26205816000,32.2013,
000869.SZ,张裕A,2009-02-23,31.123,31.5534,30.6053,31.4224,578987,0.697,4184909414.4,26564366400,32.6419,
000869.SZ,张裕A,2009-02-24,31.0544,31.3413,29.938,30.5617,1424171,1.7145,4070277120,25836720000,31.7478,
000869.SZ,张裕A,2009-02-25,30.5742,30.9234,29.4951,30.5554,1652612,1.9895,4069446451.2,25831447200,31.7413,
000869.SZ,张裕A,2009-02-26,30.4369,30.5617,29.3143,29.938,400847,0.4826,3987210240,25309440000,31.0999,
000869.SZ,张裕A,2009-02-27,29.7509,29.7509,28.6906,29.7509,886127,1.0668,3962290176,25151256000,30.9055,
000869.SZ,张裕A,2009-03-02,29.308,29.7446,28.6906,29.3392,681058,0.8199,3907466035.2,24803251200,30.4779,
000869.SZ,张裕A,2009-03-03,29.2519,29.3143,28.6906,29.202,485132,0.584,3889191321.6,24687249600,30.3353,
000869.SZ,张裕A,2009-03-04,29.2831,30.3746,29.202,30.2498,1293660,1.5574,4028743680,25573080000,31.4238,
000869.SZ,张裕A,2009-03-05,30.5305,30.5305,29.6136,29.8132,1103621,1.3286,3970596864,25203984000,30.9703,
000869.SZ,张裕A,2009-03-06,29.3642,29.3642,27.992,28.5533,1706348,2.0542,3802801766.4,24138878400,29.6615,
000869.SZ,张裕A,2009-03-09,28.5034,28.8652,26.8381,27.3932,979545,1.1792,3648297369.6,23158137600,28.4564,
000869.SZ,张裕A,2009-03-10,27.3496,27.6926,26.7571,27.5679,1018927,1.2266,3671556096,23305776000,28.6378,
000869.SZ,张裕A,2009-03-11,27.8485,28.1292,27.4431,27.6677,811724,0.9772,3684846796.8,23390140800,28.7415,
000869.SZ,张裕A,2009-03-12,27.755,27.755,26.5699,26.8818,1262106,1.5194,3580182528,22725768000,27.9251,
000869.SZ,张裕A,2009-03-13,27.0065,27.1313,26.3704,26.6011,1198875,1.4433,3542802432,22488492000,27.6335,
000869.SZ,张裕A,2009-03-16,26.6011,27.0814,26.3828,26.9754,1038153,1.2498,3592642560,22804860000,28.0223,
000869.SZ,张裕A,2009-03-17,27.1313,27.8735,26.8319,27.7862,967194,1.1644,3700629504,23490324000,28.8646,
000869.SZ,张裕A,2009-03-18,27.992,28.0419,27.412,27.6989,1240866,1.4938,3689000140.8,23416504800,28.7739,
000869.SZ,张裕A,2009-03-19,27.6989,28.3725,26.9566,28.1916,1158995,1.3953,3754622976,23833056000,29.2857,
000869.SZ,张裕A,2009-03-20,28.1916,28.4099,27.7363,27.9671,1439403,1.7328,3724718899.2,23643235200,29.0525,
000869.SZ,张裕A,2009-03-23,28.1355,28.8777,27.9671,28.0357,1383316,1.6653,3733856256,23701236000,29.1237,
000869.SZ,张裕A,2009-03-24,28.3787,28.6906,28.2165,28.2851,1366926,1.6456,3767083008,23912148000,29.3829,
000869.SZ,张裕A,2009-03-25,28.2851,28.5034,27.9421,27.9421,1118457,1.0221,4902503424,23622144000,29.0265,
000869.SZ,张裕A,2009-03-26,27.8174,28.3725,27.1687,27.9109,892632,0.8157,4897031880,23595780000,28.9941,
000869.SZ,张裕A,2009-03-27,27.9421,28.6781,27.8485,28.1292,1539662,1.407,4935332688,23780328000,29.2209,
000869.SZ,张裕A,2009-03-30,28.1916,29.8132,28.1916,29.5637,1795714,1.641,5187023712,24993072000,30.7111,
000869.SZ,张裕A,2009-03-31,29.5575,29.5575,28.7467,29.202,937733,0.8569,5123553801.6,24687249600,30.3353,
000869.SZ,张裕A,2009-04-01,29.3766,29.8756,28.8714,28.9089,1889838,1.727,5072121288,24439428000,30.0308,
000869.SZ,张裕A,2009-04-02,29.1459,29.6136,28.6906,29.3704,2418095,2.2097,5153100139.2,24829615200,30.5103,
000869.SZ,张裕A,2009-04-03,29.3704,29.3704,29.3704,29.3704,--,--,5153100139.2,24829615200,30.5103,
000869.SZ,张裕A,2009-04-07,29.5014,30.9047,29.3205,30.5617,2993718,2.7357,5362113120,25836720000,28.8801,
000869.SZ,张裕A,2009-04-08,30.5055,30.5118,29.2581,29.2581,1601850,1.4638,5133402580.8,24734704800,27.6483,
000869.SZ,张裕A,2009-04-09,29.308,29.807,29.0398,29.5949,1359902,1.2427,5192495256,25019436000,27.9666,
000869.SZ,张裕A,2009-04-10,30.3559,30.6677,29.938,30.3559,1769744,1.6172,5326000929.6,25662717600,28.6856,
000869.SZ,张裕A,2009-04-13,30.5617,31.4972,30.3434,30.5617,2039253,1.8635,5362113120,25836720000,28.8801,
000869.SZ,张裕A,2009-04-14,30.6739,30.8611,29.938,30.3683,1696039,1.5499,5328189547.2,25673263200,28.6974,
000869.SZ,张裕A,2009-04-15,30.5742,31.1791,30.3746,31.1791,1755879,1.6046,5470449691.2,26358727200,29.4636,
000869.SZ,张裕A,2009-04-16,31.148,31.3101,30.624,30.7862,1019338,0.9315,5401508236.8,26026540800,29.0923,
000869.SZ,张裕A,2009-04-17,30.7925,31.1604,30.2623,30.9484,1329033,1.2145,5429960265.6,26163633600,29.2455,
000869.SZ,张裕A,2009-04-20,30.8798,32.1147,30.7176,31.8216,2535433,2.3169,5583163497.6,26901825600,30.0706,
000869.SZ,张裕A,2009-04-21,31.3725,31.6407,30.4868,31.0295,1727946,1.579,5444186280,26232180000,29.3221,
000869.SZ,张裕A,2009-04-22,31.1604,31.6095,29.938,29.938,1366459,1.2487,5252682240,25309440000,28.2907,
000869.SZ,张裕A,2009-04-23,29.6947,30.2997,29.6885,29.938,925763,0.846,5252682240,25309440000,28.2907,
000869.SZ,张裕A,2009-04-24,30.0939,31.3039,30.0939,30.5118,1438946,1.3149,5353358649.6,25794537600,27.9924,
000869.SZ,张裕A,2009-04-27,30.4432,30.5492,29.2893,29.5949,978982,0.8946,5192495256,25019436000,27.1512,
000869.SZ,张裕A,2009-04-28,29.3143,29.8756,29.3143,29.7571,809187,0.7395,5220947284.8,25156528800,27.3,
000869.SZ,张裕A,2009-04-29,29.8694,30.2498,29.6448,30.0627,1291336,1.18,5274568416,25414896000,27.5804,
000869.SZ,张裕A,2009-04-30,30.0627,30.0627,30.0627,30.0627,--,--,5274568416,25414896000,27.5804,
000869.SZ,张裕A,2009-05-04,30.0689,30.7238,30.0689,30.649,1723193,1.5747,5377433443.2,25910539200,28.1182,
000869.SZ,张裕A,2009-05-05,30.8798,30.9796,30.3808,30.518,1711243,1.5638,5354452958.4,25799810400,27.9981,
000869.SZ,张裕A,2009-05-06,30.4993,30.5617,30.1251,30.2249,1665614,1.5221,5303020444.8,25551988800,27.7291,
000869.SZ,张裕A,2009-05-07,30.281,30.8735,29.9317,30.4806,1504802,1.3751,5347887105.6,25768173600,27.9638,
000869.SZ,张裕A,2009-05-08,30.4058,30.4369,29.7197,30.1625,1285035,1.1743,5292077356.8,25499260800,27.6719,
000869.SZ,张裕A,2009-05-11,30.2498,30.6864,29.701,29.7384,1464422,1.3382,5217664358.4,25140710400,27.2828,
000869.SZ,张裕A,2009-05-12,29.6261,30.4307,29.6261,30.0939,958127,0.8756,5280039960,25441260000,27.609,
000869.SZ,张裕A,2009-05-13,30.1064,30.2498,29.782,29.913,1150816,1.0516,5248305004.8,25288348800,27.443,
000869.SZ,张裕A,2009-05-14,29.7509,30.0752,29.676,29.9504,917972,0.8389,5254870857.6,25319985600,27.4774,
000869.SZ,张裕A,2009-05-15,30.0814,31.3725,29.9692,31.254,4402333,4.0229,5483581396.8,26422000800,28.6733,
000869.SZ,张裕A,2009-05-18,31.3039,32.5513,30.8174,32.3081,3151757,2.8801,5668519584,27313104000,29.6403,
000869.SZ,张裕A,2009-05-19,32.3081,32.3081,31.622,31.8153,1595335,1.4578,5582069188.8,26896552800,29.1883,
000869.SZ,张裕A,2009-05-20,31.9089,32.0149,31.1854,31.1854,1013517,0.9262,5471544000,26364000000,28.6103,
000869.SZ,张裕A,2009-05-21,30.9359,31.1854,29.9879,30.1188,1027999,0.9394,5284417195.2,25462351200,27.6319,
000869.SZ,张裕A,2009-05-22,30.0066,30.6428,29.9941,30.3184,648597,0.5927,5319435076.8,25631080800,27.815,
000869.SZ,张裕A,2009-05-25,29.938,30.6116,29.9068,30.5492,916871,0.8379,5359924502.4,25826174400,28.0267,
000869.SZ,张裕A,2009-05-26,29.9879,31.3413,29.9879,31.1854,1111745,1.0159,5471544000,26364000000,28.6103,
000869.SZ,张裕A,2009-05-27,31.1729,32.0149,30.886,31.9401,1157205,1.0575,5603955364.8,27002008800,29.3027,
000869.SZ,张裕A,2009-06-01,31.9525,32.1085,31.4411,31.9338,1500571,1.3713,5602861056,26996736000,29.297,
000869.SZ,张裕A,2009-06-02,31.9401,32.1147,31.1854,31.6844,1687707,1.5423,5559088704,26785824000,29.0681,
000869.SZ,张裕A,2009-06-03,31.7467,32.3268,31.5783,31.7779,1445398,1.3208,5575503336,26864916000,29.1539,
000869.SZ,张裕A,2009-06-04,31.631,31.631,30.8006,31.1008,1492952,1.3643,5328189547.2,25673263200,27.8608,
000869.SZ,张裕A,2009-06-05,31.0433,32.8957,30.9667,32.2889,2463286,2.251,5531730984,26654004000,28.9251,
000869.SZ,张裕A,2009-06-08,32.257,33.2598,31.6182,32.257,1211106,1.1067,5526259440,26627640000,28.8964,
000869.SZ,张裕A,2009-06-09,32.257,33.5345,32.257,33.2279,2135296,1.9513,5692594377.6,27429105600,29.7662,
000869.SZ,张裕A,2009-06-10,33.2151,35.2016,33.1065,34.9333,2517612,2.3006,5984774827.2,28836943200,31.294,
000869.SZ,张裕A,2009-06-11,34.6587,35.2272,33.8539,34.1732,1040913,0.9512,5854552080,28209480000,30.6131,
000869.SZ,张裕A,2009-06-12,34.1732,34.4607,32.9788,33.247,779853,0.7126,5695877304,27444924000,29.7834,
000869.SZ,张裕A,2009-06-15,33.0363,35.4252,32.9532,34.812,1074778,0.9822,5963982960,28736760000,31.1853,
000869.SZ,张裕A,2009-06-16,34.3712,34.7417,33.79,34.4926,581943,0.5318,5909267520,28473120000,30.8992,
000869.SZ,张裕A,2009-06-17,33.9816,35.5146,33.9816,35.1825,1487464,1.3593,6027452870.4,29042582400,31.5172,
000869.SZ,张裕A,2009-06-18,35.323,36.1086,34.9333,35.2974,1137319,1.0393,6047150428.8,29137492800,31.6202,
000869.SZ,张裕A,2009-06-19,35.3869,35.5146,34.6204,35.406,567826,0.5189,6065753678.4,29227130400,31.7174,
000869.SZ,张裕A,2009-06-22,35.2591,35.6871,34.3521,34.4096,999436,0.9133,5895041505.6,28404573600,30.8248,
000869.SZ,张裕A,2009-06-23,34.2371,34.301,33.3556,33.8219,1253171,1.1452,5794365096,27919476000,30.2984,
000869.SZ,张裕A,2009-06-24,33.8219,34.4287,33.5345,34.2946,581987,0.5318,5875343947.2,28309663200,30.7218,
000869.SZ,张裕A,2009-06-25,34.4862,34.7609,33.5345,34.1732,959661,0.877,5854552080,28209480000,30.6131,
000869.SZ,张裕A,2009-06-26,34.186,34.6204,33.5984,34.4287,1780189,1.6268,5898324432,28420392000,30.842,
000869.SZ,张裕A,2009-06-29,34.2371,36.4089,34.2371,35.8979,1565471,1.4306,6150015456,29633136000,32.158,
000869.SZ,张裕A,2009-06-30,36.0895,36.3386,35.1952,35.9617,945786,0.8643,6160958544,29685864000,32.2152,
000869.SZ,张裕A,2009-07-01,35.6424,35.9617,35.1825,35.5146,799953,0.731,6084356928,29316768000,31.8147,
000869.SZ,张裕A,2009-07-02,35.5529,36.2108,34.78,35.1952,1454863,1.3295,6029641488,29053128000,31.5286,
000869.SZ,张裕A,2009-07-03,35.208,35.438,34.8822,35.1888,457873,0.4184,6028547179.2,29047855200,31.5229,
000869.SZ,张裕A,2009-07-06,35.1952,35.2847,34.301,34.4798,1524389,1.393,5907078902.4,28462574400,30.8877,
000869.SZ,张裕A,2009-07-07,34.4862,35.4507,34.4287,34.7737,1616462,1.4772,5957417107.2,28705123200,31.1509,
000869.SZ,张裕A,2009-07-08,34.4926,34.812,34.0135,34.5437,1091500,0.9974,5918021990.4,28515302400,30.9449,
000869.SZ,张裕A,2009-07-09,34.5437,35.438,34.499,35.4188,1129048,1.0317,6067942296,29237676000,31.7289,
000869.SZ,张裕A,2009-07-10,35.438,37.0476,35.438,36.5813,2421488,2.2128,6267106497.6,30197325600,32.7703,
000869.SZ,张裕A,2009-07-13,36.5174,36.939,35.949,36.4089,1141041,1.0427,6237560160,30054960000,32.6158,
000869.SZ,张裕A,2009-07-14,36.3514,37.7886,36.1534,37.7247,1573273,1.4377,6462987772.8,31141156800,33.7945,
000869.SZ,张裕A,2009-07-15,37.5906,37.7247,36.6005,36.9518,978515,0.8942,6330576408,30503148000,33.1022,
000869.SZ,张裕A,2009-07-16,36.9199,36.9199,36.0767,36.0767,1293612,1.1821,6180656102.4,29780774400,32.3182,
000869.SZ,张裕A,2009-07-17,36.0512,36.6516,36.0448,36.2108,604361,0.5523,6203636587.2,29891503200,32.4384,
000869.SZ,张裕A,2009-07-20,36.2683,36.856,36.2683,36.7602,997111,0.9112,6297747144,30344964000,32.9305,
000869.SZ,张裕A,2009-07-21,36.7474,37.8013,36.2045,36.2811,859375,0.7853,6215673984,29949504000,32.5014,
000869.SZ,张裕A,2009-07-22,36.2364,37.0668,36.0959,36.658,606404,0.5541,6280238203.2,30260599200,32.839,
000869.SZ,张裕A,2009-07-23,36.7027,36.856,35.7637,35.949,1229872,1.1239,6158769926.4,29675318400,32.2038,
000869.SZ,张裕A,2009-07-24,36.0448,36.313,35.5465,35.9426,715054,0.6534,6157675617.6,29670045600,32.1981,
000869.SZ,张裕A,2009-07-27,36.1534,36.23,35.5976,36.1597,2088152,1.9082,6194882116.8,29849320800,32.3926,
000869.SZ,张裕A,2009-07-28,36.1981,36.856,36.032,36.4089,1426089,1.3032,6237560160,30054960000,32.6158,
000869.SZ,张裕A,2009-07-29,36.6771,36.6771,33.2151,35.1314,1450607,1.3256,6018698400,29000400000,31.4714,
000869.SZ,张裕A,2009-07-30,34.7481,35.1314,33.9177,34.7034,977233,0.893,5945379710.4,28647122400,31.088,
000869.SZ,张裕A,2009-07-31,34.7545,35.291,34.5565,34.9397,1166221,1.0657,5985869136,28842216000,31.2997,
000869.SZ,张裕A,2009-08-03,35.0036,35.8148,35.0036,35.2655,1942421,1.775,6041678884.8,29111128800,31.5915,
000869.SZ,张裕A,2009-08-04,35.636,35.636,34.3649,34.8759,1822699,1.6656,5974926048,28789488000,31.2425,
000869.SZ,张裕A,2009-08-05,35.0675,36.032,34.8759,35.834,1974420,1.8043,6139072368,29580408000,32.1008,
000869.SZ,张裕A,2009-08-06,35.8915,36.3578,35.5465,35.834,1753784,1.6026,6139072368,29580408000,32.1008,
000869.SZ,张裕A,2009-08-07,35.9681,36.3833,35.1697,35.4699,1320255,1.2065,6076696766.4,29279858400,31.7746,
000869.SZ,张裕A,2009-08-10,35.6296,35.8659,34.4926,34.6204,1275584,1.1657,5931153696,28578576000,30.0494,
000869.SZ,张裕A,2009-08-11,34.812,36.345,34.6842,35.8212,1203682,1.0999,6136883750.4,29569862400,31.0918,
000869.SZ,张裕A,2009-08-12,35.7637,36.773,34.6906,34.8759,1815169,1.6587,5974926048,28789488000,30.2712,
000869.SZ,张裕A,2009-08-13,34.812,35.2591,34.5948,34.6459,1577148,1.4412,5935530931.2,28599667200,30.0716,
000869.SZ,张裕A,2009-08-14,34.6395,34.8056,33.2215,33.7261,1273534,1.1638,5777950464,27840384000,29.2733,
000869.SZ,张裕A,2009-08-17,33.2151,33.7133,32.6402,32.8319,1142267,1.0438,5624747232,27102192000,28.4971,
000869.SZ,张裕A,2009-08-18,32.768,33.4642,32.7169,32.9596,910607,0.8321,5646633408,27207648000,28.608,
000869.SZ,张裕A,2009-08-19,33.2151,33.5345,32.7744,32.9852,1964959,1.7956,5651010643.2,27228739200,28.6301,
000869.SZ,张裕A,2009-08-20,32.8319,33.3429,32.5827,33.1257,1462795,1.3367,5675085436.8,27344740800,28.7521,
000869.SZ,张裕A,2009-08-21,33.1576,34.2946,32.9596,33.9816,841898,0.7693,5821722816,28051296000,29.495,
000869.SZ,张裕A,2009-08-24,33.9816,34.5884,33.1768,34.3712,1486447,1.3583,5888475652.8,28372936800,29.8332,
000869.SZ,张裕A,2009-08-25,34.2243,34.4798,33.3492,34.416,1512967,1.3826,5896135814.4,28409846400,29.872,
000869.SZ,张裕A,2009-08-26,34.1732,35.0547,33.7389,34.7226,548560,0.5013,5948662636.8,28662940800,30.1382,
000869.SZ,张裕A,2009-08-27,34.7226,35.8979,34.5309,35.7446,1020784,0.9328,6123752044.8,29506588800,31.0252,
000869.SZ,张裕A,2009-08-28,35.5018,35.5338,34.7481,35.291,750901,0.6862,6046056120,29132220000,30.6316,
000869.SZ,张裕A,2009-08-31,34.6523,35.0994,33.0107,33.8539,880285,0.8044,5799836640,27945840000,29.3841,
000869.SZ,张裕A,2009-09-01,33.5281,34.3649,33.4834,34.2052,661665,0.6046,5860023624,28235844000,29.6891,
000869.SZ,张裕A,2009-09-02,33.9177,34.3521,33.5345,33.7644,225153,0.2057,5784516316.8,27872020800,29.3065,
000869.SZ,张裕A,2009-09-03,33.8602,34.812,33.5345,34.5437,690723,0.6312,5918021990.4,28515302400,29.9829,
000869.SZ,张裕A,2009-09-04,34.2882,34.7481,34.269,34.7481,530761,0.485,5953039872,28684032000,30.1603,
000869.SZ,张裕A,2009-09-07,34.7864,37.0348,34.7864,36.0639,1606997,1.4685,6178467484.8,29770228800,31.3024,
000869.SZ,张裕A,2009-09-08,36.0512,37.0285,35.604,36.2556,1005434,0.9188,6211296748.8,29928412800,31.4688,
000869.SZ,张裕A,2009-09-09,36.2556,36.2556,35.5274,35.5976,643498,0.588,6098582942.4,29385314400,30.8977,
000869.SZ,张裕A,2009-09-10,35.6424,36.0575,35.2272,35.7765,408915,0.3737,6129223588.8,29532952800,31.0529,
000869.SZ,张裕A,2009-09-11,35.7893,36.0959,35.6424,35.7701,488852,0.4467,6128129280,29527680000,31.0474,
000869.SZ,张裕A,2009-09-14,35.7765,36.6005,35.7765,36.1278,700093,0.6398,6189410572.8,29822956800,31.3579,
000869.SZ,张裕A,2009-09-15,36.1534,36.7282,36.1534,36.543,487789,0.4458,6260540644.8,30165688800,31.7182,
000869.SZ,张裕A,2009-09-16,36.4089,37.1754,36.1917,36.7921,880737,0.8048,6303218688,30371328000,31.9345,
000869.SZ,张裕A,2009-09-17,36.7921,37.3159,36.6452,36.9774,377229,0.3447,6334953643.2,30524239200,32.0952,
000869.SZ,张裕A,2009-09-18,36.7985,37.1115,36.0001,36.3961,468733,0.4283,6235371542.4,30044414400,31.5907,
000869.SZ,张裕A,2009-09-21,36.3961,37.3478,35.7957,37.3031,590791,0.5399,6390763392,30793152000,32.378,
000869.SZ,张裕A,2009-09-22,37.1115,38.2612,37.1115,37.3095,887177,0.8107,6391857700.8,30798424800,32.3835,
000869.SZ,张裕A,2009-09-23,37.1243,38.0121,36.1597,36.3897,557959,0.5099,6234277233.6,30039141600,31.5852,
000869.SZ,张裕A,2009-09-24,36.3386,36.3386,35.2783,35.6743,381888,0.349,6111714648,29448588000,30.9642,
000869.SZ,张裕A,2009-09-25,35.7637,38.0057,35.6424,37.795,1347978,1.2318,6475025169.6,31199157600,32.8049,
000869.SZ,张裕A,2009-09-28,37.7502,39.0597,37.054,37.6353,824068,0.753,6447667449.6,31067337600,32.6663,
000869.SZ,张裕A,2009-09-29,37.565,38.3251,36.7666,38.3251,467388,0.4271,6565852800,31636800000,33.2651,
000869.SZ,张裕A,2009-09-30,38.2932,40.1647,38.0121,39.2832,791680,0.7235,6729999120,32427720000,34.0967,
000869.SZ,张裕A,2009-10-09,39.3791,40.5607,38.9703,40.3052,598591,0.547,6905088528,33271368000,34.9838,
000869.SZ,张裕A,2009-10-12,40.433,41.3273,39.7431,40.8993,423798,0.3873,7006859246.4,33761738400,35.4994,
000869.SZ,张裕A,2009-10-13,40.9312,40.9312,39.8581,39.9859,280362,0.2562,6850373088,33007728000,34.7066,
000869.SZ,张裕A,2009-10-14,40.0114,40.5033,39.3471,39.3791,427494,0.3907,6746413752,32506812000,34.1799,
000869.SZ,张裕A,2009-10-15,39.3854,40.0434,39.0405,39.6026,423898,0.3874,6784714560,32691360000,34.3739,
000869.SZ,张裕A,2009-10-16,39.2832,39.7623,38.7467,39.2832,502752,0.4594,6729999120,32427720000,34.0967,
000869.SZ,张裕A,2009-10-19,39.4621,39.4621,38.0057,38.6764,966828,0.8835,6626039784,31926804000,33.57,
000869.SZ,张裕A,2009-10-20,38.6253,39.3088,38.6126,39.2385,1020349,0.9324,6722338958.4,32390810400,34.0579,
000869.SZ,张裕A,2009-10-21,39.2449,39.3407,38.5167,38.6445,494348,0.4517,6620568240,31900440000,33.5423,
000869.SZ,张裕A,2009-10-22,38.5934,39.2769,38.587,38.8936,446930,0.4084,6663246283.2,32106079200,33.7585,
000869.SZ,张裕A,2009-10-23,39.1236,39.9156,38.9192,39.8453,678392,0.6199,6826298294.4,32891726400,34.5846,
000869.SZ,张裕A,2009-10-26,40.1583,41.8319,39.9859,41.0718,2028263,1.8535,7036405584,33904104000,32.8109,
000869.SZ,张裕A,2009-10-27,41.0718,42.1065,40.5799,41.4422,760993,0.6954,7099875494.4,34209926400,33.1068,
000869.SZ,张裕A,2009-10-28,41.4422,41.5189,40.1647,40.4649,571552,0.5223,6932446248,33403188000,32.3261,
000869.SZ,张裕A,2009-10-29,40.1839,41.4039,39.8262,40.5799,500700,0.4575,6952143806.4,33498098400,32.4179,
000869.SZ,张裕A,2009-10-30,40.6246,41.966,40.6246,41.9532,552158,0.5046,7187420198.4,34631750400,33.515,
000869.SZ,张裕A,2009-11-02,41.5061,42.7197,40.9121,42.4898,446307,0.4078,7279342137.6,35074665600,33.9437,
000869.SZ,张裕A,2009-11-03,42.196,43.0519,41.966,42.196,603407,0.5514,7229003932.8,34832116800,33.709,
000869.SZ,张裕A,2009-11-04,42.1576,43.1158,41.9724,42.9241,478121,0.4369,7353755136,35433216000,34.2907,
000869.SZ,张裕A,2009-11-05,42.9241,43.3585,42.2662,42.5089,291912,0.2668,7282625064,35090484000,33.959,
000869.SZ,张裕A,2009-11-06,42.5792,42.9177,41.966,42.592,477097,0.436,7296851078.4,35159030400,34.0253,
000869.SZ,张裕A,2009-11-09,42.592,42.7325,41.9532,42.0874,453373,0.4143,7210400683.2,34742479200,33.6222,
000869.SZ,张裕A,2009-11-10,42.1576,42.6686,42.1065,42.4004,504348,0.4609,7264021814.4,35000846400,33.8722,
000869.SZ,张裕A,2009-11-11,42.0746,43.1477,41.9341,43.0902,451454,0.4125,7382207164.8,35570308800,34.4233,
000869.SZ,张裕A,2009-11-12,43.1158,46.3095,42.9241,44.751,1401186,1.2804,7666727452.8,36941236800,35.7501,
000869.SZ,张裕A,2009-11-13,44.6999,46.1179,44.3933,44.9362,795507,0.7269,7698462408,37094148000,35.898,
000869.SZ,张裕A,2009-11-16,44.7318,46.6161,44.7254,45.3067,829133,0.7577,7761932318.4,37399970400,36.194,
000869.SZ,张裕A,2009-11-17,45.3195,45.6708,44.3933,45.1214,529333,0.4837,7730197363.2,37247059200,36.046,
000869.SZ,张裕A,2009-11-18,45.0959,45.0959,44.406,44.6488,676093,0.6178,7649218512,36856872000,35.6684,
000869.SZ,张裕A,2009-11-19,44.6679,44.9681,44.4124,44.8787,317079,0.2898,7688613628.8,37046692800,35.8521,
000869.SZ,张裕A,2009-11-20,44.5849,45.6772,44.0739,45.543,490397,0.4481,7802421744,37595064000,36.3828,
000869.SZ,张裕A,2009-11-23,45.6197,46.1818,45.1598,46.0796,330060,0.3016,7894343683.2,38037979200,36.8114,
000869.SZ,张裕A,2009-11-24,46.086,46.086,43.895,44.1378,842313,0.7697,7561673808,36435048000,35.2602,
000869.SZ,张裕A,2009-11-25,43.8823,44.9681,43.7673,44.7637,502294,0.459,7668916070.4,36951782400,35.7603,
000869.SZ,张裕A,2009-11-26,44.8723,44.8723,42.79,43.4351,792775,0.7245,7441299840,35855040000,34.6989,
000869.SZ,张裕A,2009-11-27,42.7197,44.0739,42.5792,43.0008,592207,0.5412,7366886841.6,35496489600,34.3519,
000869.SZ,张裕A,2009-11-30,42.9752,45.6708,42.9752,44.8723,703651,0.643,7687519320,37041420000,35.847,
000869.SZ,张裕A,2009-12-01,44.9681,46.2967,44.0867,46.0923,886190,0.8098,7896532300.8,38048524800,36.8216,
000869.SZ,张裕A,2009-12-02,46.0668,46.7439,45.7474,46.0923,377295,0.3448,7896532300.8,38048524800,36.8216,
000869.SZ,张裕A,2009-12-03,45.9838,46.565,45.2236,45.3514,566472,0.5177,7769592480,37436880000,36.2297,
000869.SZ,张裕A,2009-12-04,45.1598,45.7474,43.499,44.6488,496794,0.454,7649218512,36856872000,35.6684,
000869.SZ,张裕A,2009-12-07,44.6488,45.7857,44.4444,44.9043,476149,0.4351,7692990864,37067784000,35.8725,
000869.SZ,张裕A,2009-12-08,44.7254,45.2109,43.8886,44.1186,445260,0.4069,7558390881.6,36419229600,35.2449,
000869.SZ,张裕A,2009-12-09,44.0675,44.2144,43.3074,43.4224,595979,0.5446,7439111222.4,35844494400,34.6887,
000869.SZ,张裕A,2009-12-10,43.4479,44.2527,43.4479,43.9397,763353,0.6976,7527750235.2,36271591200,35.102,
000869.SZ,张裕A,2009-12-11,44.0739,45.7985,43.8184,45.5111,2387695,2.1819,7796950200,37568700000,36.3573,
000869.SZ,张裕A,2009-12-14,45.5111,47.2613,45.345,46.565,1487847,1.3596,7977511152,38438712000,37.1993,
000869.SZ,张裕A,2009-12-15,46.5395,47.6445,45.9965,46.6864,909526,0.8311,7998303019.2,38538895200,37.2962,
000869.SZ,张裕A,2009-12-16,46.6864,47.1207,45.9901,46.2584,456992,0.4176,7924984329.6,38185617600,36.9543,
000869.SZ,张裕A,2009-12-17,46.0029,46.6033,45.4919,45.5877,568640,0.5196,7810081905.6,37631973600,36.4185,
000869.SZ,张裕A,2009-12-18,45.2747,45.5813,44.0739,44.3933,439508,0.4016,7605446160,36645960000,35.4643,
000869.SZ,张裕A,2009-12-21,44.3933,45.9263,44.3933,45.6133,430839,0.3937,7814459140.8,37653064800,36.4389,
000869.SZ,张裕A,2009-12-22,45.9901,45.9901,44.5657,45.0129,618549,0.5652,7711594113.6,37157421600,35.9593,
000869.SZ,张裕A,2009-12-23,45.2747,45.9965,44.719,45.9965,618131,0.5649,7880117668.8,37969432800,36.7451,
000869.SZ,张裕A,2009-12-24,46.3862,47.9703,46.1179,47.3379,1241643,1.1346,8109922516.8,39076720800,37.8167,
000869.SZ,张裕A,2009-12-25,47.2676,48.6729,47.1527,47.9128,1285293,1.1745,8208410308.8,39551272800,38.2759,
000869.SZ,张裕A,2009-12-28,48.2258,48.9284,48.0022,48.9284,1293323,1.1819,8382405408,40389648000,39.0873,
000869.SZ,张裕A,2009-12-29,48.9092,49.5544,48.4685,49.433,1509323,1.3792,8468855803.2,40806199200,39.4904,
000869.SZ,张裕A,2009-12-30,49.465,49.9185,48.807,49.7843,843257,0.7706,8529042787.2,41096203200,39.771,
000869.SZ,张裕A,2009-12-31,49.8163,49.8546,48.4174,48.5579,1537179,1.4047,8318935497.6,40083825600,38.7913,
000869.SZ,张裕A,2010-01-04,48.8581,48.9348,46.8844,46.9355,1307220,1.1946,8040981062.4,38744534400,37.4952,
000869.SZ,张裕A,2010-01-05,47.1399,47.3954,46.565,46.763,1585815,1.4491,8011434724.8,38602168800,37.3574,
000869.SZ,张裕A,2010-01-06,46.7439,47.076,46.2456,46.3734,1461408,1.3355,7944681888,38280528000,37.0462,
000869.SZ,张裕A,2010-01-07,46.4053,47.0058,45.9263,46.3095,880814,0.8049,7933738800,38227800000,36.9951,
000869.SZ,张裕A,2010-01-08,46.3095,46.3095,46.3095,46.3095,--,--,7933738800,38227800000,36.9951,
000869.SZ,张裕A,2010-01-11,46.3095,46.3095,46.3095,46.3095,--,--,7933738800,38227800000,36.9951,
000869.SZ,张裕A,2010-01-12,46.3095,46.3095,46.3095,46.3095,--,--,7933738800,38227800000,36.9951,
000869.SZ,张裕A,2010-01-13,46.3095,46.3095,46.3095,46.3095,--,--,7933738800,38227800000,36.9951,
000869.SZ,张裕A,2010-01-14,46.3095,46.3095,46.3095,46.3095,--,--,7933738800,38227800000,36.9951,
000869.SZ,张裕A,2010-01-15,46.3095,46.3095,46.3095,46.3095,--,--,7933738800,38227800000,36.9951,
000869.SZ,张裕A,2010-01-18,46.3095,46.3095,46.3095,46.3095,--,--,7933738800,38227800000,36.9951,
000869.SZ,张裕A,2010-01-19,46.3095,46.3095,46.3095,46.3095,--,--,7933738800,38227800000,36.9951,
000869.SZ,张裕A,2010-01-20,47.7339,47.9064,44.6488,44.7446,1909918,1.7453,7665633144,36935964000,35.745,
000869.SZ,张裕A,2010-01-21,44.7446,47.4593,44.7126,46.6417,2554902,2.3347,7990642857.6,38501985600,37.2605,
000869.SZ,张裕A,2010-01-22,46.3095,46.3095,44.5849,45.0767,1454459,1.3291,7722537201.6,37210149600,36.0103,
000869.SZ,张裕A,2010-01-25,44.9681,44.9681,43.5757,44.01,984698,0.8998,7539787632,36329592000,35.1581,
000869.SZ,张裕A,2010-01-26,44.01,44.7063,43.9972,44.1378,1148036,1.0491,7561673808,36435048000,35.2602,
000869.SZ,张裕A,2010-01-27,43.9334,44.4571,43.0199,44.1378,982177,0.8975,7561673808,36435048000,35.2602,
000869.SZ,张裕A,2010-01-28,44.1058,45.7602,43.499,45.2875,650191,0.5942,7758649392,37384152000,36.1787,
000869.SZ,张裕A,2010-01-29,45.0001,46.1562,45.0001,45.7985,756184,0.691,7846194096,37805976000,36.5869,
000869.SZ,张裕A,2010-02-01,45.6708,46.5011,45.4791,46.1562,709374,0.6482,7907475388.8,38101252800,36.8727,
000869.SZ,张裕A,2010-02-02,46.1051,46.4373,45.543,45.6069,774981,0.7082,7813364832,37647792000,36.4338,
000869.SZ,张裕A,2010-02-03,45.1342,46.2329,45.032,45.3003,709149,0.648,7760838009.6,37394697600,36.1889,
000869.SZ,张裕A,2010-02-04,45.0384,45.9774,44.3933,45.2173,866098,0.7915,7746611995.2,37326151200,36.1226,
000869.SZ,张裕A,2010-02-05,44.2272,45.2109,44.2272,44.719,653361,0.5971,7661255908.8,36914872800,35.7245,
000869.SZ,张裕A,2010-02-08,44.7126,44.9554,44.4571,44.7765,388875,0.3554,7671104688,36962328000,35.7705,
000869.SZ,张裕A,2010-02-09,44.8723,45.4791,44.406,45.4408,240818,0.2201,7784912803.2,37510699200,36.3012,
000869.SZ,张裕A,2010-02-10,45.4408,46.0412,45.3642,45.9263,208350,0.1904,7868080272,37911432000,36.689,
000869.SZ,张裕A,2010-02-11,45.9965,45.9965,45.575,45.9327,270681,0.2474,7869174580.8,37916704800,36.6941,
000869.SZ,张裕A,2010-02-12,45.8688,46.1115,45.3833,45.3897,414200,0.3785,7776158332.8,37468516800,36.2603,
000869.SZ,张裕A,2010-02-22,45.3833,45.3833,44.2336,44.3294,1260437,1.1518,7594503072,36593232000,35.4133,
000869.SZ,张裕A,2010-02-23,44.2847,44.7063,44.2016,44.4316,717696,0.6558,7612012012.8,36677596800,35.4949,
000869.SZ,张裕A,2010-02-24,44.0739,45.6772,44.0739,45.658,701994,0.6415,7822119302.4,37689974400,36.4747,
000869.SZ,张裕A,2010-02-25,45.6516,45.6516,45.0001,45.2747,1470339,1.3436,7756460774.4,37373606400,36.1685,
000869.SZ,张裕A,2010-02-26,45.4217,45.4791,44.9554,44.9681,839597,0.7672,7703933952,37120512000,35.9236,
000869.SZ,张裕A,2010-03-01,44.9043,45.2747,44.7126,44.7765,712752,0.6513,7671104688,36962328000,35.7705,
000869.SZ,张裕A,2010-03-02,44.7829,44.9809,44.3613,44.604,486120,0.4442,7641558350.4,36819962400,35.6327,
000869.SZ,张裕A,2010-03-03,44.5849,44.7126,44.0867,44.7126,691039,0.6315,7660161600,36909600000,35.7194,
000869.SZ,张裕A,2010-03-04,44.7126,44.7126,43.8567,44.3549,719239,0.6573,7598880307.2,36614323200,35.4337,
000869.SZ,张裕A,2010-03-05,43.9014,44.3549,43.8823,44.2591,583145,0.5329,7582465675.2,36535231200,35.3571,
000869.SZ,张裕A,2010-03-08,44.2463,44.323,42.8539,43.4351,649670,0.5937,7441299840,35855040000,34.6989,
000869.SZ,张裕A,2010-03-09,43.5437,44.1505,42.8666,43.8567,1680024,1.5352,7513524220.8,36203044800,35.0357,
000869.SZ,张裕A,2010-03-10,43.5501,44.1952,43.5501,44.0228,812423,0.7424,7541976249.6,36340137600,35.1683,
000869.SZ,张裕A,2010-03-11,44.0675,44.2272,43.6906,44.1889,234659,0.2144,7570428278.4,36477230400,35.301,
000869.SZ,张裕A,2010-03-12,44.2974,44.4252,43.8823,44.1952,444990,0.4066,7571522587.2,36482503200,35.3061,
000869.SZ,张裕A,2010-03-15,44.2016,44.3038,42.9625,43.1541,423388,0.3869,7393150252.8,35623036800,34.4744,
000869.SZ,张裕A,2010-03-16,43.1541,44.1889,42.7964,43.6459,886206,0.8098,7477412030.4,36029042400,34.8673,
000869.SZ,张裕A,2010-03-17,43.4415,43.7545,43.1221,43.7481,438122,0.4004,7494920971.2,36113407200,34.9489,
000869.SZ,张裕A,2010-03-18,43.9397,43.9972,43.4543,43.6395,241632,0.2208,7476317721.6,36023769600,34.8622,
000869.SZ,张裕A,2010-03-19,43.7545,43.9397,43.5054,43.614,318047,0.2906,7471940486.4,36002678400,34.8418,
000869.SZ,张裕A,2010-03-22,43.614,43.9334,43.3074,43.3776,393124,0.3592,7431451060.8,35807584800,34.653,
000869.SZ,张裕A,2010-03-23,43.5054,43.5884,42.8986,42.9752,630372,0.576,7362509606.4,35475398400,34.3315,
000869.SZ,张裕A,2010-03-24,42.9752,43.5757,42.9752,43.4926,586299,0.5358,7451148619.2,35902495200,34.7448,
000869.SZ,张裕A,2010-03-25,43.4926,43.499,42.7964,42.8986,639239,0.5841,7349377900.8,35412124800,34.2703,
000869.SZ,张裕A,2010-03-26,42.7964,43.301,42.6239,42.8666,194204,0.1775,7343906356.8,35385760800,34.2447,
000869.SZ,张裕A,2010-03-29,42.8666,43.8695,42.8603,43.8312,589352,0.5386,7509146985.6,36181953600,35.0153,
000869.SZ,张裕A,2010-03-30,43.4926,43.8823,43.1605,43.2691,331227,0.3027,7412847811.2,35717947200,34.5662,
000869.SZ,张裕A,2010-03-31,43.2691,43.4351,42.7325,42.9114,848026,0.7749,7351566518.4,35422670400,34.2805,
000869.SZ,张裕A,2010-04-01,42.9241,44.0547,42.8283,44.0547,776729,0.572,9365772873.6,36366501600,35.1939,
000869.SZ,张裕A,2010-04-02,44.0356,44.0419,43.0519,43.0838,972096,0.7159,9159364656,35565036000,34.4182,
000869.SZ,张裕A,2010-04-06,43.4224,43.6587,42.9305,43.1158,835413,0.6152,9166154400,35591400000,34.4438,
000869.SZ,张裕A,2010-04-07,43.1796,43.3585,42.8603,43.1796,815167,0.6003,9179733888,35644128000,34.4948,
000869.SZ,张裕A,2010-04-08,43.1669,43.7545,42.9241,43.7545,1025277,0.755,9301949280,36118680000,34.954,
000869.SZ,张裕A,2010-04-09,43.8248,45.0831,43.7545,44.7701,1856160,1.3669,9517863139.2,36957055200,35.7654,
000869.SZ,张裕A,2010-04-12,44.8404,45.032,43.9845,44.6424,1653716,1.2178,9490704163.2,36851599200,35.6633,
000869.SZ,张裕A,2010-04-13,44.6296,46.1818,44.0739,45.3514,1476654,1.0874,9641436480,37436880000,36.2297,
000869.SZ,张裕A,2010-04-14,45.7985,45.9901,45.262,45.7538,1039415,0.7654,9726987254.4,37769066400,36.5512,
000869.SZ,张裕A,2010-04-15,45.7857,46.4181,45.3578,45.7346,657088,0.4839,9722913408,37753248000,36.5359,
000869.SZ,张裕A,2010-04-16,46.1179,47.5231,46.1179,46.9738,1193110,0.8786,9986355475.2,38776171200,34.3965,
000869.SZ,张裕A,2010-04-19,47.587,47.587,45.543,45.7666,1076485,0.7927,9729703152,37779612000,33.5125,
000869.SZ,张裕A,2010-04-20,45.6388,47.3635,44.8468,47.2932,1036906,0.7636,10054252915.2,39039811200,34.6304,
000869.SZ,张裕A,2010-04-21,47.3571,49.7396,46.9738,49.1839,1221144,0.8993,10456205760,40600560000,36.0148,
000869.SZ,张裕A,2010-04-22,49.0562,49.6949,48.8645,49.5097,885939,0.6524,10525461148.8,40869472800,36.2534,
000869.SZ,张裕A,2010-04-23,49.1839,49.4905,47.0377,47.2804,927848,0.6833,10051537017.6,39029265600,34.621,
000869.SZ,张裕A,2010-04-26,47.2676,48.6473,47.2357,48.2258,1161364,0.8552,10252513440,39809640000,32.9833,
000869.SZ,张裕A,2010-04-27,47.9064,48.2066,46.3095,46.8077,571161,0.4206,9951048806.4,38639078400,32.0135,
000869.SZ,张裕A,2010-04-28,46.0029,48.0341,45.9965,47.9703,523865,0.3858,10198195488,39598728000,32.8086,
000869.SZ,张裕A,2010-04-29,48.4749,49.1967,47.5551,47.9703,586528,0.4319,10198195488,39598728000,32.8086,
000869.SZ,张裕A,2010-04-30,47.9703,47.9703,47.9703,47.9703,--,--,10198195488,39598728000,32.8086,
000869.SZ,张裕A,2010-05-04,45.8624,48.0341,45.6708,46.9419,804851,0.5927,9979565731.2,38749807200,32.1052,
000869.SZ,张裕A,2010-05-05,46.0668,48.724,46.0668,48.4238,946770,0.6972,10294609852.8,39973096800,33.1188,
000869.SZ,张裕A,2010-05-06,48.5132,49.0306,46.6353,46.8397,481003,0.3542,9957838550.4,38665442400,32.0353,
000869.SZ,张裕A,2010-05-07,46.2776,46.8397,45.4791,46.169,510685,0.3761,9815253926.4,38111798400,31.5766,
000869.SZ,张裕A,2010-05-10,45.4153,46.6225,45.4153,46.0412,688720,0.5072,9788094950.4,38006342400,31.4893,
000869.SZ,张裕A,2010-05-11,46.3415,47.2293,45.3514,45.3514,628346,0.4627,9641436480,37436880000,31.0174,
000869.SZ,张裕A,2010-05-12,45.3514,45.3514,45.3514,45.3514,--,--,9641436480,37436880000,31.0174,
000869.SZ,张裕A,2010-05-13,44.9681,46.3095,44.0739,46.2904,703095,0.5178,9841054953.6,38211981600,31.6596,
000869.SZ,张裕A,2010-05-14,45.9646,48.5451,45.3642,47.1399,406593,0.2994,10021662144,38913264000,32.2407,
000869.SZ,张裕A,2010-05-17,46.6353,47.0441,45.2747,45.2939,502136,0.3698,9629214940.8,37389424800,30.9781,
000869.SZ,张裕A,2010-05-18,45.345,45.7346,44.2655,44.6488,785356,0.5783,9492062112,36856872000,30.5369,
000869.SZ,张裕A,2010-05-19,44.4571,45.9838,43.5629,44.2655,612620,0.4511,9410585184,36540504000,30.2748,
000869.SZ,张裕A,2010-05-20,44.4252,45.4153,43.8695,44.0867,310458,0.2286,9372562617.6,36392865600,30.1524,
000869.SZ,张裕A,2010-05-21,43.8695,45.4919,43.4479,45.3514,335959,0.2474,9641436480,37436880000,31.0174,
000869.SZ,张裕A,2010-05-24,45.4791,46.565,45.3514,46.565,376074,0.2769,9899446752,38438712000,31.8475,
000869.SZ,张裕A,2010-05-25,46.5011,47.1271,45.7985,45.8624,263539,0.1941,9750072384,37858704000,31.3669,
000869.SZ,张裕A,2010-05-26,45.8624,46.5522,45.5494,45.9901,195013,0.1436,9777231360,37964160000,31.4543,
000869.SZ,张裕A,2010-05-27,46.2456,46.3095,45.3514,46.1562,235239,0.1732,9812538028.8,38101252800,31.5679,
000869.SZ,张裕A,2010-05-28,46.3031,47.587,46.2201,47.4593,493637,0.3635,10089559584,39176904000,32.4591,
000869.SZ,张裕A,2010-05-31,47.4273,48.7559,46.8269,48.5388,714063,0.5258,10319052931.2,40068007200,33.1974,
000869.SZ,张裕A,2010-06-01,48.213,48.8645,47.5998,48.2258,279416,0.2058,10252513440,39809640000,32.9833,
000869.SZ,张裕A,2010-06-02,47.7786,48.5451,46.9738,47.5295,143373,0.1056,10104497020.8,39234904800,32.5071,
000869.SZ,张裕A,2010-06-03,47.587,48.2258,47.0121,47.6062,240580,0.1772,10120792406.4,39298178400,32.5596,
000869.SZ,张裕A,2010-06-04,47.6062,48.6729,47.2613,48.6665,343642,0.2531,10346211907.2,40173463200,33.2848,
000869.SZ,张裕A,2010-06-07,48.2194,49.6885,47.7212,49.3691,489373,0.3604,10495586275.2,40753471200,33.7653,
000869.SZ,张裕A,2010-06-08,48.8709,50.7808,48.8709,50.7808,611205,0.4501,10795692960,41918760000,34.7308,
000869.SZ,张裕A,2010-06-09,50.4678,51.5153,49.8482,50.9724,557325,0.4104,10836431424,42076944000,34.8619,
000869.SZ,张裕A,2010-06-10,51.0618,51.4195,50.5381,50.9724,199761,0.1471,10836431424,42076944000,34.8619,
000869.SZ,张裕A,2010-06-11,51.081,51.4131,49.8227,50.1229,337950,0.2489,10655824233.6,41375661600,34.2808,
000869.SZ,张裕A,2010-06-17,50.1229,50.455,49.4905,50.0143,231275,0.1703,10632739104,41286024000,34.2066,
000869.SZ,张裕A,2010-06-18,49.663,50.1995,47.9064,47.9128,400611,0.295,10185973948.8,39551272800,32.7693,
000869.SZ,张裕A,2010-06-21,48.2258,50.0143,47.2676,49.6438,245289,0.1806,10553978073.6,40980201600,33.9532,
000869.SZ,张裕A,2010-06-22,49.3883,50.3337,49.3883,49.7971,135751,0.1,10586568844.8,41106748800,34.058,
000869.SZ,张裕A,2010-06-23,49.663,50.1229,49.5097,49.829,131170,0.0966,10593358588.8,41133112800,34.0799,
000869.SZ,张裕A,2010-06-24,49.5161,54.6133,49.5161,52.697,318764,0.2347,11203077600,43500600000,36.0414,
000869.SZ,张裕A,2010-06-25,52.3585,52.6651,50.7872,51.2662,243945,0.1796,10898897068.8,42319492800,35.0628,
000869.SZ,张裕A,2010-06-28,51.2662,52.2307,50.685,51.1002,159370,0.1174,10863590400,42182400000,34.9492,
000869.SZ,张裕A,2010-06-29,51.1002,51.6048,49.1903,49.5224,211706,0.1559,10528177046.4,40880018400,33.8702,
000869.SZ,张裕A,2010-06-30,49.1839,51.6623,48.5451,51.0874,285002,0.2099,10860874502.4,42171854400,34.9405,
000869.SZ,张裕A,2010-07-01,51.0427,53.3358,50.5061,52.8248,464024,0.3417,11230236576,43606056000,36.1288,
000869.SZ,张裕A,2010-07-02,52.7609,53.7829,50.5189,51.0746,407800,0.3003,10858158604.8,42161308800,34.9318,
000869.SZ,张裕A,2010-07-05,51.2279,51.3237,49.3755,50.3337,582656,0.4291,10700636544,41549664000,34.425,
000869.SZ,张裕A,2010-07-06,50.3975,53.6488,50.3337,53.5274,791927,0.5832,11379610944,44186064000,36.6093,
000869.SZ,张裕A,2010-07-07,53.5339,56.3788,52.5035,53.4756,948153,0.6982,11205793497.6,43511145600,36.0501,
000869.SZ,张裕A,2010-07-08,53.1451,56.7546,52.834,56.5084,934426,0.6881,11841313536,45978816000,38.0947,
000869.SZ,张裕A,2010-07-09,56.2167,57.4026,55.4715,57.0268,900121,0.6629,11949949440,46400640000,38.4441,
000869.SZ,张裕A,2010-07-12,56.9296,56.9296,54.9531,55.0697,778451,0.5733,11539848902.4,44808254400,37.1248,
000869.SZ,张裕A,2010-07-13,54.8883,55.7113,54.4541,54.8559,350979,0.2585,11495036592,44634252000,36.9806,
000869.SZ,张裕A,2010-07-14,54.7004,56.7611,54.7004,55.7242,397548,0.2928,11677001731.2,45340807200,37.566,
000869.SZ,张裕A,2010-07-15,55.7307,56.2297,53.7866,53.9162,344637,0.2538,11298134016,43869696000,36.3472,
000869.SZ,张裕A,2010-07-16,53.7089,54.4865,53.0738,53.9875,337131,0.2483,11313071452.8,43927696800,36.3952,
000869.SZ,张裕A,2010-07-19,53.1775,55.2123,53.1775,54.6939,365530,0.2692,11461087872,44502432000,36.8714,
000869.SZ,张裕A,2010-07-20,54.3634,55.3937,54.3634,54.9531,248222,0.1828,11515405824,44713344000,37.0462,
000869.SZ,张裕A,2010-07-21,54.8753,56.301,54.7587,55.1799,313922,0.2312,11562934032,44897892000,37.1991,
000869.SZ,张裕A,2010-07-22,55.4067,55.7307,54.9531,55.1929,520757,0.3835,11565649929.6,44908437600,37.2078,
000869.SZ,张裕A,2010-07-23,55.1929,55.2123,54.1301,55.0697,583069,0.4294,11539848902.4,44808254400,37.1248,
000869.SZ,张裕A,2010-07-26,55.0697,56.6704,54.804,56.463,406261,0.2992,11831807894.4,45941906400,38.0641,
000869.SZ,张裕A,2010-07-27,56.4371,58.8996,56.1195,57.6813,806777,0.5941,12087102268.8,46933192800,38.8854,
000869.SZ,张裕A,2010-07-28,57.5452,58.6793,57.0268,58.3228,548409,0.4039,12221539200,47455200000,39.3179,
000869.SZ,张裕A,2010-07-29,58.2062,58.2516,56.4889,57.286,448106,0.33,12004267392,46611552000,38.6189,
000869.SZ,张裕A,2010-07-30,56.8972,57.61,56.8972,57.3184,204539,0.1506,12011057136,46637916000,38.6407,
000869.SZ,张裕A,2010-08-02,57.2795,58.9579,57.0592,58.3164,678745,0.4998,12220181251.2,47449927200,39.3135,
000869.SZ,张裕A,2010-08-03,58.6145,58.6145,57.0268,57.1434,438860,0.3232,11974392518.4,46495550400,38.5228,
000869.SZ,张裕A,2010-08-04,57.0268,58.1932,56.7222,57.9988,378112,0.2784,12153641760,47191560000,39.0994,
000869.SZ,张裕A,2010-08-05,57.1694,60.591,57.0786,59.8781,612258,0.4509,12547446912,48720672000,40.3664,
000869.SZ,张裕A,2010-08-06,59.6254,61.3621,59.6189,60.7854,397594,0.2928,12737559744,49458864000,40.978,
000869.SZ,张裕A,2010-08-09,60.4549,61.1094,59.6254,60.2669,723233,0.5326,12628923840,49037040000,38.9873,
000869.SZ,张裕A,2010-08-10,60.5132,60.902,58.6469,58.9709,571425,0.4208,12357334080,47982480000,38.1489,
000869.SZ,张裕A,2010-08-11,58.9709,60.2669,58.7117,59.5282,366056,0.2696,12474117676.8,48435940800,38.5094,
000869.SZ,张裕A,2010-08-12,58.9709,60.1697,58.7117,59.1523,234536,0.1727,12395356646.4,48130118400,38.2663,
000869.SZ,张裕A,2010-08-13,59.1977,59.7485,58.5885,59.6254,288390,0.2124,12494486908.8,48515032800,38.5723,
000869.SZ,张裕A,2010-08-16,59.6254,61.239,59.256,60.1114,535166,0.3941,12596333068.8,48910492800,38.8867,
000869.SZ,张裕A,2010-08-17,60.5845,60.591,59.9494,60.578,339672,0.2501,12694105382.4,49290134400,39.1886,
000869.SZ,张裕A,2010-08-18,60.2799,61.8222,60.1697,60.2734,389546,0.2869,12630281788.8,49042312800,38.9915,
000869.SZ,张裕A,2010-08-19,60.2799,60.5391,58.6469,59.6189,767464,0.5652,12493128960,48509760000,38.5681,
000869.SZ,张裕A,2010-08-20,59.2884,59.5541,57.0268,57.7267,814494,0.5998,12096607910.4,46970102400,37.344,
000869.SZ,张裕A,2010-08-23,57.7267,58.258,57.2212,57.7267,343935,0.2533,12096607910.4,46970102400,37.344,
000869.SZ,张裕A,2010-08-24,57.3962,59.1653,57.3897,58.8996,251225,0.185,12342396643.2,47924479200,38.1028,
000869.SZ,张裕A,2010-08-25,58.3682,58.9709,57.772,58.096,530988,0.391,12174010992,47270652000,37.583,
000869.SZ,张裕A,2010-08-26,58.3358,58.7441,57.4804,57.9988,404561,0.2979,12153641760,47191560000,37.5201,
000869.SZ,张裕A,2010-08-27,58.3228,59.1005,57.9988,58.7441,320949,0.2363,12309805872,47797932000,38.0022,
000869.SZ,张裕A,2010-08-30,59.0486,60.727,59.0422,59.917,887937,0.6539,12555594604.8,48752308800,38.761,
000869.SZ,张裕A,2010-08-31,59.917,59.917,59.917,59.917,--,--,12555594604.8,48752308800,38.761,
000869.SZ,张裕A,2010-09-01,60.7724,60.7724,58.9709,59.3403,626038,0.461,12434737161.6,48283029600,38.3879,
000869.SZ,张裕A,2010-09-02,59.8068,59.8976,58.3293,59.4893,333183,0.2454,12465969984,48404304000,38.4843,
000869.SZ,张裕A,2010-09-03,59.4958,60.3317,58.595,60.0596,646957,0.4764,12585469478.4,48868310400,38.8532,
000869.SZ,张裕A,2010-09-06,60.241,60.7789,59.3662,59.4893,639478,0.4709,12465969984,48404304000,38.4843,
000869.SZ,张裕A,2010-09-07,59.4893,59.6189,57.8692,58.4525,954141,0.7026,12248698176,47560656000,37.8135,
000869.SZ,张裕A,2010-09-08,58.3682,58.945,57.8757,58.7959,414040,0.3049,12320669462.4,47840114400,38.0357,
000869.SZ,张裕A,2010-09-09,58.9709,60.0466,58.3228,60.0466,791168,0.5826,12582753580.8,48857764800,38.8448,
000869.SZ,张裕A,2010-09-10,59.8587,64.868,59.6124,64.2847,1374315,1.0121,13470852096,52306176000,41.5865,
000869.SZ,张裕A,2010-09-13,63.5071,67.1296,63.1831,65.4512,995631,0.7332,13715282880,53255280000,42.3411,
000869.SZ,张裕A,2010-09-14,65.3734,66.663,64.1616,65.192,456579,0.3362,13660964928,53044368000,42.1734,
000869.SZ,张裕A,2010-09-15,64.2912,66.7473,64.2912,66.1057,517450,0.3811,13852435708.8,53787832800,42.7645,
000869.SZ,张裕A,2010-09-16,65.7752,68.5488,65.4058,65.5225,1104980,0.8137,13730220316.8,53313280800,42.3872,
000869.SZ,张裕A,2010-09-17,65.4642,70.1041,64.518,68.6914,622196,0.4582,14394257280,55891680000,44.4372,
000869.SZ,张裕A,2010-09-20,69.2098,70.9595,68.2831,69.9874,641305,0.4723,14665847040,56946240000,45.2756,
000869.SZ,张裕A,2010-09-21,69.9939,71.0243,68.0498,69.6634,569558,0.4194,14597949600,56682600000,45.066,
000869.SZ,张裕A,2010-09-27,68.983,76.4677,68.3673,75.1717,901518,0.6639,15752206080,61164480000,48.6294,
000869.SZ,张裕A,2010-09-28,75.1717,75.1717,75.1717,75.1717,--,--,15752206080,61164480000,48.6294,
000869.SZ,张裕A,2010-09-29,74.0895,75.1004,72.1259,74.07,779495,0.574,15521354784,60268104000,47.9167,
000869.SZ,张裕A,2010-09-30,73.2405,81.315,72.599,77.7573,701030,0.5162,16294027651.2,63268327200,50.3021,
000869.SZ,张裕A,2010-10-08,77.1093,81.004,77.1093,78.0749,922101,0.679,16360567142.4,63526694400,50.5075,
000869.SZ,张裕A,2010-10-11,77.7638,77.7638,73.2276,73.6812,1304721,0.9608,15439877856,59951736000,47.6652,
000869.SZ,张裕A,2010-10-12,72.6379,75.8197,71.0891,71.8019,958541,0.7059,15046072704,58422624000,46.4494,
000869.SZ,张裕A,2010-10-13,71.8019,72.8906,69.4042,70.3698,870073,0.6407,14745966019.2,57257335200,45.523,
000869.SZ,张裕A,2010-10-14,70.3114,74.0052,70.305,70.9595,2223591,1.6375,14869539360,57737160000,45.9045,
000869.SZ,张裕A,2010-10-15,70.7521,74.5236,69.5208,73.5516,1168862,0.8608,15412718880,59846280000,47.5813,
000869.SZ,张裕A,2010-10-18,72.5731,72.5731,68.6784,71.5103,1292873,0.9521,14984965008,58185348000,46.2608,
000869.SZ,张裕A,2010-10-19,70.6354,73.2924,69.9874,72.5925,949888,0.6995,15211742457.6,59065905600,46.9609,
000869.SZ,张裕A,2010-10-20,71.6075,78.5414,71.2835,76.2085,1113252,0.8198,15969477888,62008128000,49.3001,
000869.SZ,张裕A,2010-10-21,76.2085,76.7853,73.7978,74.5172,629892,0.4639,15615053251.2,60631927200,48.206,
000869.SZ,张裕A,2010-10-22,74.5042,76.4677,73.2276,73.8691,519509,0.3826,15479258371.2,60104647200,47.7868,
000869.SZ,张裕A,2010-10-25,73.2276,74.6532,72.923,73.8302,1361554,1.0027,15471110678.4,60073010400,47.7616,
000869.SZ,张裕A,2010-10-26,74.5172,74.5172,69.5986,71.0437,2382420,1.7544,14887192694.4,57805706400,45.959,
000869.SZ,张裕A,2010-10-27,70.4734,71.5945,69.4042,71.3612,1324690,0.9755,14953732185.6,58064073600,46.1644,
000869.SZ,张裕A,2010-10-28,71.2705,71.2705,67.2981,68.4969,3026388,2.2286,14353518816,55733496000,43.154,
000869.SZ,张裕A,2010-10-29,68.2896,68.2896,65.3734,67.2657,3535555,2.6036,14095508544,54731664000,42.3783,
000869.SZ,张裕A,2010-11-01,67.0065,68.8728,66.5528,67.9785,1997676,1.4711,14244882912,55311672000,42.8274,
000869.SZ,张裕A,2010-11-02,68.6266,70.8299,67.9656,69.1839,3605620,2.6552,14497461388.8,56292412800,43.5868,
000869.SZ,张裕A,2010-11-03,70.0522,70.6095,67.7582,68.3738,2710207,1.9958,14327717788.8,55633312800,43.0764,
000869.SZ,张裕A,2010-11-04,68.3738,68.9506,67.6286,68.6914,1783398,1.3133,14394257280,55891680000,43.2765,
000869.SZ,张裕A,2010-11-05,69.2098,69.6569,67.9396,68.1016,1285794,0.9469,14270683939.2,55411855200,42.905,
000869.SZ,张裕A,2010-11-08,68.2248,68.2507,67.1879,68.2507,1687768,1.2429,14301916761.6,55533129600,42.9989,
000869.SZ,张裕A,2010-11-09,68.2313,72.0417,67.6221,71.951,2757326,2.0305,15077305526.4,58543898400,45.3301,
000869.SZ,张裕A,2010-11-10,71.8019,78.4118,70.0587,73.8756,3082785,2.2702,15480616320,60109920000,46.5426,
000869.SZ,张裕A,2010-11-11,73.9728,75.6901,72.586,73.5516,1310362,0.965,15412718880,59846280000,46.3385,
000869.SZ,张裕A,2010-11-12,73.5516,76.5844,71.9315,72.2944,2488796,1.8328,15149276812.8,58823356800,45.5465,
000869.SZ,张裕A,2010-11-15,72.2555,75.1717,71.3483,75.1717,1824042,1.3432,15752206080,61164480000,47.3592,
000869.SZ,张裕A,2010-11-16,75.1069,76.3187,72.1972,73.7914,1772259,1.3051,15462962985.6,60041373600,46.4896,
000869.SZ,张裕A,2010-11-17,72.4499,74.4264,69.145,69.3394,1415160,1.0421,14530052160,56418960000,43.6847,
000869.SZ,张裕A,2010-11-18,68.6914,69.9874,68.1016,68.6266,632475,0.4658,14380677792,55838952000,43.2357,
000869.SZ,张裕A,2010-11-19,69.2681,69.6634,67.836,69.4496,1280610,0.943,14553137289.6,56508597600,43.7542,
000869.SZ,张裕A,2010-11-22,68.808,71.925,68.6978,70.7456,1541892,1.1355,14824727049.6,57563157600,44.5707,
000869.SZ,张裕A,2010-11-23,70.117,71.6075,69.469,71.2122,1099231,0.8095,14922499363.2,57942799200,44.8646,
000869.SZ,张裕A,2010-11-24,70.5577,74.5236,70.2985,73.7849,1286808,0.9476,15461605036.8,60036100800,46.4855,
000869.SZ,张裕A,2010-11-25,73.8756,74.3163,70.7521,70.9595,1394902,1.0272,14869539360,57737160000,44.7054,
000869.SZ,张裕A,2010-11-26,70.7003,73.733,69.4366,72.3851,1207829,0.8895,15168288096,58897176000,45.6036,
000869.SZ,张裕A,2010-11-29,72.3139,74.5236,70.0198,74.4459,1561613,1.15,15600115814.4,60573926400,46.9019,
000869.SZ,张裕A,2010-11-30,73.8756,74.394,68.3997,71.2835,2112473,1.5556,14937436800,58000800000,44.9096,
000869.SZ,张裕A,2010-12-01,69.8643,71.1539,68.6719,69.3329,1093647,0.8054,14528694211.2,56413687200,43.6807,
000869.SZ,张裕A,2010-12-02,70.6354,70.6354,68.821,68.9506,742799,0.547,14448575232,56102592000,43.4398,
000869.SZ,张裕A,2010-12-03,68.6914,69.2616,66.4297,67.0842,1192155,0.8779,14057485977.6,54584025600,42.264,
000869.SZ,张裕A,2010-12-06,67.2981,67.6869,64.1551,64.3366,2031077,1.4957,13481715686.4,52348358400,40.5329,
000869.SZ,张裕A,2010-12-07,64.4791,66.9546,63.5071,66.6047,981882,0.7231,13956997766.4,54193838400,41.9619,
000869.SZ,张裕A,2010-12-08,66.488,67.3823,65.7104,66.7473,774665,0.5705,13986872640,54309840000,42.0517,
000869.SZ,张裕A,2010-12-09,66.6825,66.6825,63.8311,64.7384,725836,0.5345,13565908512,52675272000,40.786,
000869.SZ,张裕A,2010-12-10,64.6217,65.1142,63.5136,64.3301,868306,0.6394,13480357737.6,52343085600,40.5288,
000869.SZ,张裕A,2010-12-13,64.3495,65.5743,64.3301,64.9976,1110764,0.818,13620226464,52886184000,40.9493,
000869.SZ,张裕A,2010-12-14,65.4512,65.5808,64.1551,64.6023,1250131,0.9206,13537391587.2,52564543200,40.7003,
000869.SZ,张裕A,2010-12-15,64.6736,65.516,64.5958,64.8032,1109974,0.8174,13579488000,52728000000,40.8269,
000869.SZ,张裕A,2010-12-16,65.4447,66.015,64.9976,65.9502,1091301,0.8036,13819844937.6,53661285600,41.5495,
000869.SZ,张裕A,2010-12-17,66.0992,66.3844,64.7124,64.9976,723157,0.5325,13620226464,52886184000,40.9493,
000869.SZ,张裕A,2010-12-20,65.0365,65.2438,61.563,62.6387,1680310,1.2374,13125933100.8,50966884800,39.4632,
000869.SZ,张裕A,2010-12-21,62.9757,62.9757,60.8826,61.3751,1850747,1.3629,12861133084.8,49938688800,38.6671,
000869.SZ,张裕A,2010-12-22,61.3686,62.6258,61.1094,61.7315,1351371,0.9952,12935820268.8,50228692800,38.8917,
000869.SZ,张裕A,2010-12-23,61.8222,62.3406,60.2669,60.5262,935530,0.6889,12683241792,49247952000,38.1323,
000869.SZ,张裕A,2010-12-24,60.5262,62.7878,60.2669,62.0944,1385706,1.0204,13011865401.6,50523969600,39.1203,
000869.SZ,张裕A,2010-12-27,61.9065,62.9563,60.3382,60.6622,1020160,0.7513,12711758716.8,49358680800,38.218,
000869.SZ,张裕A,2010-12-28,60.6622,60.915,59.6902,59.7485,1216828,0.8961,12520287936,48615216000,37.6424,
000869.SZ,张裕A,2010-12-29,59.8781,60.2605,59.3467,60.1244,923845,0.6803,12599048966.4,48921038400,37.8792,
000869.SZ,张裕A,2010-12-30,60.1309,61.3556,59.8133,60.9798,1143143,0.8418,12778298208,49617048000,38.4181,
000869.SZ,张裕A,2010-12-31,61.1094,62.4702,61.0446,62.1851,810322,0.5967,13030876684.8,50597788800,39.1775,
000869.SZ,张裕A,2011-01-04,62.3406,62.5286,60.7854,61.8093,1006595,0.7413,12952115654.4,50291966400,38.9407,
000869.SZ,张裕A,2011-01-05,61.8157,61.9453,61.0835,61.3492,538775,0.3968,12855701289.6,49917597600,38.6508,
000869.SZ,张裕A,2011-01-06,61.6926,61.7963,59.8457,59.904,866080,0.6378,12552878707.2,48741763200,37.7404,
000869.SZ,张裕A,2011-01-07,60.254,60.254,58.9061,59.5217,1440094,1.0605,12472759728,48430668000,37.4995,
000869.SZ,张裕A,2011-01-10,59.4245,59.4245,58.0118,58.3228,1512280,1.1137,12221539200,47455200000,36.7442,
000869.SZ,张裕A,2011-01-11,57.8109,58.3228,57.1823,57.6748,1980163,1.4582,12085744320,46927920000,36.3359,
000869.SZ,张裕A,2011-01-12,57.8627,57.8692,57.0009,57.0333,1444158,1.0635,11951307388.8,46405912800,35.9317,
000869.SZ,张裕A,2011-01-13,57.2925,59.4245,57.1888,58.9061,1669503,1.2294,12343754592,47929752000,37.1116,
000869.SZ,张裕A,2011-01-14,58.7052,59.6772,57.8887,59.0616,885954,0.6524,12376345363.2,48056299200,37.2096,
000869.SZ,张裕A,2011-01-17,58.6533,59.0227,57.2471,57.3249,654898,0.4823,12012415084.8,46643188800,36.1154,
000869.SZ,张裕A,2011-01-18,57.3249,59.6059,57.2212,59.5671,1313771,0.9675,12482265369.6,48467577600,37.5281,
000869.SZ,张裕A,2011-01-19,59.5411,60.6428,58.9774,59.9429,799132,0.5885,12561026400,48773400000,37.7649,
000869.SZ,张裕A,2011-01-20,59.9494,60.241,57.9988,58.4201,909210,0.6695,12241908432,47534292000,36.8054,
000869.SZ,张裕A,2011-01-21,58.2904,58.7635,57.6813,57.6813,652936,0.4808,12087102268.8,46933192800,36.34,
000869.SZ,张裕A,2011-01-24,57.6424,57.9988,55.0956,55.7696,1372795,1.0109,11686507372.8,45377716800,35.1356,
000869.SZ,张裕A,2011-01-25,56.2491,56.7416,55.7826,56.7028,606831,0.4469,11882052000,46137000000,35.7235,
000869.SZ,张裕A,2011-01-26,56.6898,57.8368,56.2621,57.3832,305693,0.2251,12024636624,46690644000,36.1522,
000869.SZ,张裕A,2011-01-27,57.0527,57.9016,56.3788,57.3573,697812,0.5139,12019204828.8,46669552800,36.1359,
000869.SZ,张裕A,2011-01-28,57.3443,58.5821,57.0397,57.772,566014,0.4168,12106113552,47007012000,36.3972,
000869.SZ,张裕A,2011-01-31,57.934,58.5626,57.4934,57.623,422965,0.3115,12074880729.6,46885737600,36.3032,
000869.SZ,张裕A,2011-02-01,57.7526,58.1155,57.1953,57.8303,411558,0.3031,12118335091.2,47054467200,36.4339,
000869.SZ,张裕A,2011-02-09,57.5841,58.7959,56.4306,57.5387,613669,0.4519,12057227395.2,46817191200,36.2502,
000869.SZ,张裕A,2011-02-10,57.1629,58.4719,56.949,58.4654,874753,0.6442,12251414073.6,47571201600,36.834,
000869.SZ,张裕A,2011-02-11,58.3552,60.3058,58.3228,59.6513,1847594,1.3606,12499918704,48536124000,37.5811,
000869.SZ,张裕A,2011-02-14,59.6189,60.2993,59.2949,59.9429,1304363,0.9605,12561026400,48773400000,37.7649,
000869.SZ,张裕A,2011-02-15,59.9948,60.3188,59.2949,59.4115,726483,0.535,12449674598.4,48341030400,37.4301,
000869.SZ,张裕A,2011-02-16,59.4634,59.8004,58.9903,59.3597,980273,0.7219,12438811008,48298848000,37.3974,
000869.SZ,张裕A,2011-02-17,59.6059,59.7874,57.6748,57.9275,1520957,1.12,12138704323.2,47133559200,36.4951,
000869.SZ,张裕A,2011-02-18,57.9275,59.742,57.286,58.3228,1276930,0.9403,12221539200,47455200000,36.7442,
000869.SZ,张裕A,2011-02-21,58.3228,58.8089,57.3508,58.258,1680588,1.2376,12207959712,47402472000,36.7034,
000869.SZ,张裕A,2011-02-22,58.258,58.3228,56.3852,56.7741,1230638,0.9062,11896989436.8,46195000800,35.7684,
000869.SZ,张裕A,2011-02-23,56.45,57.2147,56.45,56.9037,621377,0.4576,11924148412.8,46300456800,35.8501,
000869.SZ,张裕A,2011-02-24,56.962,57.5128,56.7935,57.3508,832527,0.6131,12017846880,46664280000,36.1318,
000869.SZ,张裕A,2011-02-25,57.5582,57.9211,57.2212,57.5258,513284,0.378,12054511497.6,46806645600,36.242,
000869.SZ,张裕A,2011-02-28,57.8044,57.8044,56.7546,57.0073,866565,0.6381,11945875593.6,46384821600,35.9154,
000869.SZ,张裕A,2011-03-01,57.1564,57.8692,56.8129,57.4156,1217774,0.8968,12031426368,46717008000,36.1726,
000869.SZ,张裕A,2011-03-02,57.3443,60.2475,56.9425,60.0012,2658749,1.9579,12573247939.2,48820855200,37.8016,
000869.SZ,张裕A,2011-03-03,59.9429,60.3253,58.3552,59.3338,2597126,1.9125,12433379212.8,48277756800,37.3811,
000869.SZ,张裕A,2011-03-04,59.3338,60.1957,58.757,59.8846,665032,0.4897,12548804860.8,48725944800,37.7281,
000869.SZ,张裕A,2011-03-07,59.9105,60.2605,58.8283,59.1977,870733,0.6412,12404862288,48167028000,37.2953,
000869.SZ,张裕A,2011-03-08,59.0292,59.1977,58.2256,58.4784,1403142,1.0333,12254129971.2,47581747200,36.8422,
000869.SZ,张裕A,2011-03-09,58.4784,58.9709,58.1284,58.3552,925055,0.6812,12228328944,47481564000,36.7646,
000869.SZ,张裕A,2011-03-10,58.3747,60.0401,58.3552,59.5606,1664291,1.2256,12480907420.8,48462304800,37.524,
000869.SZ,张裕A,2011-03-11,59.5865,60.2669,59.2625,59.3014,672394,0.4952,12426589468.8,48251392800,37.3607,
000869.SZ,张裕A,2011-03-14,59.2819,59.2884,58.3552,59.0292,479044,0.3528,12369555619.2,48029935200,37.1892,
000869.SZ,张裕A,2011-03-15,59.2949,59.3727,58.1932,59.1134,801167,0.59,12387208953.6,48098481600,37.2423,
000869.SZ,张裕A,2011-03-16,59.094,60.241,58.9709,59.5865,731403,0.5386,12486339216,48483396000,37.5403,
000869.SZ,张裕A,2011-03-17,59.4763,60.4289,59.0162,59.4115,1068442,0.7868,12449674598.4,48341030400,37.4301,
000869.SZ,张裕A,2011-03-18,59.6124,59.7485,59.1523,59.4893,671060,0.4942,12465969984,48404304000,37.4791,
000869.SZ,张裕A,2011-03-21,59.4569,60.4873,59.1523,59.2819,664391,0.4893,12422515622.4,48235574400,37.3484,
000869.SZ,张裕A,2011-03-22,59.2884,59.5865,57.4934,58.7117,734371,0.5408,12303016128,47771568000,36.9891,
000869.SZ,张裕A,2011-03-23,58.446,58.446,57.8692,58.284,478209,0.3522,12213391507.2,47423563200,36.7197,
000869.SZ,张裕A,2011-03-24,58.5821,58.5821,57.6748,57.6748,1257325,0.9259,12085744320,46927920000,36.3359,
000869.SZ,张裕A,2011-03-25,57.9794,58.3228,56.6898,57.2147,2138516,0.6131,30796964640,46553551200,36.046,
000869.SZ,张裕A,2011-03-28,57.3508,57.4674,55.0827,55.6465,2970655,0.8516,29952829920,45277533600,35.058,
000869.SZ,张裕A,2011-03-29,55.6659,55.7955,54.5643,54.8235,2063682,0.5916,29509833600,44607888000,34.5395,
000869.SZ,张裕A,2011-03-30,54.8235,55.8603,54.3828,55.6011,1447008,0.4148,29928412800,45240624000,35.0295,
000869.SZ,张裕A,2011-03-31,55.1864,56.6898,55.1864,56.4306,1016305,0.2914,30374897280,45915542400,35.552,
000869.SZ,张裕A,2011-04-01,56.4436,56.4436,55.2771,55.6659,520054,0.1491,29963294400,45293352000,35.0703,
000869.SZ,张裕A,2011-04-06,55.1993,55.7048,54.5189,54.6485,993257,0.2848,29415653280,44465522400,34.4293,
000869.SZ,张裕A,2011-04-07,54.642,55.3678,54.3569,54.6615,833257,0.2389,29422629600,44476068000,34.4375,
000869.SZ,张裕A,2011-04-08,54.5772,55.7178,54.5772,55.6141,797438,0.2286,29935389120,45251169600,35.0376,
000869.SZ,张裕A,2011-04-11,56.3658,56.5084,55.9575,55.964,1063373,0.3049,30123749760,45535900800,31.7496,
000869.SZ,张裕A,2011-04-12,55.9511,57.273,55.6335,56.6963,1553581,0.4454,30517911840,46131727200,32.1651,
000869.SZ,张裕A,2011-04-13,56.6963,57.2536,56.6833,57.111,775838,0.2224,30741154080,46469186400,32.4004,
000869.SZ,张裕A,2011-04-14,57.1694,57.3184,56.5343,56.8907,407962,0.117,30622556640,46289911200,32.2754,
000869.SZ,张裕A,2011-04-15,56.9101,57.111,56.3075,56.5796,884487,0.2536,30455124960,46036816800,32.0989,
000869.SZ,张裕A,2011-04-18,56.5796,56.5796,56.0547,56.3334,381003,0.1092,30322574880,45836450400,31.9592,
000869.SZ,张裕A,2011-04-19,56.0936,56.3723,55.6789,56.1325,1093918,0.3136,30214441920,45672993600,31.8452,
000869.SZ,张裕A,2011-04-20,56.1908,57.5582,55.7696,57.3508,1099375,0.3152,30870216000,46664280000,32.5364,
000869.SZ,张裕A,2011-04-21,57.3573,58.3228,57.0657,58.3228,1204412,0.3453,31393440000,47455200000,33.0878,
000869.SZ,张裕A,2011-04-22,58.3228,60.2669,58.1284,59.7161,2336209,0.6698,32143394400,48588852000,33.8783,
000869.SZ,张裕A,2011-04-25,60.4095,62.8591,60.4095,62.1009,3436902,0.9853,33427037280,50529242400,31.2166,
000869.SZ,张裕A,2011-04-26,62.1074,62.1138,60.915,61.239,1316359,0.3774,32963112000,49827960000,30.7834,
000869.SZ,张裕A,2011-04-27,61.563,61.8481,60.416,60.4354,942939,0.2703,32530580160,49174132800,30.3794,
000869.SZ,张裕A,2011-04-28,60.902,60.9085,57.8951,58.8413,951368,0.2727,31672492800,47877024000,29.5781,
000869.SZ,张裕A,2011-04-29,58.3877,60.5845,58.3877,60.4614,1090427,0.3126,32544532800,49195224000,30.3925,
000869.SZ,张裕A,2011-05-03,60.4678,61.9518,60.2021,61.6926,798227,0.2288,33207283200,50197056000,31.0114,
000869.SZ,张裕A,2011-05-04,61.5176,63.1507,61.3556,62.211,1435706,0.4116,33486336000,50618880000,31.272,
000869.SZ,张裕A,2011-05-05,60.9215,63.8311,60.9215,63.3127,1885664,0.5406,34079323200,51515256000,31.8258,
000869.SZ,张裕A,2011-05-06,62.71,64.5828,62.5869,63.5071,1467518,0.4207,34183968000,51673440000,31.9235,
000869.SZ,张裕A,2011-05-09,64.0903,64.0903,61.7574,62.8461,775989,0.2225,33828175680,51135614400,31.5912,
000869.SZ,张裕A,2011-05-10,62.8461,62.8461,62.8461,62.8461,--,--,33828175680,51135614400,31.5912,
000869.SZ,张裕A,2011-05-11,62.5351,63.1118,61.3427,62.2305,444607,0.1275,33496800480,50634698400,31.2818,
000869.SZ,张裕A,2011-05-12,61.9518,64.4467,61.6797,62.2694,616595,0.1768,33517729440,50666335200,31.3013,
000869.SZ,张裕A,2011-05-13,62.2694,64.2199,62.2694,63.6043,904408,0.2593,34236290400,51752532000,31.9724,
000869.SZ,张裕A,2011-05-16,63.6043,64.369,63.0405,64.0255,647389,0.1856,34463020800,52095264000,32.1841,
000869.SZ,张裕A,2011-05-17,63.9737,64.7319,63.5719,63.6367,652807,0.1871,34253731200,51778896000,31.9887,
000869.SZ,张裕A,2011-05-18,63.7469,64.8032,63.7015,64.3495,1063613,0.3049,34637428800,52358904000,32.347,
000869.SZ,张裕A,2011-05-19,64.1422,65.7752,64.1422,64.8032,980965,0.2812,34881600000,52728000000,32.575,
000869.SZ,张裕A,2011-05-20,64.544,65.3216,63.0664,63.546,717526,0.2057,34204896960,51705076800,31.943,
000869.SZ,张裕A,2011-05-23,63.222,63.2997,61.563,62.71,712887,0.2044,33754924320,51024885600,31.5228,
000869.SZ,张裕A,2011-05-24,62.224,62.5351,61.4852,61.6408,353297,0.1013,33179377920,50154873600,30.9853,
000869.SZ,张裕A,2011-05-25,61.6472,62.71,61.6472,61.7445,541120,0.1551,33235188480,50239238400,31.0375,
000869.SZ,张裕A,2011-05-26,61.8935,62.0296,60.0077,60.2669,794153,0.2277,32439888000,49037040000,30.2948,
000869.SZ,张裕A,2011-05-27,60.2734,60.915,59.5217,60.3965,910180,0.2609,32509651200,49142496000,30.3599,
000869.SZ,张裕A,2011-05-30,60.1309,61.6278,59.6319,61.2908,316525,0.0907,32991017280,49870142400,30.8094,
000869.SZ,张裕A,2011-05-31,61.55,61.9972,61.3168,61.6278,391969,0.1124,33172401600,50144328000,30.9788,
000869.SZ,张裕A,2011-06-01,61.887,61.9518,61.6278,61.7056,345304,0.099,33214259520,50207601600,31.0179,
000869.SZ,张裕A,2011-06-02,61.563,61.9972,60.0272,60.9992,435667,0.1249,32834050080,49632866400,30.6628,
000869.SZ,张裕A,2011-06-03,60.8696,62.8591,60.6622,62.6647,626626,0.1796,33730507200,50987976000,31.5,
000869.SZ,张裕A,2011-06-07,62.7619,64.4532,62.1592,63.9802,706728,0.2026,34438603680,52058354400,32.1613,
000869.SZ,张裕A,2011-06-08,63.9802,64.2199,63.3127,64.2135,540093,0.1548,34564177440,52248175200,32.2786,
000869.SZ,张裕A,2011-06-09,64.1551,64.5958,62.211,62.2953,502143,0.144,33531682080,50687426400,31.3144,
000869.SZ,张裕A,2011-06-10,62.211,62.9952,62.1138,62.4962,282768,0.0811,33639815040,50850883200,31.4153,
000869.SZ,张裕A,2011-06-13,62.5286,62.6193,62.0425,62.1592,264175,0.0757,33458430720,50576697600,31.2459,
000869.SZ,张裕A,2011-06-14,62.1329,62.7248,61.6134,62.4091,457391,0.1311,33102638400,50038872000,30.9137,
000869.SZ,张裕A,2011-06-15,61.8501,62.7708,61.8238,62.2644,403843,0.1158,33025898880,49922870400,30.842,
000869.SZ,张裕A,2011-06-16,61.9488,62.2118,60.7387,61.0281,437635,0.1255,32370124800,48931584000,30.2296,
000869.SZ,张裕A,2011-06-17,60.5348,61.6528,60.5348,60.89,397771,0.114,32296873440,48820855200,30.1612,
000869.SZ,张裕A,2011-06-20,60.8374,61.1464,59.1867,59.8641,524267,0.1503,31752720480,47998298400,29.653,
000869.SZ,张裕A,2011-06-21,59.8641,61.1596,59.8641,60.4033,235660,0.0676,32038749600,48430668000,29.9201,
000869.SZ,张裕A,2011-06-22,60.5151,62.4749,60.5151,60.8374,579779,0.1662,32268968160,48778672800,30.1351,
000869.SZ,张裕A,2011-06-23,61.4226,63.6586,61.1596,62.7774,704890,0.2021,33297975360,50334148800,31.0961,
000869.SZ,张裕A,2011-06-24,63.1325,63.6454,62.4749,62.8037,584707,0.1676,33311928000,50355240000,31.1091,
000869.SZ,张裕A,2011-06-27,62.9023,64.7766,62.3894,64.382,1179176,0.3381,34149086400,51620712000,31.8909,
000869.SZ,张裕A,2011-06-28,64.5464,64.7108,63.8362,64.5135,559273,0.1603,34218849600,51726168000,31.9561,
000869.SZ,张裕A,2011-06-29,64.5069,64.6056,63.1983,63.8362,588502,0.1687,33859569120,51183069600,31.6206,
000869.SZ,张裕A,2011-06-30,63.7704,65.0988,63.5271,64.9739,561654,0.161,34463020800,52095264000,32.1841,
000869.SZ,张裕A,2011-07-01,64.5267,65.6315,64.5135,65.1054,589487,0.169,34532784000,52200720000,32.2493,
000869.SZ,张裕A,2011-07-04,65.3947,65.7499,63.869,65.0856,605246,0.1735,34522319520,52184901600,32.2395,
000869.SZ,张裕A,2011-07-05,64.9015,65.0396,64.1189,64.4149,349369,0.1002,34166527200,51647076000,31.9072,
000869.SZ,张裕A,2011-07-06,64.4149,64.7963,63.9743,64.2702,391718,0.1123,34089787680,51531074400,31.8356,
000869.SZ,张裕A,2011-07-07,64.5267,65.8288,64.4543,65.6775,759212,0.2177,34836253920,52659453600,32.5327,
000869.SZ,张裕A,2011-07-08,65.6775,65.9603,64.987,65.6775,535076,0.1534,34836253920,52659453600,32.5327,
000869.SZ,张裕A,2011-07-11,65.6775,68.0121,65.2501,67.7491,788291,0.226,35935024320,54320385600,33.5588,
000869.SZ,张裕A,2011-07-12,67.657,68.3804,66.151,67.5781,672355,0.1928,35844332160,54183292800,33.4741,
000869.SZ,张裕A,2011-07-13,67.0914,68.3935,67.0914,68.0318,488634,0.1401,36085015200,54547116000,33.6988,
000869.SZ,张裕A,2011-07-14,68.6895,68.6895,66.9665,67.3216,428410,0.1228,35708293920,53977653600,33.347,
000869.SZ,张裕A,2011-07-15,67.3479,69.551,66.756,68.7421,899818,0.258,36461736480,55116578400,34.0507,
000869.SZ,张裕A,2011-07-18,68.9788,69.4786,68.262,69.084,687329,0.197,36643120800,55390764000,34.22,
000869.SZ,张裕A,2011-07-19,68.9196,69.3471,68.0713,68.091,1021407,0.2928,36116408640,54594571200,33.7282,
000869.SZ,张裕A,2011-07-20,68.4922,72.2604,68.3935,71.9776,1945107,0.5576,38177911200,57710796000,35.6533,
000869.SZ,张裕A,2011-07-21,71.149,74.5753,70.7807,73.7861,2288915,0.6562,39137155200,59160816000,36.5492,
000869.SZ,张裕A,2011-07-22,74.3122,75.5485,72.9049,74.9567,1449278,0.4155,39758047680,60099374400,37.129,
000869.SZ,张裕A,2011-07-25,74.2793,76.4166,73.6546,74.8843,1636925,0.4693,39719677920,60041373600,37.0932,
000869.SZ,张裕A,2011-07-26,74.0163,75.5025,73.26,74.2859,675748,0.1937,39402255360,59561548800,36.7967,
000869.SZ,张裕A,2011-07-27,74.2727,74.8712,72.9969,73.8519,1466242,0.4203,39172036800,59213544000,36.5817,
000869.SZ,张裕A,2011-07-28,73.3586,75.9563,72.9969,75.4959,1068277,0.3063,40044076800,60531744000,37.3961,
000869.SZ,张裕A,2011-07-29,76.2851,76.3837,74.6476,74.9567,595824,0.1708,39758047680,60099374400,37.129,
000869.SZ,张裕A,2011-08-01,74.6476,75.6275,74.6147,74.9304,488160,0.1399,39744095040,60078283200,37.116,
000869.SZ,张裕A,2011-08-02,74.3056,74.9435,73.7861,74.5884,359376,0.103,39562710720,59804097600,36.9466,
000869.SZ,张裕A,2011-08-03,74.2333,76.6797,73.6611,75.9563,476095,0.1365,40288248000,60900840000,37.6241,
000869.SZ,张裕A,2011-08-04,75.6801,78.6263,75.6275,77.1729,502436,0.144,40933557600,61876308000,38.2268,
000869.SZ,张裕A,2011-08-05,75.9168,78.7775,75.0882,77.9292,731271,0.2096,41334696000,62482680000,38.6014,
000869.SZ,张裕A,2011-08-08,77.1795,78.9156,73.0298,76.5679,1035839,0.297,40612646880,61391210400,37.9271,
000869.SZ,张裕A,2011-08-09,74.1872,77.6003,73.9834,75.417,1180207,0.3383,40002218880,60468470400,35.044,
000869.SZ,张裕A,2011-08-10,75.9563,77.8305,74.8646,76.9361,1362265,0.3905,40807983840,61686487200,35.7499,
000869.SZ,张裕A,2011-08-11,76.8441,79.5732,75.9694,79.5732,1467531,0.4207,42206736000,63800880000,36.9753,
000869.SZ,张裕A,2011-08-12,79.2444,80.0993,78.258,80.0993,658441,0.1888,42485788800,64222704000,37.2198,
000869.SZ,张裕A,2011-08-15,80.1783,80.1783,76.9559,77.5543,722442,0.2071,41135870880,62182130400,36.0372,
000869.SZ,张裕A,2011-08-16,77.5543,78.2383,75.2329,75.9431,973810,0.2792,40281271680,60890294400,35.2885,
000869.SZ,张裕A,2011-08-17,75.8708,76.2127,74.9698,75.0356,631137,0.1809,39799905600,60162648000,34.8668,
000869.SZ,张裕A,2011-08-18,74.3845,76.4429,74.3845,75.1671,591277,0.1695,39869668800,60268104000,34.9279,
000869.SZ,张裕A,2011-08-19,74.8383,76.2654,74.4437,75.2921,358468,0.1028,39935943840,60368287200,34.986,
000869.SZ,张裕A,2011-08-22,75.0882,76.1141,71.6883,73.0561,728815,0.2089,38749969440,58575535200,33.947,
000869.SZ,张裕A,2011-08-23,72.5366,74.378,72.3393,74.1149,313855,0.09,39311563200,59424456000,34.439,
000869.SZ,张裕A,2011-08-24,74.6344,74.6344,73.9834,74.2201,148310,0.0425,39367373760,59508820800,34.4879,
000869.SZ,张裕A,2011-08-25,74.2464,74.8909,73.5888,74.4437,374499,0.1074,39485971200,59688096000,34.5918,
000869.SZ,张裕A,2011-08-26,74.2267,75.6275,73.4639,74.4371,487319,0.1397,39482483040,59682823200,34.5887,
000869.SZ,张裕A,2011-08-29,73.523,75.0356,73.523,74.6739,428754,0.1229,39608056800,59872644000,34.6987,
000869.SZ,张裕A,2011-08-30,75.2658,75.8247,74.3122,74.3122,475795,0.1364,39416208000,59582640000,34.5307,
000869.SZ,张裕A,2011-08-31,74.0689,74.9501,72.8654,74.3319,569523,0.1633,39426672480,59598458400,34.5398,
000869.SZ,张裕A,2011-09-01,74.2859,74.7397,72.9641,72.9969,493548,0.1415,38718576000,58528080000,33.9195,
000869.SZ,张裕A,2011-09-02,72.7996,72.9312,71.024,71.2213,967006,0.2772,37776772800,57104424000,33.0944,
000869.SZ,张裕A,2011-09-05,71.0964,71.5502,70.2415,71.1293,1002573,0.2874,37727938560,57030604800,33.0517,
000869.SZ,张裕A,2011-09-06,71.024,71.6817,70.8005,71.3134,198233,0.0568,37825607040,57178243200,33.1372,
000869.SZ,张裕A,2011-09-07,71.9776,73.1285,71.32,72.7339,409227,0.1173,38579049600,58317168000,33.7973,
000869.SZ,张裕A,2011-09-08,72.9312,73.2468,71.0964,71.2411,155338,0.0445,37787237280,57120242400,33.1036,
000869.SZ,张裕A,2011-09-09,71.0438,72.3393,71.0438,71.0504,238529,0.0684,37686080640,56967331200,33.015,
000869.SZ,张裕A,2011-09-13,70.3664,71.2871,69.7154,70.5637,265288,0.0761,37427956800,56577144000,32.7889,
000869.SZ,张裕A,2011-09-14,70.5571,71.3397,69.0512,69.5838,384957,0.1104,36908220960,55791496800,32.3335,
000869.SZ,张裕A,2011-09-15,69.9718,70.0639,68.262,68.4001,690141,0.1979,36280352160,54842392800,31.7835,
000869.SZ,张裕A,2011-09-16,68.6566,69.2024,67.8674,68.7815,605906,0.1737,36482665440,55148215200,31.9607,
000869.SZ,张裕A,2011-09-19,69.2024,69.5378,68.4593,69.2748,360068,0.1032,36744277440,55543675200,32.1899,
000869.SZ,张裕A,2011-09-20,68.9722,71.024,68.5448,70.1034,262352,0.0752,37183785600,56208048000,32.575,
000869.SZ,张裕A,2011-09-21,70.6952,72.3459,69.7154,71.0832,342555,0.0982,37703521440,56993695200,33.0303,
000869.SZ,张裕A,2011-09-22,71.024,71.6817,68.8539,69.5115,268527,0.077,36869851200,55733496000,32.2999,
000869.SZ,张裕A,2011-09-23,68.262,70.3664,66.8152,69.8666,954068,0.2735,37058211840,56018227200,32.4649,
000869.SZ,张裕A,2011-09-26,69.084,70.3664,67.6044,67.9529,417130,0.1196,36043157280,54483842400,31.5757,
000869.SZ,张裕A,2011-09-27,68.1962,68.775,67.7359,68.0713,375635,0.1077,36105944160,54578752800,31.6307,
000869.SZ,张裕A,2011-09-28,68.4461,68.696,67.657,67.8674,361423,0.1036,35997811200,54415296000,31.536,
000869.SZ,张裕A,2011-09-29,67.144,68.3212,67.0783,67.8017,377651,0.1083,35962929600,54362568000,31.5054,
000869.SZ,张裕A,2011-09-30,67.8017,68.8473,67.3413,68.7947,523234,0.15,36489641760,55158760800,31.9668,
000869.SZ,张裕A,2011-10-10,68.8604,68.9196,68.1831,68.3606,548109,0.1571,36259423200,54810756000,31.7652,
000869.SZ,张裕A,2011-10-11,68.9394,69.2484,65.9011,67.0783,596863,0.1711,35579232000,53782560000,31.1693,
000869.SZ,张裕A,2011-10-12,66.7429,69.0512,66.0984,68.8276,1625152,0.4659,36507082560,55185124800,31.9821,
000869.SZ,张裕A,2011-10-13,68.3212,70.3533,67.7359,68.3409,643304,0.1844,36248958720,54794937600,31.756,
000869.SZ,张裕A,2011-10-14,68.387,68.8802,67.8806,68.0121,245373,0.0703,36074550720,54531297600,31.6032,
000869.SZ,张裕A,2011-10-17,68.0713,69.8929,68.0713,69.8074,606251,0.1738,37026818400,55970772000,32.4374,
000869.SZ,张裕A,2011-10-18,69.768,72.4051,69.3142,70.7873,1029530,0.2951,37546554240,56756419200,32.8928,
000869.SZ,张裕A,2011-10-19,70.8268,72.2999,70.2349,70.9583,514291,0.1474,37637246400,56893512000,32.9722,
000869.SZ,张裕A,2011-10-20,70.6952,70.6952,68.1305,69.38,580683,0.1665,36800088000,55628040000,32.2388,
000869.SZ,张裕A,2011-10-21,69.7088,70.8202,68.3935,70.3598,314200,0.0901,37319823840,56413687200,32.6941,
000869.SZ,张裕A,2011-10-24,70.4848,71.024,69.8469,70.761,776707,0.2227,37532601600,56735328000,32.8805,
000869.SZ,张裕A,2011-10-25,70.7676,72.5366,70.7676,71.3923,659591,0.1891,37867464960,57241516800,33.1739,
000869.SZ,张裕A,2011-10-26,71.8132,72.3064,71.024,71.3463,472061,0.1353,37843047840,57204607200,33.1525,
000869.SZ,张裕A,2011-10-27,71.1227,72.4051,70.9057,72.3393,503741,0.1444,38369760000,58000800000,32.1057,
000869.SZ,张裕A,2011-10-28,72.9969,74.9633,72.9969,74.9633,547451,0.1569,39761535840,60104647200,33.2703,
000869.SZ,张裕A,2011-10-31,75.1868,75.1934,73.9834,73.9834,316100,0.0906,39241800000,59319000000,32.8354,
000869.SZ,张裕A,2011-11-01,73.9176,75.5551,73.4047,74.1544,418476,0.12,39332492160,59456092800,32.9113,
000869.SZ,张裕A,2011-11-02,73.6546,75.3513,73.1942,75.2592,377222,0.1081,39918503040,60341923200,33.4016,
000869.SZ,张裕A,2011-11-03,75.3447,76.3903,74.1609,75.417,487872,0.1399,40002218880,60468470400,33.4717,
000869.SZ,张裕A,2011-11-04,75.8971,76.2851,74.8712,75.6669,241588,0.0693,40134768960,60668836800,33.5826,
000869.SZ,张裕A,2011-11-07,75.2986,75.9497,74.9698,75.7787,208761,0.0598,40194067680,60758474400,33.6322,
000869.SZ,张裕A,2011-11-08,75.7787,76.0483,74.641,74.6936,252980,0.0725,39618521280,59888462400,33.1506,
000869.SZ,张裕A,2011-11-09,75.2197,75.2986,74.0163,74.641,326309,0.0935,39590616000,59846280000,33.1273,
000869.SZ,张裕A,2011-11-10,74.5226,74.5555,73.1679,73.5757,461277,0.1322,39025534080,58992086400,32.6544,
000869.SZ,张裕A,2011-11-11,73.9176,74.9041,73.3126,74.5095,360415,0.1033,39520852800,59740824000,33.0689,
000869.SZ,张裕A,2011-11-14,74.9633,75.4828,74.0491,75.3447,481640,0.1381,39963849120,60410469600,33.4396,
000869.SZ,张裕A,2011-11-15,74.7134,75.5551,73.6611,73.9834,373737,0.1071,39241800000,59319000000,32.8354,
000869.SZ,张裕A,2011-11-16,73.7335,73.7335,72.438,73.4902,524342,0.1503,38980188000,58923540000,32.6165,
000869.SZ,张裕A,2011-11-17,73.4902,74.641,73.0298,74.0557,225061,0.0645,39280169760,59377000800,32.8675,
000869.SZ,张裕A,2011-11-18,73.6611,74.1675,73.0035,73.2074,484110,0.1388,38830197120,58696809600,32.491,
000869.SZ,张裕A,2011-11-21,73.2337,74.299,72.6681,74.1872,252658,0.0724,39349932960,59482456800,32.9259,
000869.SZ,张裕A,2011-11-22,73.8256,76.2719,73.6414,76.2719,665385,0.1908,40455679680,61153934400,33.8511,
000869.SZ,张裕A,2011-11-23,76.2588,78.5079,75.6801,78.258,499530,0.1432,41509104000,62746320000,34.7326,
000869.SZ,张裕A,2011-11-24,78.0607,78.5868,77.0085,77.8634,400094,0.1147,41299814400,62429952000,34.5574,
000869.SZ,张裕A,2011-11-25,77.6003,78.7841,77.2715,77.9818,219849,0.063,41362601280,62524862400,34.61,
000869.SZ,张裕A,2011-11-28,77.6069,79.4351,77.6069,79.2115,434434,0.1245,42014887200,63510876000,35.1558,
000869.SZ,张裕A,2011-11-29,79.2115,79.5732,77.7385,77.8108,318080,0.0912,41271909120,62387769600,34.5341,
000869.SZ,张裕A,2011-11-30,77.8108,78.1791,75.6406,76.3509,368943,0.1058,40497537600,61217208000,33.8861,
000869.SZ,张裕A,2011-12-01,76.8112,78.0278,74.3122,76.6139,418403,0.1199,40637064000,61428120000,34.0029,
000869.SZ,张裕A,2011-12-02,76.5679,77.6003,75.9563,76.5153,180500,0.0517,40584741600,61349028000,33.9591,
000869.SZ,张裕A,2011-12-05,76.9427,77.2715,73.9834,75.5551,437577,0.1254,40075470240,60579199200,33.533,
000869.SZ,张裕A,2011-12-06,74.9764,75.9563,73.523,74.9698,339386,0.0973,39765024000,60109920000,33.2732,
000869.SZ,张裕A,2011-12-07,74.4503,75.1342,74.3911,74.8383,246948,0.0708,39695260800,60004464000,33.2148,
000869.SZ,张裕A,2011-12-08,75.1342,76.2785,74.3254,75.154,206759,0.0593,39862692480,60257558400,33.3549,
000869.SZ,张裕A,2011-12-09,74.9567,75.2921,73.135,73.3915,244641,0.0701,38927865600,58844448000,32.5727,
000869.SZ,张裕A,2011-12-12,73.214,73.6546,72.53,73.2468,369689,0.106,38851126080,58728446400,32.5085,
000869.SZ,张裕A,2011-12-13,72.5366,73.8453,72.53,73.3981,231978,0.0665,38931353760,58849720800,32.5756,
000869.SZ,张裕A,2011-12-14,73.3981,73.9834,72.8194,73.6414,171759,0.0492,39060415680,59044814400,32.6836,
000869.SZ,张裕A,2011-12-15,73.2863,73.5559,70.3664,72.9969,511231,0.1466,38718576000,58528080000,32.3976,
000869.SZ,张裕A,2011-12-16,72.7865,74.5095,72.5366,73.6677,473773,0.1358,39074368320,59065905600,32.6953,
000869.SZ,张裕A,2011-12-19,73.6809,75.6275,71.3989,74.3714,535146,0.1534,39447601440,59630095200,33.0076,
000869.SZ,张裕A,2011-12-20,73.911,74.4437,72.3393,74.4437,660204,0.1893,39485971200,59688096000,33.0397,
000869.SZ,张裕A,2011-12-21,73.9834,74.4437,72.9969,74.4437,301019,0.0863,39485971200,59688096000,33.0397,
000869.SZ,张裕A,2011-12-22,73.6546,74.6344,72.2078,74.6344,419498,0.1203,39587127840,59841007200,33.1244,
000869.SZ,张裕A,2011-12-23,73.7203,74.5095,71.3529,74.3122,917531,0.263,39416208000,59582640000,32.9813,
000869.SZ,张裕A,2011-12-26,73.0956,73.1022,71.024,71.3397,772309,0.2214,37839559680,57199334400,31.6621,
000869.SZ,张裕A,2011-12-27,70.3664,71.0043,68.8999,70.3664,1010179,0.2896,37323312000,56418960000,31.2301,
000869.SZ,张裕A,2011-12-28,69.4918,70.6689,67.5057,69.1301,1010866,0.2898,36667537920,55427673600,30.6814,
000869.SZ,张裕A,2011-12-29,68.3935,70.3664,67.8345,69.38,565405,0.1621,36800088000,55628040000,30.7923,
000869.SZ,张裕A,2011-12-30,69.6101,71.024,69.5773,70.9583,1252046,0.3589,37637246400,56893512000,31.4928,
000869.SZ,张裕A,2012-01-04,70.8794,70.8925,67.6044,67.657,1236803,0.3546,35886190080,54246566400,30.0276,
000869.SZ,张裕A,2012-01-05,67.0783,68.3015,65.6841,66.3549,960309,0.2753,35195534400,53202552000,29.4497,
000869.SZ,张裕A,2012-01-06,66.3483,68.5645,65.763,67.874,652684,0.1871,36001299360,54420568800,30.1239,
000869.SZ,张裕A,2012-01-09,67.7293,68.6434,66.5193,68.0318,369497,0.1059,36085015200,54547116000,30.194,
000869.SZ,张裕A,2012-01-10,68.0384,70.2678,67.4137,69.7022,440079,0.1262,36971007840,55886407200,30.9353,
000869.SZ,张裕A,2012-01-11,69.9521,70.3598,69.1695,69.7285,495925,0.1422,36984960480,55907498400,30.947,
000869.SZ,张裕A,2012-01-12,70.0639,70.2349,67.7754,67.9003,447666,0.1283,36015252000,54441660000,30.1356,
000869.SZ,张裕A,2012-01-13,68.3606,68.7223,66.2891,68.3935,639430,0.1833,36276864000,54837120000,30.3545,
000869.SZ,张裕A,2012-01-16,67.9529,68.3672,65.763,65.763,336542,0.0965,34881600000,52728000000,29.187,
000869.SZ,张裕A,2012-01-17,65.5328,69.7088,62.7576,67.2756,973206,0.279,35683876800,53940744000,29.8583,
000869.SZ,张裕A,2012-01-18,66.8481,67.7359,63.7112,63.7967,597520,0.1713,33838640160,51151432800,28.3143,
000869.SZ,张裕A,2012-01-19,63.8559,66.7429,62.8694,66.4206,612553,0.1756,35230416000,53255280000,29.4789,
000869.SZ,张裕A,2012-01-20,66.0984,68.6369,65.112,67.7359,660581,0.1894,35928048000,54309840000,30.0626,
000869.SZ,张裕A,2012-01-30,67.315,67.3216,62.6064,62.6721,2680938,0.7686,33242164800,50249784000,27.8152,
000869.SZ,张裕A,2012-01-31,62.5932,62.5932,59.6273,61.0281,3481424,0.9981,32370124800,48931584000,27.0856,
000869.SZ,张裕A,2012-02-01,60.6927,61.5542,59.9167,60.3573,1561067,0.4475,32014332480,48393758400,26.7879,
000869.SZ,张裕A,2012-02-02,60.5085,61.0281,59.5221,60.5348,902468,0.2587,32108512800,48536124000,26.8667,
000869.SZ,张裕A,2012-02-03,60.502,61.1596,59.9693,60.8045,764479,0.2192,32251527360,48752308800,26.9863,
000869.SZ,张裕A,2012-02-06,60.8308,62.271,60.8308,61.7449,1253264,0.3593,32750334240,49506319200,27.4037,
000869.SZ,张裕A,2012-02-07,62.3104,63.264,61.7383,63.0601,1769583,0.5073,33447966240,50560879200,27.9874,
000869.SZ,张裕A,2012-02-08,63.0141,63.7244,62.6721,63.698,768877,0.2204,33786317760,51072340800,28.2706,
000869.SZ,张裕A,2012-02-09,63.7046,64.1584,62.8102,63.218,641476,0.1839,33531682080,50687426400,28.0575,
000869.SZ,张裕A,2012-02-10,63.3758,64.0532,62.9352,63.2903,671837,0.1926,33570051840,50745427200,28.0896,
000869.SZ,张裕A,2012-02-13,62.8037,64.5135,62.7642,64.2702,1185929,0.34,34089787680,51531074400,28.5245,
000869.SZ,张裕A,2012-02-14,63.8888,65.1054,63.869,64.3557,852776,0.2445,34135133760,51599620800,28.5624,
000869.SZ,张裕A,2012-02-15,64.1715,65.6972,64.1189,65.1711,506791,0.1453,34567665600,52253448000,28.9243,
000869.SZ,张裕A,2012-02-16,65.1054,65.4934,64.2505,64.2833,604995,0.1734,34096764000,51541620000,28.5303,
000869.SZ,张裕A,2012-02-17,64.9015,65.1054,63.777,63.9216,535358,0.1535,33904915200,51251616000,28.3698,
000869.SZ,张裕A,2012-02-20,63.9874,64.4149,62.705,62.7708,1389137,0.3982,33294487200,50328876000,27.859,
000869.SZ,张裕A,2012-02-21,62.8694,63.9874,62.5669,63.9151,1157348,0.3318,33901427040,51246343200,28.3669,
000869.SZ,张裕A,2012-02-22,63.7901,65.4342,63.7112,64.9739,1338521,0.3837,34463020800,52095264000,28.8368,
000869.SZ,张裕A,2012-02-23,65.0199,65.4342,64.2768,64.645,1151886,0.3302,34288612800,51831624000,28.6908,
000869.SZ,张裕A,2012-02-24,64.645,65.6972,64.4477,65.5657,969757,0.278,34776955200,52569816000,29.0995,
000869.SZ,张裕A,2012-02-27,65.763,66.6771,65.5723,65.9932,858899,0.2462,35003685600,52912548000,29.2892,
000869.SZ,张裕A,2012-02-28,66.0918,67.0783,65.6315,65.763,1317427,0.3777,34881600000,52728000000,29.187,
000869.SZ,张裕A,2012-02-29,65.763,67.5123,65.4473,67.0651,673152,0.193,35572255680,53772014400,29.7649,
000869.SZ,张裕A,2012-03-01,66.9994,67.0717,66.0063,66.2036,636659,0.1825,35115306720,53081277600,29.3826,
000869.SZ,张裕A,2012-03-02,66.2233,66.7495,65.4342,66.1313,910257,0.261,35076936960,53023276800,29.3505,
000869.SZ,张裕A,2012-03-05,66.4075,66.4075,64.9739,65.1383,1108159,0.3177,34550224800,52227084000,28.9098,
000869.SZ,张裕A,2012-03-06,65.1448,65.6118,64.4543,64.7174,508356,0.1457,34326982560,51889624800,28.723,
000869.SZ,张裕A,2012-03-07,64.8357,65.421,64.0137,64.2833,851159,0.244,34096764000,51541620000,28.5303,
000869.SZ,张裕A,2012-03-08,64.1847,64.6385,63.6652,63.7901,837984,0.2402,33835152000,51146160000,28.3114,
000869.SZ,张裕A,2012-03-09,64.1058,65.5526,63.777,65.5394,1010047,0.2896,34763002560,52548724800,29.0878,
000869.SZ,张裕A,2012-03-12,65.5526,66.276,65.4079,65.5131,773423,0.2217,34749049920,52527633600,29.0761,
000869.SZ,张裕A,2012-03-13,65.5197,66.5522,65.4802,66.2891,818725,0.2347,35160652800,53149824000,29.4205,
000869.SZ,张裕A,2012-03-14,66.4206,67.0585,64.5135,64.5267,845575,0.2424,34225825920,51736713600,28.6383,
000869.SZ,张裕A,2012-03-15,64.5267,66.7495,64.5267,66.4469,959034,0.2749,35244368640,53276371200,29.4906,
000869.SZ,张裕A,2012-03-16,67.6438,69.1564,67.4071,68.9854,1662380,0.4766,36590798400,55311672000,30.6172,
000869.SZ,张裕A,2012-03-19,68.9854,69.0643,67.5386,67.6307,899687,0.2579,35872237440,54225475200,30.0159,
000869.SZ,张裕A,2012-03-20,67.5846,67.6044,66.3549,67.3479,757257,0.2171,35722246560,53998744800,29.8904,
000869.SZ,张裕A,2012-03-21,67.3347,67.9332,66.7955,66.7955,438845,0.1258,35429241120,53555829600,29.6453,
000869.SZ,张裕A,2012-03-22,66.7955,68.0647,66.7955,67.6373,239024,0.0685,35875725600,54230748000,30.0189,
000869.SZ,张裕A,2012-03-23,67.2361,68.3935,66.3023,67.0783,434141,0.1245,35579232000,53782560000,29.7708,
000869.SZ,张裕A,2012-03-26,66.8152,66.9994,63.777,64.3754,1162864,0.3334,34145598240,51615439200,28.5712,
000869.SZ,张裕A,2012-03-27,64.4412,65.0856,63.8953,64.3031,589349,0.169,34107228480,51557438400,28.5391,
000869.SZ,张裕A,2012-03-28,63.8427,65.033,62.4749,62.4814,553856,0.1588,33141008160,50096872800,27.7306,
000869.SZ,张裕A,2012-03-29,62.4946,63.2574,62.1132,62.4354,348736,0.1,33116591040,50059963200,27.7102,
000869.SZ,张裕A,2012-03-30,62.2315,62.4749,60.8308,61.9619,241521,0.0692,32865443520,49680321600,27.5,
000869.SZ,张裕A,2012-04-05,61.8172,63.9545,61.2911,63.4021,604266,0.1732,33629350560,50835064800,28.1392,
000869.SZ,张裕A,2012-04-06,63.5271,63.7112,61.2254,61.5279,1299854,0.3726,32635224960,49332316800,27.3074,
000869.SZ,张裕A,2012-04-09,61.5542,61.5871,60.3704,61.2122,1582785,0.4538,32467793280,49079222400,27.1673,
000869.SZ,张裕A,2012-04-10,61.0938,61.0938,59.7128,60.6269,1014837,0.2909,32157347040,48609943200,26.9075,
000869.SZ,张裕A,2012-04-11,60.4888,61.37,59.7852,61.1267,735535,0.2109,32422447200,49010676000,27.1293,
000869.SZ,张裕A,2012-04-12,61.0938,61.6199,60.8308,61.278,1063822,0.305,32502674880,49131950400,27.1965,
000869.SZ,张裕A,2012-04-13,61.37,61.883,61.0873,61.2648,1067462,0.306,32495698560,49121404800,27.1906,
000869.SZ,张裕A,2012-04-16,61.2188,62.6064,61.1333,62.3959,782299,0.2243,33095662080,50028326400,27.6927,
000869.SZ,张裕A,2012-04-17,62.3959,62.6985,61.5542,62.0408,581406,0.1667,32907301440,49743595200,27.535,
000869.SZ,张裕A,2012-04-18,61.8896,62.6721,61.8896,62.1987,1015276,0.2911,32991017280,49870142400,27.6051,
000869.SZ,张裕A,2012-04-19,62.1987,62.3433,61.9488,62.0474,408223,0.117,32910789600,49748868000,27.538,
000869.SZ,张裕A,2012-04-20,62.4749,63.8296,62.4749,62.9812,2317381,0.6644,33406108320,50497605600,26.4772,
000869.SZ,张裕A,2012-04-23,63.3955,63.3955,62.3631,62.5077,1200328,0.3441,33154960800,50117964000,26.2782,
000869.SZ,张裕A,2012-04-24,62.3828,62.3828,60.502,60.6466,1621165,0.4648,32167811520,48625761600,25.4958,
000869.SZ,张裕A,2012-04-25,60.6598,61.1399,60.1732,60.8439,1118614,0.3207,32272456320,48783945600,25.5787,
000869.SZ,张裕A,2012-04-26,60.765,60.89,60.1074,60.1797,1514788,0.4343,31920152160,48251392800,24.7581,
000869.SZ,张裕A,2012-04-27,60.1863,61.4884,60.1863,61.1464,1597365,0.4579,32432911680,49026494400,25.1558,
000869.SZ,张裕A,2012-05-02,61.2582,61.9882,60.8374,61.9816,1930837,0.5535,32875908000,49696140000,25.4994,
000869.SZ,张裕A,2012-05-03,61.9882,62.5538,61.6199,62.4091,1245770,0.3571,33102638400,50038872000,25.6753,
000869.SZ,张裕A,2012-05-04,62.4091,63.4613,61.7449,63.3955,1692977,0.4853,33625862400,50829792000,26.0811,
000869.SZ,张裕A,2012-05-07,63.3955,65.3553,63.0404,65.329,1922891,0.5513,34651381440,52379995200,26.8765,
000869.SZ,张裕A,2012-05-08,65.329,66.9467,64.1781,66.0918,1257758,0.3606,35056008000,52991640000,27.1904,
000869.SZ,张裕A,2012-05-09,66.322,66.322,64.6648,65.0725,1005134,0.2882,34515343200,52174356000,26.771,
000869.SZ,张裕A,2012-05-10,65.1054,65.3027,64.3031,64.3688,768235,0.2202,34142110080,51610166400,26.4815,
000869.SZ,张裕A,2012-05-11,64.1189,64.9739,64.1189,64.1452,608837,0.1745,34023512640,51430891200,26.3895,
000869.SZ,张裕A,2012-05-14,64.4609,64.7437,63.8033,63.9743,722017,0.207,33932820480,51293798400,26.3192,
000869.SZ,张裕A,2012-05-15,63.9743,63.9743,63.9743,63.9743,--,--,33932820480,51293798400,26.3192,
000869.SZ,张裕A,2012-05-16,63.9216,63.9216,62.6064,62.6195,911306,0.2613,33214259520,50207601600,25.7619,
000869.SZ,张裕A,2012-05-17,62.6064,63.389,62.3302,62.7971,675236,0.1936,33308439840,50349967200,25.8349,
000869.SZ,张裕A,2012-05-18,62.6064,63.0404,62.2184,62.271,482910,0.1384,33029387040,49928143200,25.6185,
000869.SZ,张裕A,2012-05-21,62.3565,63.9808,62.2841,63.5599,743013,0.213,33713066400,50961612000,26.1487,
000869.SZ,张裕A,2012-05-22,63.7112,64.382,63.6586,64.2505,601287,0.1724,34079323200,51515256000,26.4328,
000869.SZ,张裕A,2012-05-23,64.1847,64.3228,63.6454,64.1847,662982,0.1901,34044441600,51462528000,26.4058,
000869.SZ,张裕A,2012-05-24,64.1847,64.4477,62.4946,62.9681,846454,0.2427,33399132000,50487060000,25.9052,
000869.SZ,张裕A,2012-05-25,62.5406,62.9352,61.2319,62.0803,520210,0.1491,32928230400,49775232000,25.54,
000869.SZ,张裕A,2012-05-28,61.4884,61.883,61.2451,61.7515,831766,0.2385,32753822400,49511592000,25.4047,
000869.SZ,张裕A,2012-05-29,62.0079,62.8037,61.6528,62.6787,738273,0.2117,33245652960,50255056800,25.7862,
000869.SZ,张裕A,2012-05-30,62.4749,63.0601,61.8172,61.9488,557742,0.1599,32858467200,49669776000,25.4859,
000869.SZ,张裕A,2012-05-31,61.7515,62.2118,61.6923,61.8107,439278,0.1259,32785215840,49559047200,25.4291,
000869.SZ,张裕A,2012-06-01,61.8107,62.659,61.6857,61.883,932820,0.2674,32823585600,49617048000,25.4588,
000869.SZ,张裕A,2012-06-04,61.1596,61.7317,60.8111,60.8308,923521,0.2648,32265480000,48773400000,25.026,
000869.SZ,张裕A,2012-06-05,60.8374,61.9356,60.8374,61.7449,756288,0.2168,32750334240,49506319200,25.402,
000869.SZ,张裕A,2012-06-06,61.7449,62.5735,61.6923,61.7383,741705,0.2126,32746846080,49501046400,25.3993,
000869.SZ,张裕A,2012-06-07,62.146,62.3696,60.7716,60.9294,590179,0.1692,32317802400,48852492000,25.0665,
000869.SZ,张裕A,2012-06-08,61.1596,61.2845,58.5291,59.1736,2075083,0.5949,31386463680,47444654400,24.3442,
000869.SZ,张裕A,2012-06-11,59.1933,60.2586,59.1209,59.5155,1437174,0.412,31567848000,47718840000,24.4849,
000869.SZ,张裕A,2012-06-12,59.8772,60.1732,59.1407,59.5089,766299,0.2197,31564359840,47713567200,24.4822,
000869.SZ,张裕A,2012-06-13,59.5287,60.5283,59.5287,60.502,1541271,0.4419,32091072000,48509760000,24.8907,
000869.SZ,张裕A,2012-06-14,60.5217,62.1329,59.8509,61.8172,1733226,0.4969,32788704000,49564320000,25.4318,
000869.SZ,张裕A,2012-06-15,61.6199,62.1132,61.3437,61.8172,961425,0.2756,32788704000,49564320000,25.4318,
000869.SZ,张裕A,2012-06-18,61.5218,62.5645,61.3132,62.3473,1418978,0.3129,32535812400,49182042000,25.2356,
000869.SZ,张裕A,2012-06-19,62.2952,62.6514,61.8607,62.2691,1050234,0.2316,32495000928,49120350240,25.204,
000869.SZ,张裕A,2012-06-20,62.3473,62.5298,61.8954,62.1909,790266,0.1743,32454189456,49058658480,25.1723,
000869.SZ,张裕A,2012-06-21,62.3038,62.3038,61.2611,61.5218,665756,0.1468,32105024640,48530851200,24.9015,
000869.SZ,张裕A,2012-06-25,61.4697,61.6956,61.1394,61.3306,584316,0.1289,32005263264,48380049120,24.8241,
000869.SZ,张裕A,2012-06-26,60.8353,61.6956,60.8353,61.2785,535015,0.118,31978055616,48338921280,24.803,
000869.SZ,张裕A,2012-06-27,61.348,61.9563,61.1134,61.6087,866192,0.191,32150370720,48599397600,24.9367,
000869.SZ,张裕A,2012-06-28,62.0953,62.104,59.0887,59.5145,1104448,0.2436,31057530192,46947429360,24.089,
000869.SZ,张裕A,2012-06-29,59.8708,59.8708,57.6115,58.4457,1674903,0.3694,30499773408,46104308640,23.6564,
000869.SZ,张裕A,2012-07-02,58.5065,61.2785,58.4023,59.7926,1965638,0.4335,31202637648,47166777840,24.2016,
000869.SZ,张裕A,2012-07-03,59.7926,59.949,59.0018,59.2625,1283942,0.2831,30926026560,46748644800,23.987,
000869.SZ,张裕A,2012-07-04,59.5058,59.7752,58.6977,58.7933,622733,0.1373,30681157728,46378494240,23.7971,
000869.SZ,张裕A,2012-07-05,58.9844,58.9844,57.5072,57.9504,882587,0.1946,30241300752,45713594160,23.4559,
000869.SZ,张裕A,2012-07-06,58.2198,61.2611,58.1503,59.9664,2567328,0.5662,31293329808,47303870640,24.2719,
000869.SZ,张裕A,2012-07-09,60.0967,63.1728,60.0967,60.9048,3005759,0.6628,31783067472,48044171760,24.6518,
000869.SZ,张裕A,2012-07-10,61.3132,62.7818,60.8353,61.8433,2314645,0.5104,32272805136,48784472880,25.0316,
000869.SZ,张裕A,2012-07-11,61.8433,62.3473,60.6528,62.1301,1511849,0.3334,32422447200,49010676000,25.1477,
000869.SZ,张裕A,2012-07-12,62.1301,62.9816,61.2611,61.3741,3239102,0.7143,32027936304,48414322320,24.8417,
000869.SZ,张裕A,2012-07-13,60.9483,61.0612,59.697,60.3053,2294087,0.5059,31470179520,47571201600,24.4091,
000869.SZ,张裕A,2012-07-16,60.3661,60.5399,57.7853,57.8548,3735514,0.8238,30191420064,45638193120,23.4173,
000869.SZ,张裕A,2012-07-17,57.8548,58.1329,55.917,56.1343,2039515,0.4498,29293567680,44280974400,22.7209,
000869.SZ,张裕A,2012-07-18,56.1777,56.9598,54.0923,54.631,2739344,0.6041,28509080496,43095121680,22.1124,
000869.SZ,张裕A,2012-07-19,54.6223,54.9873,53.875,54.744,2453627,0.5411,28568030400,43184232000,22.1581,
000869.SZ,张裕A,2012-07-20,54.7353,55.248,54.3095,54.4833,1091087,0.2406,28431992160,42978592800,22.0526,
000869.SZ,张裕A,2012-07-23,54.1357,54.1357,52.5716,53.0234,1185991,0.2615,27670178016,41827013280,21.4617,
000869.SZ,张裕A,2012-07-24,52.6845,54.1444,52.5716,53.371,1073998,0.2368,27851562336,42101198880,21.6024,
000869.SZ,张裕A,2012-07-25,53.371,54.0401,53.2928,53.2928,690001,0.1522,27810750864,42039507120,21.5708,
000869.SZ,张裕A,2012-07-26,53.2841,53.9793,52.9105,53.371,855567,0.1887,27851562336,42101198880,21.6024,
000869.SZ,张裕A,2012-07-27,53.5361,54.3964,53.4405,54.1009,955155,0.2106,28232469408,42676988640,21.8978,
000869.SZ,张裕A,2012-07-30,54.1357,54.5702,53.5274,53.5274,580046,0.1279,27933185280,42224582400,21.6657,
000869.SZ,张裕A,2012-07-31,53.5274,53.9619,53.0061,53.093,592514,0.1307,27706454880,41881850400,21.4899,
000869.SZ,张裕A,2012-08-01,53.0061,53.6665,52.9452,53.232,717615,0.1583,27779008608,41991524640,21.5461,
000869.SZ,张裕A,2012-08-02,53.1277,53.1712,52.1371,52.1545,1018294,0.2246,27216717216,41141549280,21.11,
000869.SZ,张裕A,2012-08-03,52.5108,52.5803,49.9647,52.1458,1707618,0.3766,27212182608,41134694640,21.1065,
000869.SZ,张裕A,2012-08-06,51.72,53.4232,51.0162,53.0669,1036337,0.2285,27692851056,41861286480,21.4793,
000869.SZ,张裕A,2012-08-07,52.8323,53.4145,52.8323,53.2059,1040921,0.2296,27765404784,41970960720,21.5082,
000869.SZ,张裕A,2012-08-08,53.1799,53.4145,52.8323,53.093,1095595,0.2416,27706454880,41881850400,21.4625,
000869.SZ,张裕A,2012-08-09,53.093,53.2581,51.8764,53.2233,1900094,0.419,27774474000,41984670000,21.5152,
000869.SZ,张裕A,2012-08-10,52.8323,52.9018,47.9053,47.9922,11096033,2.447,25044639984,37858176720,19.4006,
000869.SZ,张裕A,2012-08-13,48.2963,49.7909,48.2963,48.7656,5698001,1.2566,25448220096,38468239680,19.7132,
000869.SZ,张裕A,2012-08-14,48.8785,48.8959,47.9661,48.5396,2498722,0.551,25330320288,38290019040,19.6218,
000869.SZ,张裕A,2012-08-15,48.67,50.4513,48.6526,49.817,3891165,0.8581,25996907664,39297651120,20.1382,
000869.SZ,张裕A,2012-08-16,49.9647,49.9821,48.4875,48.6961,2566209,0.5659,25411943232,38413402560,19.6851,
000869.SZ,张裕A,2012-08-17,48.7221,49.0089,48.053,48.305,1208657,0.2665,25207885872,38104943760,19.527,
000869.SZ,张裕A,2012-08-20,48.2963,48.4701,47.2536,47.8271,1457128,0.3213,24958482432,37727938560,19.3338,
000869.SZ,张裕A,2012-08-21,48.5744,49.6171,48.0617,48.9133,2653516,0.5852,25525308432,38584768560,19.7729,
000869.SZ,张裕A,2012-08-22,48.922,49.0871,48.053,48.2094,1309005,0.2887,25158005184,38029542720,19.4884,
000869.SZ,张裕A,2012-08-23,48.1399,48.6613,47.4274,48.2268,2068691,0.4562,25167074400,38043252000,19.4954,
000869.SZ,张裕A,2012-08-24,48.1834,48.1834,47.4361,47.6446,839810,0.1852,24863255664,37583991120,19.26,
000869.SZ,张裕A,2012-08-27,47.662,47.662,46.6801,46.7062,1047647,0.231,24373518000,36843690000,18.8807,
000869.SZ,张裕A,2012-08-28,46.6627,46.8539,45.3593,45.6721,1226380,0.2704,23833899648,36027987840,18.4627,
000869.SZ,张裕A,2012-08-29,45.5331,45.5331,44.1428,44.1862,1684053,0.3714,23058481680,34855844400,17.862,
000869.SZ,张裕A,2012-08-30,44.0906,44.4556,43.3346,43.352,1485366,0.3276,22623159312,34197798960,17.5248,
000869.SZ,张裕A,2012-08-31,43.4128,43.6648,43.213,43.3607,936823,0.2066,22627693920,34204653600,17.5283,
000869.SZ,张裕A,2012-09-03,43.4563,44.2296,43.3607,44.0472,2476198,0.5461,22985927952,34746170160,17.8058,
000869.SZ,张裕A,2012-09-04,44.1428,44.5946,43.5258,43.5779,1316161,0.2902,22741059120,34376019600,17.6161,
000869.SZ,张裕A,2012-09-05,43.5345,43.6648,42.9262,43.3694,1116278,0.2462,22632228528,34211508240,17.5318,
000869.SZ,张裕A,2012-09-06,43.4476,43.9603,43.3694,43.7691,999079,0.2203,22840820496,34526821680,17.6934,
000869.SZ,张裕A,2012-09-07,44.1949,46.3151,43.8821,45.9589,2869487,0.6328,23983541712,36254190960,18.5786,
000869.SZ,张裕A,2012-09-10,45.9676,46.3412,45.3245,45.4462,2507045,0.5529,23715999840,35849767200,18.3713,
000869.SZ,张裕A,2012-09-11,45.3593,45.4375,44.3165,44.5077,2067408,0.4559,23226262176,35109466080,17.992,
000869.SZ,张裕A,2012-09-12,44.5425,45.1855,44.1949,44.6902,1976918,0.436,23321488944,35253413520,18.0657,
000869.SZ,张裕A,2012-09-13,44.6902,44.9248,44.3339,44.3861,1312761,0.2895,23162777664,35013501120,17.9428,
000869.SZ,张裕A,2012-09-14,44.5772,45.0552,44.247,44.6641,1910059,0.4212,23307885120,35232849600,18.0552,
000869.SZ,张裕A,2012-09-17,44.6641,44.7423,43.3694,43.4128,1362807,0.3005,22654901568,34245781440,17.5494,
000869.SZ,张裕A,2012-09-18,43.2738,43.2912,41.8574,41.9878,2088749,0.4606,21911225856,33121620480,16.9733,
000869.SZ,张裕A,2012-09-19,41.8748,42.1442,40.441,40.7886,3326450,0.7336,21285449952,32175680160,16.4885,
000869.SZ,张裕A,2012-09-20,40.6669,40.6669,38.9725,39.0941,3379168,0.7452,20401201392,30839025360,15.8036,
000869.SZ,张裕A,2012-09-21,38.9377,39.0855,38.2426,38.8769,2068830,0.4562,20287836192,30667659360,15.7157,
000869.SZ,张裕A,2012-09-24,38.3468,39.5199,38.1644,39.0855,2025525,0.4467,20396666784,30832170720,15.8,
000869.SZ,张裕A,2012-09-25,39.1897,40.7538,39.1028,40.2498,2582629,0.5695,21004304256,31750692480,16.2707,
000869.SZ,张裕A,2012-09-26,40.4063,40.4932,38.2426,38.6249,1898250,0.4186,20156332560,30468874800,15.6139,
000869.SZ,张裕A,2012-09-27,38.5467,40.1456,38.286,39.5894,2483006,0.5476,20659674048,31229739840,16.0038,
000869.SZ,张裕A,2012-09-28,39.3635,40.6322,39.1897,40.6322,2625896,0.5791,21203827008,32052296640,16.4253,
000869.SZ,张裕A,2012-10-08,40.7104,41.2318,40.4497,40.7104,2338111,0.5156,21244638480,32113988400,16.4569,
000869.SZ,张裕A,2012-10-09,40.8407,41.9009,40.8407,41.7271,2476162,0.5461,21775187616,32915981280,16.8679,
000869.SZ,张裕A,2012-10-10,41.7531,41.9095,41.1796,41.6923,1395035,0.3076,21757049184,32888562720,16.8539,
000869.SZ,张裕A,2012-10-11,41.6923,42.1007,41.2926,41.5359,1451521,0.3201,21675426240,32765179200,16.7906,
000869.SZ,张裕A,2012-10-12,41.5793,41.9704,41.0667,41.4577,1031864,0.2276,21634614768,32703487440,16.759,
000869.SZ,张裕A,2012-10-15,41.4577,42.3788,41.3534,41.84,1872296,0.4129,21834137520,33005091600,16.9136,
000869.SZ,张裕A,2012-10-16,41.9617,43.2912,41.449,42.9175,2770373,0.6109,22396428912,33855066960,17.3491,
000869.SZ,张裕A,2012-10-17,42.7959,42.848,41.953,42.318,1595557,0.3519,22083540960,33382096800,17.1068,
000869.SZ,张裕A,2012-10-18,42.3266,43.4997,42.3266,43.0131,2906437,0.6409,22446309600,33930468000,17.3878,
000869.SZ,张裕A,2012-10-19,43.1,44.1428,43.1,43.9863,2610370,0.5757,22954185696,34698187680,17.7812,
000869.SZ,张裕A,2012-10-22,43.969,44.7163,43.4997,44.6554,2284766,0.5039,23303350512,35225994960,18.0517,
000869.SZ,张裕A,2012-10-23,44.6467,44.9074,42.6742,42.8306,2555953,0.5637,22351082832,33786520560,17.314,
000869.SZ,张裕A,2012-10-24,42.6482,43.1261,42.2745,42.5439,1564223,0.345,22201440768,33560317440,17.1981,
000869.SZ,张裕A,2012-10-25,42.5352,42.6916,41.5185,41.562,1826558,0.4028,21689030064,32785743120,16.8012,
000869.SZ,张裕A,2012-10-26,41.1709,41.1709,38.3816,38.5293,5737739,1.2653,20106451872,30393473760,16.827,
000869.SZ,张裕A,2012-10-29,38.2252,38.3642,37.278,38.2339,3418145,0.7538,19952275200,30160416000,16.698,
000869.SZ,张裕A,2012-10-30,38.0601,38.4511,37.5213,37.643,2003606,0.4418,19643921856,29694300480,16.44,
000869.SZ,张裕A,2012-10-31,37.756,38.0948,37.5995,37.9645,1350529,0.2978,19811702352,29947922160,16.5804,
000869.SZ,张裕A,2012-11-01,37.9645,39.5286,37.9558,39.5025,3568281,0.7869,20614327968,31161193440,17.2521,
000869.SZ,张裕A,2012-11-02,39.5112,39.5373,38.7639,38.9986,2554256,0.5633,20351320704,30763624320,17.032,
000869.SZ,张裕A,2012-11-05,39.0941,39.5199,38.6249,38.7553,2072695,0.4571,20224351680,30571694400,16.9257,
000869.SZ,张裕A,2012-11-06,38.6684,38.7553,37.643,38.2339,1799336,0.3968,19952275200,30160416000,16.698,
000869.SZ,张裕A,2012-11-07,38.2339,38.4772,37.8689,38.0427,1411306,0.3112,19852513824,30009613920,16.6145,
000869.SZ,张裕A,2012-11-08,37.7038,38.147,37.3649,37.7299,1632870,0.3601,19689267936,29762846880,16.4779,
000869.SZ,张裕A,2012-11-09,37.6951,38.651,37.6082,38.1644,1624839,0.3583,19915998336,30105578880,16.6677,
000869.SZ,张裕A,2012-11-12,38.2426,38.4598,37.6256,37.9124,1278416,0.2819,19784494704,29906794320,16.5576,
000869.SZ,张裕A,2012-11-13,37.8602,37.8602,37.1564,37.1911,1368987,0.3019,19408122240,29337859200,16.2426,
000869.SZ,张裕A,2012-11-14,37.1651,37.4084,36.0789,36.7132,1859237,0.41,19158718800,28960854000,16.0339,
000869.SZ,张裕A,2012-11-15,36.4699,36.496,35.9746,35.9746,1250662,0.2758,18773277120,28378209600,15.7113,
000869.SZ,张裕A,2012-11-16,35.853,36.0963,34.9492,35.2708,1327345,0.2927,18405973872,27822983760,15.4039,
000869.SZ,张裕A,2012-11-19,35.2708,35.4445,34.7146,35.3055,931004,0.2053,18424112304,27850402320,15.4191,
000869.SZ,张裕A,2012-11-20,35.7921,35.8356,35.3576,35.5575,1044967,0.2304,18555615936,28049186880,15.5292,
000869.SZ,张裕A,2012-11-21,35.8877,35.9572,35.1578,35.9485,856280,0.1888,18759673296,28357645680,15.6999,
000869.SZ,张裕A,2012-11-22,35.8356,35.9312,35.2794,35.879,784213,0.1729,18723396432,28302808560,15.6696,
000869.SZ,张裕A,2012-11-23,35.6444,37.3649,35.6444,37.2693,2562710,0.5651,19448933712,29399550960,16.2768,
000869.SZ,张裕A,2012-11-26,37.139,37.2346,36.5134,36.8436,940770,0.2075,19226737920,29063673600,16.0908,
000869.SZ,张裕A,2012-11-27,36.6003,37.3475,36.496,36.6437,1311393,0.2892,19122441936,28906016880,16.0035,
000869.SZ,张裕A,2012-11-28,36.6263,36.8349,35.3663,36.6958,1440224,0.3176,19149649584,28947144720,16.0263,
000869.SZ,张裕A,2012-11-29,36.6871,36.9739,36.496,36.6176,852223,0.1879,19108838112,28885452960,15.9921,
000869.SZ,张裕A,2012-11-30,36.6263,36.8609,35.6444,35.7313,1056025,0.2329,18646308096,28186279680,15.6051,
000869.SZ,张裕A,2012-12-03,35.6444,35.6444,32.7595,32.8551,2434652,0.5369,17145352848,25917393840,14.3489,
000869.SZ,张裕A,2012-12-04,32.1599,33.5676,32.1599,33.3591,1508750,0.3327,17408360112,26314962960,14.569,
000869.SZ,张裕A,2012-12-05,33.0202,34.6712,32.8551,33.976,2658920,0.5864,17730317280,26801642400,14.8385,
000869.SZ,张裕A,2012-12-06,33.8891,35.2273,33.2635,34.6972,2116636,0.4668,18106689744,27370577520,15.1534,
000869.SZ,张裕A,2012-12-07,34.6886,35.1665,34.2193,35.0361,1767877,0.3899,18283539456,27637908480,15.3015,
000869.SZ,张裕A,2012-12-10,34.9666,37.9732,34.7581,37.4779,4377319,0.9653,19557764304,29564062320,16.3679,
000869.SZ,张裕A,2012-12-11,37.2607,38.903,36.9305,37.9732,3686080,0.8129,19816236960,29954776800,16.5842,
000869.SZ,张裕A,2012-12-12,37.7994,38.147,37.0869,37.4084,1623017,0.3579,19521487440,29509225200,16.3375,
000869.SZ,张裕A,2012-12-13,37.3823,37.7646,36.9305,37.139,1180020,0.2602,19380914592,29296731360,16.2198,
000869.SZ,张裕A,2012-12-14,37.1129,39.0855,37.0434,39.0594,2933385,0.6469,20383062960,30811606800,17.0585,
000869.SZ,张裕A,2012-12-17,39.0681,39.9544,38.5033,39.5199,2967094,0.6543,20623397184,31174902720,17.2597,
000869.SZ,张裕A,2012-12-18,39.433,40.7365,38.7639,40.0065,3085601,0.6805,20877335232,31558762560,17.4722,
000869.SZ,张裕A,2012-12-19,39.9457,41.4924,39.7632,40.7452,2858083,0.6303,21262776912,32141406960,17.7948,
000869.SZ,张裕A,2012-12-20,40.7191,40.7191,39.5373,40.0761,2221478,0.4899,20913612096,31613599680,17.5026,
000869.SZ,张裕A,2012-12-21,40.0761,40.3454,39.3722,39.7719,1802903,0.3976,20754900816,31373687280,17.3697,
000869.SZ,张裕A,2012-12-24,39.7024,40.0326,38.6249,39.042,1993284,0.4396,20373993744,30797897520,17.051,
000869.SZ,张裕A,2012-12-25,38.9204,39.9718,38.6162,39.5112,2555715,0.5636,20618862576,31168048080,17.2559,
000869.SZ,张裕A,2012-12-26,39.5286,40.4063,39.3201,40.3976,2217877,0.4891,21081392592,31867221360,17.643,
000869.SZ,张裕A,2012-12-27,40.4845,41.2752,39.7024,41.0145,3121405,0.6884,21403349760,32353900800,17.9124,
000869.SZ,张裕A,2012-12-28,40.8407,41.3621,40.6235,41.2752,2205293,0.4863,21539388000,32559540000,18.0263,
000869.SZ,张裕A,2012-12-31,41.1709,41.9269,40.4932,40.8407,2792141,0.6157,21312657600,32216808000,17.8365,
000869.SZ,张裕A,2013-01-04,40.9016,41.4316,40.58,40.8668,2578341,0.5686,21326261424,32237371920,17.8479,
000869.SZ,张裕A,2013-01-07,40.832,41.9095,40.4932,41.1362,2412331,0.532,21466834272,32449865760,17.9655,
000869.SZ,张裕A,2013-01-08,41.0927,42.2137,41.058,41.8835,2594945,0.5723,21856810560,33039364800,18.2919,
000869.SZ,张裕A,2013-01-09,41.84,43.0131,41.7531,42.1355,3082467,0.6798,21988314192,33238149360,18.402,
000869.SZ,张裕A,2013-01-10,41.9704,42.3353,41.7184,42.1094,1959691,0.4322,21974710368,33217585440,18.3906,
000869.SZ,张裕A,2013-01-11,42.1789,42.3527,40.2759,40.3715,2448820,0.54,21067788768,31846657440,17.6316,
000869.SZ,张裕A,2013-01-14,40.1108,41.2405,39.9718,41.1449,2497180,0.5507,21471368880,32456720400,17.9693,
000869.SZ,张裕A,2013-01-15,41.449,41.449,39.9544,40.6148,5057638,1.1153,21194757792,32038587360,17.7378,
000869.SZ,张裕A,2013-01-16,40.5887,40.5887,39.2679,39.6937,4040379,0.891,20714089344,31311995520,17.3356,
000869.SZ,张裕A,2013-01-17,39.6242,40.4671,39.6242,39.9457,2120834,0.4677,20845592976,31510780080,17.4456,
000869.SZ,张裕A,2013-01-18,40.1195,40.1977,39.2506,39.6937,2719005,0.5996,20714089344,31311995520,17.3356,
000869.SZ,张裕A,2013-01-21,39.8067,39.9283,39.0594,39.1202,3030843,0.6684,20414805216,30859589280,17.0851,
000869.SZ,张裕A,2013-01-22,39.1463,39.2766,38.2513,38.7987,3344919,0.7376,20247024720,30605967600,16.9447,
000869.SZ,张裕A,2013-01-23,38.6597,41.084,38.4077,41.084,5669033,1.2502,21439626624,32408737920,17.9428,
000869.SZ,张裕A,2013-01-24,41.1188,41.3013,40.0761,40.58,4049796,0.8931,21176619360,32011168800,17.7227,
000869.SZ,张裕A,2013-01-25,40.58,40.58,39.1028,39.5373,1969462,0.4343,20632466400,31188612000,17.2673,
000869.SZ,张裕A,2013-01-28,39.2332,39.2332,38.147,38.2339,5330559,1.1755,19952275200,30160416000,16.698,
000869.SZ,张裕A,2013-01-29,38.2339,38.3121,36.9305,37.4258,6486193,1.4304,19530556656,29522934480,16.3451,
000869.SZ,张裕A,2013-01-30,37.6343,38.1383,37.4692,37.8863,4303277,0.949,19770890880,29886230400,16.5462,
000869.SZ,张裕A,2013-01-31,37.9124,38.147,37.1911,37.3215,2349644,0.5182,19476141360,29440678800,16.2995,
000869.SZ,张裕A,2013-02-01,37.3736,37.8515,37.3475,37.53,2368587,0.5223,19584971952,29605190160,16.3906,
000869.SZ,张裕A,2013-02-04,37.53,37.6082,36.4786,36.6437,3380578,0.7455,19122441936,28906016880,16.0035,
000869.SZ,张裕A,2013-02-05,36.5394,37.5474,36.4612,37.4953,3377670,0.7449,19566833520,29577771600,16.3754,
000869.SZ,张裕A,2013-02-06,37.4692,37.6082,37.2954,37.5387,2237274,0.4934,19589506560,29612044800,16.3944,
000869.SZ,张裕A,2013-02-07,37.5822,37.5909,36.9305,37.278,2344848,0.5171,19453468320,29406405600,16.2806,
000869.SZ,张裕A,2013-02-08,37.278,38.0862,37.1911,37.3562,3198261,0.7053,19494279792,29468097360,16.3147,
000869.SZ,张裕A,2013-02-18,37.3736,37.53,36.9305,37,2436115,0.5372,19308360864,29187057120,16.1591,
000869.SZ,张裕A,2013-02-19,36.9739,38.9551,36.7567,38.7553,6571826,1.4493,20224351680,30571694400,16.9257,
000869.SZ,张裕A,2013-02-20,38.3642,39.6329,38.1557,39.4504,5620558,1.2395,20587120320,31120065600,17.2293,
000869.SZ,张裕A,2013-02-21,39.407,40.9971,39.1028,40.2672,6709567,1.4796,21013373472,31764401760,17.586,
000869.SZ,张裕A,2013-02-22,40.2672,42.0225,40.2672,41.84,7361710,1.6235,21834137520,33005091600,18.2729,
000869.SZ,张裕A,2013-02-25,41.8574,41.8574,40.1543,40.4063,4367770,0.9632,21085927200,31874076000,17.6468,
000869.SZ,张裕A,2013-02-26,40.189,40.9103,38.7987,38.9812,4182567,0.9224,20342251488,30749915040,17.0244,
000869.SZ,张裕A,2013-02-27,38.929,39.6155,38.538,38.651,2480778,0.5471,20169936384,30489438720,16.8802,
000869.SZ,张裕A,2013-02-28,38.6944,39.1115,37.7994,39.0333,3145756,0.6937,20369459136,30791042880,17.0472,
000869.SZ,张裕A,2013-03-01,39.0941,39.7632,38.7987,39.433,2258947,0.4982,20578051104,31106356320,17.2217,
000869.SZ,张裕A,2013-03-04,39.3635,40.6669,38.5815,38.7553,3104789,0.6847,20224351680,30571694400,18.0311,
000869.SZ,张裕A,2013-03-05,38.4946,40.2151,38.4946,39.9718,2966783,0.6543,20859196800,31531344000,18.5971,
000869.SZ,张裕A,2013-03-06,39.9979,40.3802,39.3896,40.3628,3316782,0.7314,21063254160,31839802800,18.7791,
000869.SZ,张裕A,2013-03-07,40.3889,41.3621,39.7719,40.3976,4080526,0.8999,21081392592,31867221360,18.7952,
000869.SZ,张裕A,2013-03-08,40.5887,40.693,39.5634,39.5634,1901912,0.4194,20646070224,31209175920,18.4071,
000869.SZ,张裕A,2013-03-11,39.294,39.4504,38.6684,38.8421,1437817,0.3171,20269697760,30640240800,18.0716,
000869.SZ,张裕A,2013-03-12,38.8508,39.181,36.7567,37.2607,3750034,0.827,19444399104,29392696320,17.3358,
000869.SZ,张裕A,2013-03-13,37.1738,37.3475,35.7139,36.1918,3466605,0.7645,18886642320,28549575600,16.8385,
000869.SZ,张裕A,2013-03-14,36.0007,36.4004,35.4532,35.5575,2142999,0.4726,18555615936,28049186880,16.5434,
000869.SZ,张裕A,2013-03-15,35.3924,36.0876,34.9753,35.2447,2839196,0.6261,18392370048,27802419840,16.3978,
000869.SZ,张裕A,2013-03-18,35.2794,35.4967,33.6719,33.8109,3429381,0.7563,17644159728,26671404240,15.7307,
000869.SZ,张裕A,2013-03-19,33.8457,34.1498,32.6987,33.5589,2559084,0.5643,17512656096,26472619680,15.6135,
000869.SZ,张裕A,2013-03-20,33.7153,34.2801,33.7153,34.2193,2888023,0.6369,17857286304,26993572320,15.9208,
000869.SZ,张裕A,2013-03-21,34.2541,34.2801,33.5676,33.7414,2925792,0.6452,17607882864,26616567120,15.6984,
000869.SZ,张裕A,2013-03-22,33.7501,34.6451,33.7153,33.7935,3165461,0.6981,17635090512,26657694960,15.7227,
000869.SZ,张裕A,2013-03-25,33.8457,34.4105,33.8457,34.1933,1895879,0.4181,17843682480,26973008400,15.9086,
000869.SZ,张裕A,2013-03-26,34.1933,34.5235,33.7153,34.2715,1964694,0.4333,17884493952,27034700160,15.945,
000869.SZ,张裕A,2013-03-27,34.228,34.2628,32.4119,32.5075,5290788,1.1668,16963968528,25643208240,15.1243,
000869.SZ,张裕A,2013-03-28,32.5249,32.5249,31.2823,31.7776,3528617,0.7782,16583061456,25067418480,14.7847,
000869.SZ,张裕A,2013-03-29,31.8123,31.9687,31.2996,31.3865,2392560,0.5276,16379004096,24758959680,14.6028,
000869.SZ,张裕A,2013-04-01,31.3083,31.6212,30.7783,30.8652,1892172,0.4173,16106927616,24347681280,14.3602,
000869.SZ,张裕A,2013-04-02,30.8999,31.2736,30.674,31.1172,1465208,0.3231,16238431248,24546465840,14.4775,
000869.SZ,张裕A,2013-04-03,31.1606,31.4213,31.0216,31.178,1346242,0.2969,16270173504,24594448320,14.5058,
000869.SZ,张裕A,2013-04-08,30.9868,32.2034,30.674,32.1165,2832576,0.6247,16759911168,25334749440,14.9424,
000869.SZ,张裕A,2013-04-09,32.1512,32.2729,31.7167,31.8645,1846750,0.4073,16628407536,25135964880,14.8251,
000869.SZ,张裕A,2013-04-10,31.8992,32.9941,31.8123,32.5944,2919101,0.6437,17009314608,25711754640,15.1647,
000869.SZ,张裕A,2013-04-11,32.5857,32.6552,32.1773,32.5422,1478119,0.326,16982106960,25670626800,15.1405,
000869.SZ,张裕A,2013-04-12,32.4988,32.8898,32.2989,32.5857,1602123,0.3533,17004780000,25704900000,15.1607,
000869.SZ,张裕A,2013-04-15,32.438,32.438,31.1954,31.2041,1683509,0.3713,16283777328,24615012240,14.5179,
000869.SZ,张裕A,2013-04-16,30.9781,31.6125,30.674,31.4126,1170461,0.2581,16392607920,24779523600,14.6149,
000869.SZ,张裕A,2013-04-17,31.569,31.7949,31.3605,31.5864,1145840,0.2527,16483300080,24916616400,14.6958,
000869.SZ,张裕A,2013-04-18,31.5343,31.821,31.178,31.291,1175517,0.2592,16329123408,24683558640,14.5583,
000869.SZ,张裕A,2013-04-19,31.6298,34.0455,31.2996,33.7935,4809830,1.0607,17635090512,26657694960,15.6724,
000869.SZ,张裕A,2013-04-22,33.4112,33.8544,32.6726,33.3764,3651262,0.8052,17417429328,26328672240,15.479,
000869.SZ,张裕A,2013-04-23,33.3677,33.3677,32.1512,32.2381,2286824,0.5043,16823395680,25430714400,14.9511,
000869.SZ,张裕A,2013-04-24,32.3337,32.9246,32.0904,32.6118,1786111,0.3939,17018383824,25725463920,15.1244,
000869.SZ,张裕A,2013-04-25,32.6118,32.6291,31.6559,31.6994,2767550,0.6103,16542249984,25005726720,14.7012,
000869.SZ,张裕A,2013-04-26,31.8558,32.0209,31.1954,31.2736,1825552,0.4026,16320054192,24669849360,14.7965,
000869.SZ,张裕A,2013-05-02,31.2388,31.2823,30.7522,30.9347,1613337,0.3558,16143204480,24402518400,14.6361,
000869.SZ,张裕A,2013-05-03,30.9781,31.9427,30.9347,31.4908,1425603,0.3144,16433419392,24841215360,14.8992,
000869.SZ,张裕A,2013-05-06,31.7167,32.4032,31.4734,32.4032,2396989,0.5286,16909553232,25560952560,15.3309,
000869.SZ,张裕A,2013-05-07,32.438,32.829,32.0643,32.6639,2800779,0.6176,17045591472,25766591760,15.4543,
000869.SZ,张裕A,2013-05-08,32.6813,32.8898,31.96,32.5249,2797880,0.617,16973037744,25656917520,15.3885,
000869.SZ,张裕A,2013-05-09,32.3511,33.0202,32.2902,32.577,2793648,0.6161,17000245392,25698045360,15.4131,
000869.SZ,张裕A,2013-05-10,32.5857,32.7421,32.3337,32.6205,1839598,0.4057,17022918432,25732318560,15.4337,
000869.SZ,张裕A,2013-05-13,32.6552,33.5937,32.6291,32.9593,2915976,0.643,17199768144,25999649520,15.594,
000869.SZ,张裕A,2013-05-14,32.9246,32.9246,31.8905,32.1078,2057704,0.4538,16755376560,25327894800,15.1911,
000869.SZ,张裕A,2013-05-15,32.1512,32.6205,32.0643,32.2381,1233176,0.2719,16823395680,25430714400,15.2528,
000869.SZ,张裕A,2013-05-16,32.2555,33.5155,31.8905,33.1679,3434141,0.7573,17308598736,26164160880,15.6927,
000869.SZ,张裕A,2013-05-17,33.2809,34.3236,33.2809,34.2367,4545127,1.0023,17866355520,27007281600,16.1984,
000869.SZ,张裕A,2013-05-20,34.6277,37.2607,34.341,36.7827,8912068,1.9653,19194995664,29015691120,17.403,
000869.SZ,张裕A,2013-05-21,36.5829,36.7393,35.7574,36.3309,4780218,1.0542,18959196048,28659249840,17.1892,
000869.SZ,张裕A,2013-05-22,35.9746,37.53,35.9746,36.7654,4149002,0.915,19185926448,29001981840,17.3948,
000869.SZ,张裕A,2013-05-23,36.9044,38.2686,36.5307,37.0608,4337578,0.9565,19340103120,29235039600,17.5346,
000869.SZ,张裕A,2013-05-24,36.9913,37.7299,36.2787,37.0695,3685227,0.8127,19344637728,29241894240,17.5387,
000869.SZ,张裕A,2013-05-27,36.8609,36.9218,36.2961,36.383,2686744,0.5925,18986403696,28700377680,17.2139,
000869.SZ,张裕A,2013-05-28,36.3222,36.3222,34.2715,35.6618,4921599,1.0853,18610031232,28131442560,16.8726,
000869.SZ,张裕A,2013-05-29,35.7139,36.0267,35.3924,35.4532,2535224,0.5591,18501200640,27966931200,16.774,
000869.SZ,张裕A,2013-05-30,35.3663,35.7226,34.9927,35.7226,2042688,0.4505,18641773488,28179425040,16.9014,
000869.SZ,张裕A,2013-05-31,35.7921,36.7045,35.4359,36.3569,4015109,0.8854,18972799872,28679813760,17.2015,
000869.SZ,张裕A,2013-06-03,36.5394,37.1564,35.8964,35.9572,3601647,0.7943,18764207904,28364500320,17.0124,
000869.SZ,张裕A,2013-06-04,35.7574,35.879,34.9753,35.1057,2858555,0.6304,18319816320,27692745600,16.6095,
000869.SZ,张裕A,2013-06-05,35.7139,38.6162,35.627,38.6162,8358256,1.8432,20151797952,30462020160,18.2705,
000869.SZ,张裕A,2013-06-06,39.8675,40.0761,38.2339,38.4859,15943808,3.516,20083778832,30359200560,18.2088,
000869.SZ,张裕A,2013-06-07,38.1383,38.6597,35.8964,36.5394,8855625,1.9529,19068026640,28823761200,17.2879,
000869.SZ,张裕A,2013-06-13,36.0615,36.1223,33.9413,34.1237,5663651,1.249,17807405616,26918171280,16.145,
000869.SZ,张裕A,2013-06-14,34.1585,34.6538,33.3591,34.0629,4596751,1.0137,17775663360,26870188800,16.1162,
000869.SZ,张裕A,2013-06-17,34.0282,34.1498,33.2374,33.4373,2892857,0.638,17449171584,26376654720,15.8202,
000869.SZ,张裕A,2013-06-18,33.472,34.1324,33.3677,33.7762,2561389,0.5649,17626021296,26643985680,15.9805,
000869.SZ,张裕A,2013-06-19,33.6284,34.5235,32.6291,34.1324,4183434,0.9226,17811940224,26925025920,16.1491,
000869.SZ,张裕A,2013-06-20,33.7762,34.0368,32.6639,32.6987,2653624,0.5852,17063729904,25794010320,15.4707,
000869.SZ,张裕A,2013-06-21,31.96,32.9854,31.7863,32.4901,2111451,0.4656,16954899312,25629498960,15.372,
000869.SZ,张裕A,2013-06-24,32.325,32.325,30.5523,30.5958,3358740,0.7407,15966354768,24135187440,14.4758,
000869.SZ,张裕A,2013-06-25,30.5002,30.7783,27.8065,29.8919,3639169,0.8025,15599051520,23579961600,14.1428,
000869.SZ,张裕A,2013-06-26,29.9788,30.3699,29.1533,30.283,2548531,0.562,15803108880,23888420400,14.3278,
000869.SZ,张裕A,2013-06-27,30.3959,30.7174,29.4314,29.4314,2313824,0.5103,15358717296,23216665680,13.9249,
000869.SZ,张裕A,2013-06-28,29.3532,30.3699,29.1099,29.666,1925940,0.4247,15481151712,23401740960,14.0359,
000869.SZ,张裕A,2013-07-01,29.666,29.8919,28.4756,29.1881,2794502,0.6163,15231748272,23024735760,13.8098,
000869.SZ,张裕A,2013-07-02,30.5871,31.1954,30.0223,30.5176,4809729,1.0607,15925543296,24073495680,14.4388,
000869.SZ,张裕A,2013-07-03,30.4133,31.7167,30.0744,31.4734,4860175,1.0718,16424350176,24827506080,14.891,
000869.SZ,张裕A,2013-07-04,31.2823,31.3692,30.5871,31.3692,2888921,0.6371,16369934880,24745250400,14.8417,
000869.SZ,张裕A,2013-07-05,31.291,31.3605,30.7696,30.8391,2098721,0.4628,16093323792,24327117360,14.5909,
000869.SZ,张裕A,2013-07-08,30.4046,30.7261,29.3793,30.0049,2543236,0.5609,15658001424,23669071920,14.1962,
000869.SZ,张裕A,2013-07-09,29.5531,29.9788,29.4401,29.6313,1740469,0.3838,15463013280,23374322400,14.0194,
000869.SZ,张裕A,2013-07-10,29.6313,30.1961,29.2489,30.1526,2567172,0.5661,15735089760,23785600800,14.2661,
000869.SZ,张裕A,2013-07-11,30.3231,31.75,29.9731,31.418,4369474,0.9636,15875662608,23998094640,14.3936,
000869.SZ,张裕A,2013-07-12,31.409,31.6154,30.6103,30.6462,3037462,0.6698,15485686320,23408595600,14.04,
000869.SZ,张裕A,2013-07-15,30.6552,31.1846,30.5385,30.9334,2455940,0.5416,15630793776,23627944080,14.1715,
000869.SZ,张裕A,2013-07-16,30.9154,31.4987,30.377,31.3372,3551876,0.7833,15834851136,23936402880,14.3566,
000869.SZ,张裕A,2013-07-17,31.2295,31.2475,30.4757,30.6462,2646508,0.5836,15485686320,23408595600,14.04,
000869.SZ,张裕A,2013-07-18,30.5026,30.5026,29.6411,29.9014,2203970,0.486,15109313856,22839660480,13.6987,
000869.SZ,张裕A,2013-07-19,29.8744,30.0719,28.995,29.0309,2524537,0.5567,14669456880,22174760400,13.3,
000869.SZ,张裕A,2013-07-22,28.8963,29.1565,28.0617,29.0668,1737301,0.3831,14687595312,22202178960,13.3164,
000869.SZ,张裕A,2013-07-23,29.0668,29.7937,29.0129,29.5424,2051157,0.4523,14927929536,22565474880,13.5343,
000869.SZ,张裕A,2013-07-24,29.6321,29.7667,28.7527,29.1565,1646103,0.363,14732941392,22270725360,13.3575,
000869.SZ,张裕A,2013-07-25,29.0757,29.9193,28.627,29.2732,2965087,0.6539,14791891296,22359835680,13.411,
000869.SZ,张裕A,2013-07-26,29.1565,29.1565,28.5911,28.8693,1498781,0.3305,14587833936,22051376880,13.226,
000869.SZ,张裕A,2013-07-29,28.4476,28.6001,27.7835,27.9271,2349678,0.5182,14111700096,21331639680,12.7943,
000869.SZ,张裕A,2013-07-30,27.8643,28.5553,27.8284,28.0168,1734741,0.3826,14157046176,21400186080,12.8354,
000869.SZ,张裕A,2013-07-31,28.0168,28.6899,28.0168,28.5373,1856095,0.4093,14420053440,21797755200,13.0738,
000869.SZ,张裕A,2013-08-01,28.5373,28.7258,28.2771,28.7258,2015032,0.4444,14515280208,21941702640,13.1602,
000869.SZ,张裕A,2013-08-02,28.9411,29.1386,28.7078,28.8873,2045131,0.451,14596903152,22065086160,13.2342,
000869.SZ,张裕A,2013-08-05,28.8873,29.0578,28.5642,28.9591,1933346,0.4264,14633180016,22119923280,13.2671,
000869.SZ,张裕A,2013-08-06,28.9591,29.2373,28.654,29.1386,2276239,0.502,14723872176,22257016080,13.3493,
000869.SZ,张裕A,2013-08-07,28.986,29.7757,28.9322,29.4347,3283060,0.724,14873514240,22483219200,13.485,
000869.SZ,张裕A,2013-08-08,29.4257,29.4527,28.977,29.0129,1474600,0.3252,14660387664,22161051120,13.2917,
000869.SZ,张裕A,2013-08-09,29.004,29.2373,28.627,28.8963,1502875,0.3314,14601437760,22071940800,13.2383,
000869.SZ,张裕A,2013-08-12,29.0757,30.1078,28.986,30.0808,4002028,0.8826,15200006016,22976753280,13.781,
000869.SZ,张裕A,2013-08-13,30.1078,30.1257,29.7488,29.9372,1813597,0.3999,15127452288,22867079040,13.7152,
000869.SZ,张裕A,2013-08-14,29.9731,30.2783,29.6411,29.7398,2105816,0.4644,15027690912,22716276960,13.6247,
000869.SZ,张裕A,2013-08-15,29.668,30.1526,29.668,29.8834,2174455,0.4795,15100244640,22825951200,13.6905,
000869.SZ,张裕A,2013-08-16,29.8385,30.377,29.4347,29.7039,2584217,0.5699,15009552480,22688858400,13.6083,
000869.SZ,张裕A,2013-08-19,29.5962,29.7667,29.3001,29.7219,1328077,0.2929,15018621696,22702567680,13.6165,
000869.SZ,张裕A,2013-08-20,29.7488,29.7578,29.2552,29.2911,1640142,0.3617,14800960512,22373544960,13.4192,
000869.SZ,张裕A,2013-08-21,29.3001,29.5514,29.1745,29.4885,1041262,0.2296,14900721888,22524347040,13.5096,
000869.SZ,张裕A,2013-08-22,29.4616,29.6052,29.2642,29.336,1448573,0.3194,14823633552,22407818160,13.4397,
000869.SZ,张裕A,2013-08-23,29.3988,29.5244,28.636,28.8245,1758798,0.3879,14565160896,22017103680,13.2054,
000869.SZ,张裕A,2013-08-26,28.8245,29.2193,28.654,29.2193,1469590,0.3241,14764683648,22318707840,13.3863,
000869.SZ,张裕A,2013-08-27,29.1834,29.6052,29.0757,29.5155,1707226,0.3765,14914325712,22544910960,13.522,
000869.SZ,张裕A,2013-08-28,29.1655,29.1745,28.6719,28.7886,2402050,0.5297,14547022464,21989685120,14.4635,
000869.SZ,张裕A,2013-08-29,28.6809,28.7078,28.0886,28.1335,3445772,0.7599,14215996080,21489296400,14.1344,
000869.SZ,张裕A,2013-08-30,27.945,28.3309,27.9091,28.0796,1733744,0.3823,14188788432,21448168560,14.1073,
000869.SZ,张裕A,2013-09-02,28.1335,28.2591,27.2002,27.622,3122969,0.6887,13957523424,21098581920,13.8774,
000869.SZ,张裕A,2013-09-03,27.5502,28.1963,27.5502,28.0258,1908546,0.4209,14161580784,21407040720,14.0803,
000869.SZ,张裕A,2013-09-04,27.9809,28.3309,27.8463,28.2771,1505593,0.332,14288549808,21598970640,14.2065,
000869.SZ,张裕A,2013-09-05,28.1783,28.2322,27.9181,27.9809,1253126,0.2763,14138907744,21372767520,14.0577,
000869.SZ,张裕A,2013-09-06,27.9719,28.2681,27.8463,28.0886,1237939,0.273,14193323040,21455023200,14.1118,
000869.SZ,张裕A,2013-09-09,28.1335,28.4835,28.0437,28.3668,2805949,0.6188,14333895888,21667517040,14.2516,
000869.SZ,张裕A,2013-09-10,28.3758,28.6629,28.2771,28.5642,2397369,0.5287,14433657264,21818319120,14.3508,
000869.SZ,张裕A,2013-09-11,28.5642,29.336,28.4206,29.2373,4009197,0.8841,14773752864,22332417120,14.6889,
000869.SZ,张裕A,2013-09-12,29.2552,29.7398,29.2463,29.4796,3809641,0.8401,14896187280,22517492400,14.8106,
000869.SZ,张裕A,2013-09-13,29.5244,30.1975,29.345,29.9014,3399541,0.7497,15109313856,22839660480,15.0225,
000869.SZ,张裕A,2013-09-16,29.8924,29.9911,29.0488,29.1296,2201470,0.4855,14719337568,22250161440,14.6348,
000869.SZ,张裕A,2013-09-17,29.1655,29.1655,28.4835,28.654,2010210,0.4433,14479003344,21886865520,14.3959,
000869.SZ,张裕A,2013-09-18,28.5463,28.6629,28.2681,28.5822,1244264,0.2744,14442726480,21832028400,14.3598,
000869.SZ,张裕A,2013-09-23,28.627,28.6629,28.2681,28.6181,1741867,0.3841,14460864912,21859446960,14.3778,
000869.SZ,张裕A,2013-09-24,28.6809,28.8245,27.936,28.2681,1629217,0.3593,14284015200,21592116000,14.202,
000869.SZ,张裕A,2013-09-25,28.2142,28.6809,27.9899,27.9989,1437102,0.3169,14147976960,21386476800,14.0667,
000869.SZ,张裕A,2013-09-26,27.9091,28.4296,27.9091,28.0707,1319383,0.291,14184253824,21441313920,14.1028,
000869.SZ,张裕A,2013-09-27,28.0707,28.2591,27.9181,28.1604,1088011,0.2399,14229599904,21509860320,14.1479,
000869.SZ,张裕A,2013-09-30,28.1694,29.0309,28.1604,28.4476,2216772,0.4889,14374707360,21729208800,14.2922,
000869.SZ,张裕A,2013-10-08,28.4835,28.5642,28.0886,28.4117,1458312,0.3216,14356568928,21701790240,14.2741,
000869.SZ,张裕A,2013-10-09,28.2681,28.7078,28.2142,28.4655,1252233,0.2762,14383776576,21742918080,14.3012,
000869.SZ,张裕A,2013-10-10,28.5553,28.6001,27.9002,28.0168,1858336,0.4098,14157046176,21400186080,14.0757,
000869.SZ,张裕A,2013-10-11,28.0527,28.3219,27.9002,28.1245,1656620,0.3653,14211461472,21482441760,14.1298,
000869.SZ,张裕A,2013-10-14,28.1604,29.3001,28.1245,29.0757,3717227,0.8197,14692129920,22209033600,14.6078,
000869.SZ,张裕A,2013-10-15,29.2552,29.2552,28.7437,29.2552,2155367,0.4753,14782822080,22346126400,14.6979,
000869.SZ,张裕A,2013-10-16,29.345,29.6052,28.8065,28.8963,2393494,0.5278,14601437760,22071940800,14.5176,
000869.SZ,张裕A,2013-10-17,29.0757,29.5962,28.8514,28.9322,2395181,0.5282,14619576192,22099359360,14.5356,
000869.SZ,张裕A,2013-10-18,29.0668,29.0668,28.3578,28.5911,1781814,0.3929,14447261088,21838883040,14.3643,
000869.SZ,张裕A,2013-10-21,28.4835,28.8245,28.0886,28.8245,1746135,0.3851,14565160896,22017103680,14.4815,
000869.SZ,张裕A,2013-10-22,28.0078,28.4206,27.8463,28.0527,3584549,0.7905,14175184608,21427604640,15.2298,
000869.SZ,张裕A,2013-10-23,28.0976,28.1514,27.3707,27.5143,2449315,0.5401,13903108128,21016326240,14.9374,
000869.SZ,张裕A,2013-10-24,27.5143,27.5143,26.9669,27.1912,2301022,0.5074,13739862240,20769559200,14.7621,
000869.SZ,张裕A,2013-10-25,27.1733,27.1733,26.2938,26.3477,2659766,0.5865,13313609088,20125223040,14.3041,
000869.SZ,张裕A,2013-10-28,26.3566,26.3656,25.2887,25.4413,2289911,0.505,12855613680,19432904400,13.812,
000869.SZ,张裕A,2013-10-29,25.4413,25.6297,24.858,25.1182,2013847,0.4441,12692367792,19186137360,13.6366,
000869.SZ,张裕A,2013-10-30,25.1272,25.3515,25.0374,25.3156,1194217,0.2634,12792129168,19336939440,13.7438,
000869.SZ,张裕A,2013-10-31,25.3156,26.2579,25.0374,25.9348,2676086,0.5901,13105017120,19809909600,14.08,
000869.SZ,张裕A,2013-11-01,25.6656,26.0695,25.3605,25.7374,1389498,0.3064,13005255744,19659107520,13.9728,
000869.SZ,张裕A,2013-11-04,25.8002,25.9618,25.7284,25.8002,889401,0.1961,13036998000,19707090000,14.0069,
000869.SZ,张裕A,2013-11-05,25.8272,25.8361,25.3515,25.8361,916474,0.2021,13055136432,19734508560,14.0264,
000869.SZ,张裕A,2013-11-06,25.8361,26.3387,25.531,26.0784,1998000,0.4406,13177570848,19919583840,14.1579,
000869.SZ,张裕A,2013-11-07,25.872,26.1682,25.6567,25.7105,1124338,0.2479,12991651920,19638543600,13.9582,
000869.SZ,张裕A,2013-11-08,25.8541,25.9887,25.2259,25.3246,1278650,0.282,12796663776,19343794080,13.7487,
000869.SZ,张裕A,2013-11-11,25.2438,25.8361,24.9567,25.7643,1497363,0.3302,13018859568,19679671440,13.9874,
000869.SZ,张裕A,2013-11-12,25.8182,27.1374,25.6118,26.572,3253394,0.7175,13426974288,20296589040,14.4259,
000869.SZ,张裕A,2013-11-13,26.4733,26.7156,25.8002,25.89,2494582,0.5501,13082344080,19775636400,14.0556,
000869.SZ,张裕A,2013-11-14,25.872,26.0156,25.522,25.9438,1266221,0.2792,13109551728,19816764240,14.0849,
000869.SZ,张裕A,2013-11-15,25.9528,26.4733,25.7284,26.0695,1710268,0.3772,13173036240,19912729200,14.1531,
000869.SZ,张裕A,2013-11-18,26.0246,26.5002,25.9169,26.4643,2141011,0.4721,13372558992,20214333360,14.3674,
000869.SZ,张裕A,2013-11-19,26.4553,26.7784,26.1861,26.2938,1806560,0.3984,13286401440,20084095200,14.2749,
000869.SZ,张裕A,2013-11-20,26.563,26.6169,26.1412,26.3297,1422389,0.3137,13304539872,20111513760,14.2943,
000869.SZ,张裕A,2013-11-21,26.1951,26.1951,25.6118,25.7554,2032543,0.4482,13014324960,19672816800,13.9825,
000869.SZ,张裕A,2013-11-22,25.8361,25.9169,25.6387,25.6387,1386401,0.3057,12955375056,19583706480,13.9192,
000869.SZ,张裕A,2013-11-25,25.6387,26.0964,25.54,25.8541,1247780,0.2752,13064205648,19748217840,14.0361,
000869.SZ,张裕A,2013-11-26,25.899,25.9707,25.531,25.6836,1094530,0.2414,12978048096,19617979680,13.9436,
000869.SZ,张裕A,2013-11-27,25.6656,25.8182,25.4861,25.7374,1362558,0.3005,13005255744,19659107520,13.9728,
000869.SZ,张裕A,2013-11-28,25.8451,26.3387,25.7554,26.1861,2269444,0.5005,13231986144,20001839520,14.2164,
000869.SZ,张裕A,2013-11-29,26.1861,26.231,25.8272,25.9707,1778049,0.3921,13123155552,19837328160,14.0995,
000869.SZ,张裕A,2013-12-02,25.5759,25.89,25.1272,25.2797,2968024,0.6545,12773990736,19309520880,13.7243,
000869.SZ,张裕A,2013-12-03,25.2618,25.5579,25.0823,25.4772,2120993,0.4677,12873752112,19460322960,13.8315,
000869.SZ,张裕A,2013-12-04,25.4144,25.8631,25.3246,25.6656,2121534,0.4679,12968978880,19604270400,13.9338,
000869.SZ,张裕A,2013-12-05,25.5759,25.9618,25.5131,25.9169,1558918,0.3438,13095947904,19796200320,14.0702,
000869.SZ,张裕A,2013-12-06,25.8451,26.1412,25.8002,26.1143,1916610,0.4227,13195709280,19947002400,14.1774,
000869.SZ,张裕A,2013-12-09,26.0964,26.3118,25.7554,26.1771,1971095,0.4347,13227451536,19994984880,14.2115,
000869.SZ,张裕A,2013-12-10,26.1861,26.231,25.8451,25.8631,1459433,0.3218,13068740256,19755072480,14.041,
000869.SZ,张裕A,2013-12-11,25.6836,26.2041,25.6118,25.9348,1656489,0.3653,13105017120,19809909600,14.08,
000869.SZ,张裕A,2013-12-12,25.9169,26.0605,25.8002,25.89,1047728,0.2311,13082344080,19775636400,14.0556,
000869.SZ,张裕A,2013-12-13,25.6387,26.1502,25.6297,25.9348,955972,0.2108,13105017120,19809909600,14.08,
000869.SZ,张裕A,2013-12-16,25.89,26.0695,25.2977,25.3067,1394773,0.3076,12787594560,19330084800,13.7389,
000869.SZ,张裕A,2013-12-17,25.3156,25.4772,25.1362,25.181,962769,0.2123,12724110048,19234119840,13.6707,
000869.SZ,张裕A,2013-12-18,25.2169,25.3874,25.1272,25.1631,819172,0.1806,12715040832,19220410560,13.661,
000869.SZ,张裕A,2013-12-19,25.3695,25.3695,24.7234,24.7413,1811030,0.3994,12501914256,18898242480,13.432,
000869.SZ,张裕A,2013-12-20,24.7413,24.8849,24.1759,24.2029,1641416,0.362,12229837776,18486964080,13.1397,
000869.SZ,张裕A,2013-12-23,24.2029,24.2747,23.8708,24.0503,953450,0.2103,12152749440,18370435200,13.0569,
000869.SZ,张裕A,2013-12-24,24.2298,24.3464,24.0413,24.1131,738952,0.163,12184491696,18418417680,13.091,
000869.SZ,张裕A,2013-12-25,24.1311,24.3285,24.0503,24.2298,701867,0.1548,12243441600,18507528000,13.1543,
000869.SZ,张裕A,2013-12-26,24.3464,24.3464,23.5119,23.5747,1440744,0.3177,11912415216,18007139280,12.7987,
000869.SZ,张裕A,2013-12-27,23.5837,24.1759,23.5478,23.9426,1000526,0.2206,12098334144,18288179520,12.9984,
000869.SZ,张裕A,2013-12-30,24.0234,24.14,23.6465,23.7183,1100260,0.2426,11984968944,18116813520,12.8766,
000869.SZ,张裕A,2013-12-31,23.5657,24.6695,23.5657,24.2298,3599741,0.7938,12243441600,18507528000,13.1543,
000869.SZ,张裕A,2014-01-02,24.14,24.2118,23.8349,23.9785,1366860,0.3014,12116472576,18315598080,13.0179,
000869.SZ,张裕A,2014-01-03,23.9785,23.9785,23.6016,23.6465,1364897,0.301,11948692080,18061976400,12.8376,
000869.SZ,张裕A,2014-01-06,23.7183,23.7452,22.7939,22.9286,1924356,0.4244,11585923440,17513605200,12.4479,
000869.SZ,张裕A,2014-01-07,22.8837,23.1439,22.767,23.0003,869841,0.1918,11622200304,17568442320,12.4868,
000869.SZ,张裕A,2014-01-08,23.0003,23.1798,22.5158,22.5696,1825082,0.4025,11404539120,17239419600,12.253,
000869.SZ,张裕A,2014-01-09,22.4888,23.0901,22.3722,22.435,1755918,0.3872,11336520000,17136600000,12.1799,
000869.SZ,张裕A,2014-01-10,22.6234,22.6414,22.2106,22.2106,1307277,0.2883,11223154800,16965234000,12.0581,
000869.SZ,张裕A,2014-01-13,22.2196,22.5606,22.2196,22.4709,1145389,0.2526,11354658432,17164018560,12.1994,
000869.SZ,张裕A,2014-01-14,22.5337,22.767,22.444,22.6324,1279344,0.2821,11436281376,17287402080,12.2871,
000869.SZ,张裕A,2014-01-15,22.6504,22.6773,21.9145,21.9953,2299614,0.5071,11114324208,16800722640,11.9412,
000869.SZ,张裕A,2014-01-16,21.9863,22.417,21.9055,22.1209,1301352,0.287,11177808720,16896687600,12.0094,
000869.SZ,张裕A,2014-01-17,22.094,22.2017,21.5376,21.7619,1656318,0.3653,10996424400,16622502000,11.8145,
000869.SZ,张裕A,2014-01-20,21.726,22.0312,21.6273,21.8607,1266219,0.2792,11046305088,16697903040,11.8681,
000869.SZ,张裕A,2014-01-21,21.8696,22.0312,21.7171,21.8786,1054557,0.2326,11055374304,16711612320,11.8779,
000869.SZ,张裕A,2014-01-22,21.8068,22.5696,21.7799,22.5696,1923555,0.4242,11404539120,17239419600,12.253,
000869.SZ,张裕A,2014-01-23,22.5068,22.7311,22.444,22.6234,1833365,0.4043,11431746768,17280547440,12.2822,
000869.SZ,张裕A,2014-01-24,22.5786,23.0003,22.5068,22.7491,1328665,0.293,11495231280,17376512400,12.3504,
000869.SZ,张裕A,2014-01-27,22.7132,22.9555,22.4619,22.4978,1570628,0.3464,11368262256,17184582480,12.214,
000869.SZ,张裕A,2014-01-28,22.4888,22.7401,22.0491,22.2645,1526000,0.3365,11250362448,17006361840,12.0873,
000869.SZ,张裕A,2014-01-29,22.2824,22.3273,21.9055,22.0312,1291330,0.2848,11132462640,16828141200,11.9607,
000869.SZ,张裕A,2014-01-30,21.9414,22.1388,21.6363,21.6991,1192986,0.2631,10964682144,16574519520,11.7804,
000869.SZ,张裕A,2014-02-07,21.6901,21.6901,21.3581,21.5196,1579028,0.3482,10873989984,16437426720,11.683,
000869.SZ,张裕A,2014-02-10,21.5196,21.9863,21.5196,21.9324,2136424,0.4711,11082581952,16752740160,11.9071,
000869.SZ,张裕A,2014-02-11,21.8607,22.3004,21.6453,22.2735,2537441,0.5596,11254897056,17013216480,12.0922,
000869.SZ,张裕A,2014-02-12,22.2555,22.2645,21.9863,22.2017,1394986,0.3076,11218620192,16958379360,12.0532,
000869.SZ,张裕A,2014-02-13,22.2106,22.7042,22.1299,22.435,3085773,0.6805,11336520000,17136600000,12.1799,
000869.SZ,张裕A,2014-02-14,22.435,23.4849,22.3452,23.3324,4371926,0.9641,11789980800,17822064000,12.6671,
000869.SZ,张裕A,2014-02-17,23.3324,24.5708,23.2426,24.4362,5528076,1.2191,12347737584,18665184720,13.2664,
000869.SZ,张裕A,2014-02-18,24.3195,24.3644,23.6913,23.8708,3283971,0.7242,12062057280,18233342400,12.9594,
000869.SZ,张裕A,2014-02-19,23.8708,25.4233,23.8529,25.1182,5638394,1.2434,12692367792,19186137360,13.6366,
000869.SZ,张裕A,2014-02-20,25.1272,25.6477,24.0413,24.5259,3796400,0.8372,12393083664,18733731120,13.3151,
000869.SZ,张裕A,2014-02-21,24.2747,24.6336,23.6016,23.808,2971444,0.6553,12030315024,18185359920,12.9253,
000869.SZ,张裕A,2014-02-24,23.6196,23.808,23.1529,23.6465,1870065,0.4124,11948692080,18061976400,12.8376,
000869.SZ,张裕A,2014-02-25,23.6465,23.8888,22.776,22.8298,1837864,0.4053,11536042752,17438204160,12.3943,
000869.SZ,张裕A,2014-02-26,22.8388,22.9555,22.4529,22.9555,1583607,0.3492,11599527264,17534169120,12.4625,
000869.SZ,张裕A,2014-02-27,22.9645,23.4939,22.8298,23.3952,2221750,0.49,11821723056,17870046480,12.7012,
000869.SZ,张裕A,2014-02-28,23.2426,24.2029,23.135,24.0144,2254319,0.4971,12134611008,18343016640,13.0374,
000869.SZ,张裕A,2014-03-03,23.799,23.9875,23.3952,23.6824,2100284,0.4632,11966830512,18089394960,12.8571,
000869.SZ,张裕A,2014-03-04,23.5388,23.5478,22.6952,23.0721,2129360,0.4696,11658477168,17623279440,12.5258,
000869.SZ,张裕A,2014-03-05,23.0452,23.817,22.7939,23.458,1875746,0.4137,11853465312,17918028960,12.7353,
000869.SZ,张裕A,2014-03-06,23.4401,23.4401,22.8119,23.108,1440755,0.3177,11676615600,17650698000,12.5453,
000869.SZ,张裕A,2014-03-07,22.9824,23.2875,22.7939,23.0632,1371585,0.3025,11653942560,17616424800,12.5209,
000869.SZ,张裕A,2014-03-10,22.8837,22.9196,21.9145,21.9324,1807025,0.3985,11082581952,16752740160,11.9071,
000869.SZ,张裕A,2014-03-11,21.9324,22.3991,21.7889,22.2376,1619623,0.3572,11236758624,16985797920,12.0727,
000869.SZ,张裕A,2014-03-12,21.9863,22.767,21.9863,22.3094,1715529,0.3783,11273035488,17040635040,12.1117,
000869.SZ,张裕A,2014-03-13,22.2555,24.499,22.1658,23.9785,4625004,1.0199,12116472576,18315598080,13.0179,
000869.SZ,张裕A,2014-03-14,23.6913,23.9247,23.3324,23.6644,2180185,0.4808,11957761296,18075685680,12.8474,
000869.SZ,张裕A,2014-03-17,23.7452,23.9247,23.4939,23.8349,2040666,0.45,12043918848,18205923840,12.9399,
000869.SZ,张裕A,2014-03-18,23.8708,24.6246,23.6913,23.9695,3673489,0.8101,12111937968,18308743440,13.013,
000869.SZ,张裕A,2014-03-19,23.8708,23.8708,23.2068,23.6375,2093471,0.4617,11944157472,18055121760,12.8328,
000869.SZ,张裕A,2014-03-20,23.6016,23.7093,22.7222,22.7222,2000544,0.4412,11481627456,17355948480,12.3358,
000869.SZ,张裕A,2014-03-21,22.5158,23.5119,22.2914,23.3593,1916471,0.4226,11803584624,17842627920,12.6817,
000869.SZ,张裕A,2014-03-24,23.3593,23.9426,23.3593,23.7721,2047049,0.4514,12012176592,18157941360,12.9058,
000869.SZ,张裕A,2014-03-25,23.7721,23.7721,23.2068,23.5208,1744625,0.3847,11885207568,17966011440,12.7694,
000869.SZ,张裕A,2014-03-26,23.5926,23.7272,23.3324,23.3952,858914,0.1894,11821723056,17870046480,12.7012,
000869.SZ,张裕A,2014-03-27,23.2337,23.5029,22.9375,22.9645,1234200,0.2722,11604061872,17541023760,12.4674,
000869.SZ,张裕A,2014-03-28,22.9555,23.0452,22.5068,22.6683,1452147,0.3202,11454419808,17314820640,12.3066,
000869.SZ,张裕A,2014-03-31,22.6863,22.8568,22.4799,22.5606,841969,0.1857,11400004512,17232564960,12.2481,
000869.SZ,张裕A,2014-04-01,22.5965,22.9734,22.5247,22.9196,942511,0.2078,11581388832,17506750560,12.443,
000869.SZ,张裕A,2014-04-02,22.9734,23.6913,22.9734,23.5029,2482179,0.5474,11876138352,17952302160,12.7597,
000869.SZ,张裕A,2014-04-03,23.4221,23.7272,23.2068,23.2785,1528569,0.3371,11762773152,17780936160,12.6379,
000869.SZ,张裕A,2014-04-04,23.117,23.7093,23.0632,23.7003,1287598,0.2839,11975899728,18103104240,12.8669,
000869.SZ,张裕A,2014-04-08,23.476,24.1221,23.476,23.9516,2253361,0.4969,12102868752,18295034160,13.0033,
000869.SZ,张裕A,2014-04-09,23.9875,24.3195,23.6913,23.8977,1852732,0.4086,12075661104,18253906320,12.974,
000869.SZ,张裕A,2014-04-10,23.8977,23.9965,23.7003,23.9516,2175878,0.4798,12102868752,18295034160,13.0033,
000869.SZ,张裕A,2014-04-11,23.9426,24.6516,23.7811,24.4541,3447769,0.7603,12356806800,18678894000,13.2761,
000869.SZ,张裕A,2014-04-14,24.2477,24.3734,24.0593,24.1939,1460066,0.322,12225303168,18480109440,13.1348,
000869.SZ,张裕A,2014-04-15,24.1849,24.1849,23.6644,23.7093,1430961,0.3156,11980434336,18109958880,12.8717,
000869.SZ,张裕A,2014-04-16,23.7093,24.1042,23.5837,23.9875,1225377,0.2702,12121007184,18322452720,13.0228,
000869.SZ,张裕A,2014-04-17,23.9965,24.0952,23.799,23.817,976695,0.2154,12034849632,18192214560,12.9302,
000869.SZ,张裕A,2014-04-18,23.7811,24.0683,23.5388,23.9067,899319,0.1983,12080195712,18260760960,12.9789,
000869.SZ,张裕A,2014-04-21,23.7093,23.9067,23.0721,23.2068,1812525,0.3997,11726496288,17726099040,12.5989,
000869.SZ,张裕A,2014-04-22,23.0901,23.3234,22.9734,23.2965,970139,0.2139,11771842368,17794645440,12.6476,
000869.SZ,张裕A,2014-04-23,23.2696,23.7631,23.135,23.6824,1458699,0.3217,11966830512,18089394960,12.8571,
000869.SZ,张裕A,2014-04-24,23.5567,23.8349,23.1619,23.2426,1112447,0.2453,11744634720,17753517600,12.6184,
000869.SZ,张裕A,2014-04-25,23.1439,23.5208,22.4619,22.4799,1584005,0.3493,11359193040,17170873200,12.2043,
000869.SZ,张裕A,2014-04-28,22.076,22.3901,22.0312,22.2286,1410421,0.311,11232224016,16978943280,18.1579,
000869.SZ,张裕A,2014-04-29,22.1299,22.435,22.1299,22.3722,968067,0.2135,11304777744,17088617520,18.2752,
000869.SZ,张裕A,2014-04-30,22.2914,22.4081,22.1658,22.3273,716641,0.158,11282104704,17054344320,18.2386,
000869.SZ,张裕A,2014-05-05,22.3273,22.3722,21.7171,21.9683,1468064,0.3237,11100720384,16780158720,17.9453,
000869.SZ,张裕A,2014-05-06,21.9683,22.3363,21.8965,22.2376,871463,0.1922,11236758624,16985797920,18.1653,
000869.SZ,张裕A,2014-05-07,22.1568,22.1927,21.7978,21.8607,1298837,0.2864,11046305088,16697903040,17.8574,
000869.SZ,张裕A,2014-05-08,21.7619,22.2555,21.6722,21.7799,936553,0.2065,11005493616,16636211280,17.7914,
000869.SZ,张裕A,2014-05-09,21.7799,22.5247,21.7799,22.1119,1209068,0.2666,11173274112,16889832960,18.0626,
000869.SZ,张裕A,2014-05-12,22.2106,23.1529,22.1837,22.767,2058752,0.454,11504300496,17390221680,18.5978,
000869.SZ,张裕A,2014-05-13,22.8657,23.4042,22.785,22.9555,2247711,0.4957,11599527264,17534169120,18.7517,
000869.SZ,张裕A,2014-05-14,22.9555,23.1439,22.7222,22.8298,1131773,0.2496,11536042752,17438204160,18.6491,
000869.SZ,张裕A,2014-05-15,22.7939,23.0183,22.5247,22.5247,887173,0.1956,11381866080,17205146400,18.3998,
000869.SZ,张裕A,2014-05-16,22.5337,23.0452,22.5068,23.0003,978358,0.2158,11622200304,17568442320,18.7884,
000869.SZ,张裕A,2014-05-19,22.9645,23.0093,22.2017,22.417,1346380,0.2969,11327450784,17122890720,18.3119,
000869.SZ,张裕A,2014-05-20,22.4888,22.6863,22.3273,22.3991,729236,0.1608,11318381568,17109181440,18.2972,
000869.SZ,张裕A,2014-05-21,22.2555,22.7581,21.9773,22.7132,771955,0.1702,11477092848,17349093840,18.5538,
000869.SZ,张裕A,2014-05-22,22.7042,23.0542,22.6055,22.6145,877437,0.1935,11427212160,17273692800,18.4731,
000869.SZ,张裕A,2014-05-23,22.4888,22.8657,22.4888,22.7042,589322,0.13,11472558240,17342239200,18.5464,
000869.SZ,张裕A,2014-05-26,22.9734,23.2875,22.8209,23.1529,1200449,0.2647,11699288640,17684971200,18.913,
000869.SZ,张裕A,2014-05-27,23.1439,23.4221,22.9824,23.1529,969764,0.2139,11699288640,17684971200,18.913,
000869.SZ,张裕A,2014-05-28,23.1619,23.3593,23.0721,23.3055,1183649,0.261,11776376976,17801500080,19.0376,
000869.SZ,张裕A,2014-05-29,23.3503,23.3952,22.7042,22.7581,1061500,0.2341,11499765888,17383367040,18.5904,
000869.SZ,张裕A,2014-05-30,22.6683,22.9196,22.5068,22.6234,919241,0.2027,11431746768,17280547440,18.4805,
000869.SZ,张裕A,2014-06-03,22.6683,22.8119,22.4888,22.6324,623759,0.1376,11436281376,17287402080,18.4878,
000869.SZ,张裕A,2014-06-04,22.6234,22.6504,22.3273,22.3452,712371,0.1571,11291173920,17068053600,18.2532,
000869.SZ,张裕A,2014-06-05,22.3363,22.7401,22.2645,22.7042,708268,0.1562,11472558240,17342239200,18.5464,
000869.SZ,张裕A,2014-06-06,22.7042,22.8029,22.2555,22.3722,708137,0.1562,11304777744,17088617520,18.2752,
000869.SZ,张裕A,2014-06-09,22.2465,22.6324,22.2465,22.2824,731948,0.1614,11259431664,17020071120,18.2019,
000869.SZ,张裕A,2014-06-10,22.4081,22.6773,22.2914,22.5786,693075,0.1528,11409073728,17246274240,18.4438,
000869.SZ,张裕A,2014-06-11,22.6055,22.6055,22.3452,22.5786,530629,0.117,11409073728,17246274240,18.4438,
000869.SZ,张裕A,2014-06-12,22.5786,22.5786,22.3811,22.4619,926119,0.2042,11350123824,17157163920,18.3485,
000869.SZ,张裕A,2014-06-13,22.3991,22.6863,22.3004,22.5696,1403271,0.3095,11404539120,17239419600,18.4365,
000869.SZ,张裕A,2014-06-16,22.5337,22.7491,22.5247,22.7042,1317411,0.2905,11472558240,17342239200,18.5464,
000869.SZ,张裕A,2014-06-17,22.6593,22.6863,21.9863,21.9953,2784889,0.6141,11114324208,16800722640,17.9673,
000869.SZ,张裕A,2014-06-18,21.9683,22.103,21.9055,21.9594,1118808,0.2467,11096185776,16773304080,17.938,
000869.SZ,张裕A,2014-06-19,22.0132,22.0132,21.1248,21.2684,2627529,0.5794,10747020960,16245496800,17.3736,
000869.SZ,张裕A,2014-06-20,21.3222,21.3491,21.053,21.3402,1160318,0.2559,10783297824,16300333920,17.4322,
000869.SZ,张裕A,2014-06-23,21.3581,21.6094,21.3491,21.394,1038600,0.229,10810505472,16341461760,17.4762,
000869.SZ,张裕A,2014-06-24,21.4299,21.8876,21.4209,21.6722,1344596,0.2965,10951078320,16553955600,17.7034,
000869.SZ,张裕A,2014-06-25,21.6632,21.6632,21.3581,21.4927,849996,0.1874,10860386160,16416862800,17.5568,
000869.SZ,张裕A,2014-06-26,21.5825,21.6812,21.5017,21.5645,955095,0.2106,10896663024,16471699920,17.6155,
000869.SZ,张裕A,2014-06-27,21.5466,21.6273,21.394,21.5466,1191955,0.2629,10887593808,16457990640,17.6008,
000869.SZ,张裕A,2014-06-30,21.5376,21.7081,21.5196,21.6363,1582772,0.349,10932939888,16526537040,17.6741,
000869.SZ,张裕A,2014-07-01,21.6363,21.6722,21.5196,21.5825,1135987,0.2505,10905732240,16485409200,17.6301,
000869.SZ,张裕A,2014-07-02,21.6094,22.2286,21.6094,22.1837,2924101,0.6448,11209550976,16944670080,18.1213,
000869.SZ,张裕A,2014-07-03,22.0222,22.1568,21.8876,22.0042,1754104,0.3868,11118858816,16807577280,17.9747,
000869.SZ,张裕A,2014-07-04,21.9863,22.0581,21.6812,21.726,1612339,0.3556,10978285968,16595083440,17.7474,
000869.SZ,张裕A,2014-07-07,21.726,21.8068,21.6184,21.6722,1295751,0.2857,10951078320,16553955600,17.7034,
000869.SZ,张裕A,2014-07-08,21.6722,21.8517,21.6004,21.8068,948387,0.2091,11019097440,16656775200,17.8134,
000869.SZ,张裕A,2014-07-09,21.8068,21.8427,21.5017,21.5107,1588041,0.3502,10869455376,16430572080,17.5715,
000869.SZ,张裕A,2014-07-10,21.4927,21.6184,21.4299,21.4658,1065151,0.2349,10846782336,16396298880,17.5348,
000869.SZ,张裕A,2014-07-11,21.5391,21.7591,21.5208,21.6674,1323805,0.2919,10719813312,16204368960,17.3296,
000869.SZ,张裕A,2014-07-14,21.6674,22.3182,21.5391,22.2724,3210424,0.708,11019097440,16656775200,17.8134,
000869.SZ,张裕A,2014-07-15,22.1074,23.0973,22.0982,22.7306,6506791,1.4349,11245827840,16999507200,18.1799,
000869.SZ,张裕A,2014-07-16,22.6023,22.6757,22.2724,22.364,2534141,0.5588,11064443520,16725321600,17.8867,
000869.SZ,张裕A,2014-07-17,22.4282,22.4923,22.1715,22.2907,1448164,0.3194,11028166656,16670484480,17.8281,
000869.SZ,张裕A,2014-07-18,22.3274,23.0331,22.2724,22.7398,3890046,0.8579,11250362448,17006361840,18.1873,
000869.SZ,张裕A,2014-07-21,22.8131,22.8315,22.419,22.4923,1889575,0.4167,11127928032,16821286560,17.9893,
000869.SZ,张裕A,2014-07-22,22.4373,22.7215,22.3732,22.5748,1733904,0.3824,11168739504,16882978320,18.0553,
000869.SZ,张裕A,2014-07-23,22.584,22.8223,22.4648,22.5932,2042312,0.4504,11177808720,16896687600,18.07,
000869.SZ,张裕A,2014-07-24,22.8131,23.1981,22.5382,23.0239,3760593,0.8293,11390935296,17218855680,18.4145,
000869.SZ,张裕A,2014-07-25,23.0239,23.3356,22.969,23.2897,3973181,0.8762,11522438928,17417640240,18.6271,
000869.SZ,张裕A,2014-07-28,23.2714,24.6096,23.2439,24.5729,8048845,1.775,12157284048,18377289840,19.6534,
000869.SZ,张裕A,2014-07-29,24.6188,24.7654,24.2796,24.5546,4700826,1.0367,12148214832,18363580560,19.6387,
000869.SZ,张裕A,2014-07-30,24.4629,24.5363,24.0688,24.2521,2865945,0.632,11998572768,18137377440,19.3968,
000869.SZ,张裕A,2014-07-31,24.243,24.8479,24.1971,24.8296,3164975,0.698,12284253072,18569219760,19.8586,
000869.SZ,张裕A,2014-08-01,24.7471,25.6545,24.298,24.4996,4847639,1.069,12121007184,18322452720,19.5947,
000869.SZ,张裕A,2014-08-04,24.4996,25.8011,24.3805,25.6453,6521421,1.4381,12687833184,19179282720,20.5111,
000869.SZ,张裕A,2014-08-05,25.3062,26.0669,25.3062,25.9203,5383138,1.1871,12823871424,19384921920,20.731,
000869.SZ,张裕A,2014-08-06,25.8011,26.2869,25.5078,25.9111,3605341,0.7951,12819336816,19378067280,20.7236,
000869.SZ,张裕A,2014-08-07,25.8653,26.8002,25.7553,25.8928,4815492,1.0619,12810267600,19364358000,20.709,
000869.SZ,张裕A,2014-08-08,26.0303,26.7818,25.9203,26.4794,4692175,1.0347,13100482512,19803054960,21.1781,
000869.SZ,张裕A,2014-08-11,26.5985,26.7635,26.2227,26.571,2312180,0.5099,13145828592,19871601360,21.2514,
000869.SZ,张裕A,2014-08-12,26.3969,26.4244,25.7553,25.8561,3439460,0.7585,12792129168,19336939440,20.6797,
000869.SZ,张裕A,2014-08-13,25.737,26.3785,25.737,26.3785,3443720,0.7594,13050601824,19727653920,21.0975,
000869.SZ,张裕A,2014-08-14,26.1677,26.3785,25.737,26.0028,2648964,0.5842,12864682896,19446613680,20.7969,
000869.SZ,张裕A,2014-08-15,25.9386,26.3969,25.8194,26.1402,2582060,0.5694,12932702016,19549433280,20.9069,
000869.SZ,张裕A,2014-08-18,26.1311,27.3134,26.1311,27.176,3749716,0.8269,13445112720,20324007600,21.7353,
000869.SZ,张裕A,2014-08-19,27.1393,27.1485,26.4885,26.9102,3131016,0.6905,13313609088,20125223040,21.5227,
000869.SZ,张裕A,2014-08-20,26.7635,27.4967,26.5894,26.9651,2459911,0.5425,13340816736,20166350880,21.5667,
000869.SZ,张裕A,2014-08-21,26.8552,26.956,26.0852,26.3877,3807767,0.8397,13055136432,19734508560,21.1048,
000869.SZ,张裕A,2014-08-22,26.4427,26.4977,25.9386,26.1952,2583126,0.5696,12959909664,19590561120,20.9509,
000869.SZ,张裕A,2014-08-25,26.1677,26.5985,26.0303,26.3052,2467553,0.5442,13014324960,19672816800,21.0389,
000869.SZ,张裕A,2014-08-26,26.3602,27.0293,26.0852,26.2594,3021932,0.6664,12991651920,19638543600,21.0022,
000869.SZ,张裕A,2014-08-27,26.2686,27.3134,26.2594,27.2859,3997449,0.8815,13499528016,20406263280,21.579,
000869.SZ,张裕A,2014-08-28,27.2676,27.2676,26.3969,26.406,2665990,0.5879,13064205648,19748217840,20.8832,
000869.SZ,张裕A,2014-08-29,26.3877,27.4051,26.3694,27.3959,3003503,0.6624,13553943312,20488518960,21.666,
000869.SZ,张裕A,2014-09-01,27.5059,28.4408,27.5059,27.8817,4231741,0.9332,13794277536,20851814880,22.0502,
000869.SZ,张裕A,2014-09-02,28.0009,28.9632,27.8725,28.8258,4019930,0.8865,14261342160,21557842800,22.7968,
000869.SZ,张裕A,2014-09-03,28.6883,30.1089,28.6241,29.8615,4914812,1.0838,14773752864,22332417120,23.6159,
000869.SZ,张裕A,2014-09-04,29.9256,29.944,29.1466,29.5315,2928991,0.6459,14610506976,22085650080,23.3549,
000869.SZ,张裕A,2014-09-05,29.5315,29.7881,28.8716,29.2565,3407639,0.7515,14474468736,21880010880,23.1375,
000869.SZ,张裕A,2014-09-09,29.0824,29.6232,28.5416,28.7341,3595258,0.7928,14215996080,21489296400,22.7243,
000869.SZ,张裕A,2014-09-10,28.6058,29.4215,28.4866,29.2565,2240859,0.4942,14474468736,21880010880,23.1375,
000869.SZ,张裕A,2014-09-11,29.2565,29.2932,28.5966,28.7891,2540864,0.5603,14243203728,21530424240,22.7678,
000869.SZ,张裕A,2014-09-12,28.7799,29.0274,28.5966,28.9174,1438959,0.3173,14306688240,21626389200,22.8693,
000869.SZ,张裕A,2014-09-15,28.9907,28.9907,28.1383,28.6608,3171684,0.6994,14179719216,21434459280,22.6663,
000869.SZ,张裕A,2014-09-16,28.6883,28.7708,27.7167,27.8175,2223822,0.4904,13762535280,20803832400,21.9994,
000869.SZ,张裕A,2014-09-17,27.8542,28.1292,27.5059,27.6709,2323133,0.5123,13689981552,20694158160,21.8835,
000869.SZ,张裕A,2014-09-18,27.6801,28.3675,27.5242,28.175,1848524,0.4076,13939384992,21071163360,22.2821,
000869.SZ,张裕A,2014-09-19,28.1842,28.6608,28.0192,28.6333,2132555,0.4703,14166115392,21413895360,22.6446,
000869.SZ,张裕A,2014-09-22,28.505,28.5325,27.5151,27.6617,1775007,0.3914,13685446944,20687303520,21.8762,
000869.SZ,张裕A,2014-09-23,27.955,28.23,27.8725,27.9642,1753061,0.3866,13835089008,20913506640,22.1154,
000869.SZ,张裕A,2014-09-24,27.955,28.8166,27.79,28.6608,2210477,0.4875,14179719216,21434459280,22.6663,
000869.SZ,张裕A,2014-09-25,28.8166,29.0366,28.3308,28.4958,2032385,0.4482,14098096272,21311075760,22.5358,
000869.SZ,张裕A,2014-09-26,28.4316,28.4591,28.01,28.12,1450539,0.3199,13912177344,21030035520,22.2386,
000869.SZ,张裕A,2014-09-29,28.1108,28.3675,28.0558,28.12,1475798,0.3255,13912177344,21030035520,22.2386,
000869.SZ,张裕A,2014-09-30,28.12,28.4133,28.0925,28.285,1552549,0.3424,13993800288,21153419040,22.3691,
000869.SZ,张裕A,2014-10-08,28.4041,28.4133,27.6892,28.0192,2068215,0.4561,13862296656,20954634480,22.1589,
000869.SZ,张裕A,2014-10-09,28.0284,28.2117,27.7351,27.7717,2061565,0.4546,13739862240,20769559200,21.9632,
000869.SZ,张裕A,2014-10-10,27.6801,27.9184,27.4326,27.845,2980535,0.6573,13776139104,20824396320,22.0212,
000869.SZ,张裕A,2014-10-13,27.6801,27.7717,26.9651,27.0751,2459999,0.5425,13395232032,20248606560,21.4123,
000869.SZ,张裕A,2014-10-14,27.0385,27.1943,26.8827,27.1118,1455674,0.321,13413370464,20276025120,21.4413,
000869.SZ,张裕A,2014-10-15,27.0476,27.4784,26.9651,27.4143,1611927,0.3555,13563012528,20502228240,21.6805,
000869.SZ,张裕A,2014-10-16,27.3134,27.6801,27.1485,27.1485,1668619,0.368,13431508896,20303443680,21.4703,
000869.SZ,张裕A,2014-10-17,27.121,27.3134,26.2777,27.0935,3007206,0.6632,13404301248,20262315840,21.4268,
000869.SZ,张裕A,2014-10-20,27.0385,27.5976,26.9926,27.5334,2142200,0.4724,13621962432,20591338560,21.7747,
000869.SZ,张裕A,2014-10-21,27.4693,27.6617,27.2401,27.2401,902817,0.1991,13476854976,20371990080,21.5428,
000869.SZ,张裕A,2014-10-22,27.2309,27.6159,27.0385,27.0843,1207798,0.2664,13399766640,20255461200,21.4195,
000869.SZ,张裕A,2014-10-23,27.0843,27.2951,26.4977,26.5527,1439746,0.3175,13136759376,19857892080,20.9991,
000869.SZ,张裕A,2014-10-24,26.626,26.7635,26.1311,26.2502,1283305,0.283,12987117312,19631688960,20.7599,
000869.SZ,张裕A,2014-10-27,26.1861,26.5344,25.8469,26.3969,834357,0.184,13059671040,19741363200,20.8759,
000869.SZ,张裕A,2014-10-28,26.4152,26.956,26.4152,26.9285,1662915,0.3667,13322678304,20138932320,21.2963,
000869.SZ,张裕A,2014-10-29,27.0293,27.4143,27.0293,27.3409,1354781,0.2988,13526735664,20447391120,21.6225,
000869.SZ,张裕A,2014-10-30,27.7534,29.7515,27.6984,29.0274,7420357,1.6364,14361103536,21708644880,22.1876,
000869.SZ,张裕A,2014-10-31,29.0182,29.1466,28.4041,28.7066,2686039,0.5923,14202392256,21468732480,21.9424,
000869.SZ,张裕A,2014-11-03,28.6058,29.1007,28.4408,28.8716,2640471,0.5823,14284015200,21592116000,22.0685,
000869.SZ,张裕A,2014-11-04,28.8716,28.9632,28.065,28.1933,2612484,0.5761,13948454208,21084872640,21.5501,
000869.SZ,张裕A,2014-11-05,28.3308,28.5416,27.9642,28.0284,2203950,0.486,13866831264,20961489120,21.424,
000869.SZ,张裕A,2014-11-06,28.2117,28.395,27.9825,28.3766,1979388,0.4365,14039146368,21221965440,21.6902,
000869.SZ,张裕A,2014-11-07,28.3675,28.3675,26.5252,26.9376,5339810,1.1776,13327212912,20145786960,20.5903,
000869.SZ,张裕A,2014-11-10,26.9193,27.9825,26.9193,27.9459,3751255,0.8273,13826019792,20899797360,21.3609,
000869.SZ,张裕A,2014-11-11,27.955,27.955,26.9193,27.0751,3580679,0.7896,13395232032,20248606560,20.6954,
000869.SZ,张裕A,2014-11-12,26.9926,27.2768,26.5802,27.1576,2902216,0.64,13436043504,20310298320,20.7584,
000869.SZ,张裕A,2014-11-13,27.1301,27.1301,26.626,26.7177,2237055,0.4933,13218382320,19981275600,20.4222,
000869.SZ,张裕A,2014-11-14,26.6169,27.4326,26.5894,27.2035,2792771,0.6159,13458716544,20344571520,20.7935,
000869.SZ,张裕A,2014-11-17,27.4967,27.6617,26.8643,27.1393,3083210,0.6799,13426974288,20296589040,20.7444,
000869.SZ,张裕A,2014-11-18,27.1485,27.1851,26.791,26.8552,1869410,0.4123,13286401440,20084095200,20.5272,
000869.SZ,张裕A,2014-11-19,26.8552,26.9102,26.3877,26.461,2758252,0.6083,13091413296,19789345680,20.226,
000869.SZ,张裕A,2014-11-20,26.406,26.5252,26.2594,26.5252,1902208,0.4195,13123155552,19837328160,20.275,
000869.SZ,张裕A,2014-11-21,26.5802,26.6627,26.406,26.6169,2153882,0.475,13168501632,19905874560,20.3451,
000869.SZ,张裕A,2014-11-24,26.8735,27.1668,26.5527,26.9926,4057885,0.8949,13354420560,20186914800,20.6323,
000869.SZ,张裕A,2014-11-25,26.9926,27.4234,26.8735,27.3593,2927890,0.6457,13535804880,20461100400,20.9126,
000869.SZ,张裕A,2014-11-26,27.3684,27.6709,27.176,27.5976,3488841,0.7694,13653704688,20639321040,21.0947,
000869.SZ,张裕A,2014-11-27,27.5976,27.6159,27.176,27.4509,3646157,0.8041,13581150960,20529646800,20.9826,
000869.SZ,张裕A,2014-11-28,27.3593,27.3776,26.7635,27.0751,4466108,0.9849,13395232032,20248606560,20.6954,
000869.SZ,张裕A,2014-12-01,27.0385,28.4133,26.681,27.9825,8154892,1.7984,13844158224,20927215920,21.389,
000869.SZ,张裕A,2014-12-02,27.8634,28.3675,27.6617,28.2025,5701320,1.2573,13952988816,21091727280,21.5571,
000869.SZ,张裕A,2014-12-03,28.23,29.3024,28.2025,28.8808,7880102,1.7378,14288549808,21598970640,22.0756,
000869.SZ,张裕A,2014-12-04,28.8716,29.7881,28.7799,29.7148,6982790,1.5399,14701199136,22222742880,22.7131,
000869.SZ,张裕A,2014-12-05,30.2464,30.7047,28.23,29.3207,8035421,1.772,14506210992,21927993360,22.4118,
000869.SZ,张裕A,2014-12-08,28.9632,29.779,28.505,29.1924,6488106,1.4308,14442726480,21832028400,22.3137,
000869.SZ,张裕A,2014-12-09,29.2199,31.8871,28.5966,29.504,12086293,2.6653,14596903152,22065086160,22.552,
000869.SZ,张裕A,2014-12-10,29.7881,31.5113,29.7881,31.2271,8933681,1.9701,15449409456,23353758480,23.8691,
000869.SZ,张裕A,2014-12-11,31.2638,32.5195,30.7047,31.438,7126621,1.5716,15553705440,23511415200,24.0302,
000869.SZ,张裕A,2014-12-12,31.438,31.6213,31.053,31.3371,3721867,0.8208,15503824752,23436014160,23.9531,
000869.SZ,张裕A,2014-12-15,31.2546,32.0612,30.7047,31.5754,4085947,0.9011,15621724560,23614234800,24.1353,
000869.SZ,张裕A,2014-12-16,31.5754,31.5754,30.7047,31.0713,3617344,0.7977,15372321120,23237229600,23.75,
000869.SZ,张裕A,2014-12-17,31.0622,31.0622,30.0631,30.1456,4593912,1.0131,14914325712,22544910960,23.0424,
000869.SZ,张裕A,2014-12-18,30.1639,30.5764,30.0631,30.2464,3265661,0.7202,14964206400,22620312000,23.1194,
000869.SZ,张裕A,2014-12-19,30.0723,31.163,29.7881,30.6589,4599083,1.0142,15168263760,22928770800,23.4347,
000869.SZ,张裕A,2014-12-22,30.5214,31.6213,29.9715,31.438,6388334,1.4088,15553705440,23511415200,24.0302,
000869.SZ,张裕A,2014-12-23,31.4471,33.1519,30.998,32.4462,9598216,2.1167,16052512320,24265425600,24.8008,
000869.SZ,张裕A,2014-12-24,32.1712,32.9778,31.6213,32.2079,7041628,1.5529,15934612512,24087204960,24.6187,
000869.SZ,张裕A,2014-12-25,32.107,32.6936,31.8504,32.3087,3366256,0.7423,15984493200,24162606000,24.6958,
000869.SZ,张裕A,2014-12-26,32.3545,32.9686,32.217,32.8586,4152523,0.9157,16256569680,24573884400,25.1161,
000869.SZ,张裕A,2014-12-29,33.0419,33.3352,32.3637,32.8128,4664990,1.0288,16233896640,24539611200,25.0811,
000869.SZ,张裕A,2014-12-30,32.7211,32.7211,31.7496,31.8229,3668235,0.8089,15744158976,23799310080,24.3244,
000869.SZ,张裕A,2014-12-31,31.8229,32.1895,31.4471,31.9512,2607116,0.5749,15807643488,23895275040,24.4225,
000869.SZ,张裕A,2015-01-05,31.9512,34.6092,31.8596,34.4626,8292918,1.8288,17050126080,25773446400,26.3421,
000869.SZ,张裕A,2015-01-06,34.0043,34.3434,32.9961,33.6377,6172755,1.3613,16642011360,25156528800,25.7116,
000869.SZ,张裕A,2015-01-07,33.5644,34.5634,33.0878,33.656,3864730,0.8523,16651080576,25170238080,25.7256,
000869.SZ,张裕A,2015-01-08,33.5277,34.2884,32.9961,33.6744,3800353,0.8381,16660149792,25183947360,25.7396,
000869.SZ,张裕A,2015-01-09,33.4544,34.3526,33.3261,33.4544,5178091,1.1419,16551319200,25019436000,25.5715,
000869.SZ,张裕A,2015-01-12,33.4086,33.4177,31.9696,32.2445,3943088,0.8696,15952750944,24114623520,24.6467,
000869.SZ,张裕A,2015-01-13,32.0795,32.8128,32.0795,32.3087,2211671,0.4877,15984493200,24162606000,24.6958,
000869.SZ,张裕A,2015-01-14,32.3087,32.5287,30.8055,31.0163,4658812,1.0274,15345113472,23196101760,23.7079,
000869.SZ,张裕A,2015-01-15,31.163,31.3738,30.5489,31.3463,3118755,0.6878,15508359360,23442868800,23.9601,
000869.SZ,张裕A,2015-01-16,31.5296,32.2903,31.3921,32.0887,2984797,0.6582,15875662608,23998094640,24.5276,
000869.SZ,张裕A,2015-01-19,31.163,32.5287,29.7881,30.5031,4322032,0.9531,15091175424,22812241920,23.3156,
000869.SZ,张裕A,2015-01-20,30.5672,31.3646,30.5672,31.328,3464067,0.7639,15499290144,23429159520,23.9461,
000869.SZ,张裕A,2015-01-21,31.3738,32.0429,31.2088,31.9421,4400064,0.9703,15803108880,23888420400,24.4155,
000869.SZ,张裕A,2015-01-22,31.7496,32.3912,31.6671,31.9421,2380907,0.5251,15803108880,23888420400,24.4155,
000869.SZ,张裕A,2015-01-23,31.8046,32.0704,31.3646,31.5388,2874985,0.634,15603586128,23586816240,24.1073,
000869.SZ,张裕A,2015-01-26,31.5388,31.9879,31.4288,31.9421,2484424,0.5479,15803108880,23888420400,24.4155,
000869.SZ,张裕A,2015-01-27,31.9421,32.2537,31.3738,31.7496,2731842,0.6024,15707882112,23744472960,24.2684,
000869.SZ,张裕A,2015-01-28,31.4471,31.5296,31.0255,31.0347,2421287,0.534,15354182688,23209811040,23.7219,
000869.SZ,张裕A,2015-01-29,31.0255,31.2363,30.7872,30.9797,1390430,0.3066,15326975040,23168683200,23.6799,
000869.SZ,张裕A,2015-01-30,31.0255,31.4471,30.833,30.9613,2181125,0.481,15317905824,23154973920,23.6659,
000869.SZ,张裕A,2015-02-02,30.6589,31.163,30.5489,30.8147,1642585,0.3622,15245352096,23045299680,23.5538,
000869.SZ,张裕A,2015-02-03,30.9705,31.3463,30.9705,31.2088,1448354,0.3194,15440340240,23340049200,23.855,
000869.SZ,张裕A,2015-02-04,31.3371,31.6029,31.0347,31.1355,1887468,0.4162,15404063376,23285212080,23.799,
000869.SZ,张裕A,2015-02-05,31.3921,31.4563,30.6222,30.6405,1989533,0.4387,15159194544,22915061520,23.4207,
000869.SZ,张裕A,2015-02-06,30.6314,30.7597,29.394,29.6323,3000163,0.6616,14660387664,22161051120,22.65,
000869.SZ,张裕A,2015-02-09,29.6048,30.1548,29.3757,29.8156,1810258,0.3992,14751079824,22298143920,22.7901,
000869.SZ,张裕A,2015-02-10,29.8798,30.6589,29.8798,30.5306,2272796,0.5012,15104779248,22832805840,23.3366,
000869.SZ,张裕A,2015-02-11,30.4939,30.6589,30.3931,30.6497,1174413,0.259,15163729152,22921916160,23.4277,
000869.SZ,张裕A,2015-02-12,30.5214,30.9613,30.5031,30.723,1159259,0.2556,15200006016,22976753280,23.4837,
000869.SZ,张裕A,2015-02-13,30.7872,31.4654,30.7872,31.1538,1979174,0.4365,15413132592,23298921360,23.813,
000869.SZ,张裕A,2015-02-16,31.0347,31.6213,31.0347,31.6213,1841454,0.4061,15644397600,23648508000,24.1703,
000869.SZ,张裕A,2015-02-17,31.6946,31.9512,31.3921,31.4471,1726998,0.3808,15558240048,23518269840,24.0372,
000869.SZ,张裕A,2015-02-25,31.4471,31.6304,30.5947,30.8055,2116567,0.4668,15240817488,23038445040,23.5468,
000869.SZ,张裕A,2015-02-26,30.7964,31.438,30.723,31.438,1541717,0.34,15553705440,23511415200,24.0302,
000869.SZ,张裕A,2015-02-27,31.4471,31.9971,31.438,31.7129,2304579,0.5082,15689743680,23717054400,24.2404,
000869.SZ,张裕A,2015-03-02,31.7312,31.9421,31.1721,31.5571,3127272,0.6896,15612655344,23600525520,24.1213,
000869.SZ,张裕A,2015-03-03,31.438,31.4746,30.8788,31.0255,3089790,0.6814,15349648080,23202956400,23.7149,
000869.SZ,张裕A,2015-03-04,31.0347,31.6396,30.9063,31.6304,3292504,0.7261,15648932208,23655362640,24.1773,
000869.SZ,张裕A,2015-03-05,31.6304,32.162,31.438,32.0795,4310897,0.9507,15871128000,23991240000,24.5206,
000869.SZ,张裕A,2015-03-06,32.1712,32.6936,31.6213,31.8962,3453370,0.7616,15780435840,23854147200,24.3805,
000869.SZ,张裕A,2015-03-09,31.7129,32.5103,31.6304,32.4553,3707751,0.8177,16057046928,24272280240,24.8078,
000869.SZ,张裕A,2015-03-10,32.5836,32.6753,32.1895,32.2537,2703397,0.5962,15957285552,24121478160,24.6537,
000869.SZ,张裕A,2015-03-11,32.2629,32.8036,32.0612,32.1712,2820587,0.622,15916474080,24059786400,24.5907,
000869.SZ,张裕A,2015-03-12,32.1345,32.3453,31.6213,32.0245,3282454,0.7239,15843920352,23950112160,24.4786,
000869.SZ,张裕A,2015-03-13,32.0154,32.2354,31.8962,32.1437,2157501,0.4758,15902870256,24039222480,24.5696,
000869.SZ,张裕A,2015-03-16,32.2995,32.8128,32.2995,32.7945,4294792,0.9471,16224827424,24525901920,25.0671,
000869.SZ,张裕A,2015-03-17,32.8128,33.7293,32.6203,33.1702,4770526,1.052,16410746352,24806942160,25.3543,
000869.SZ,张裕A,2015-03-18,33.1977,33.6927,33.1244,33.5552,4166632,0.9189,16601199888,25094837040,25.6486,
000869.SZ,张裕A,2015-03-19,33.5002,33.9127,32.9686,33.1611,4923419,1.0857,16406211744,24800087520,25.3473,
000869.SZ,张裕A,2015-03-20,33.1427,33.4086,32.9044,33.1336,5018761,1.1068,16392607920,24779523600,25.3263,
000869.SZ,张裕A,2015-03-23,33.2711,33.5827,33.1519,33.5552,6058751,1.3361,16601199888,25094837040,25.6486,
000869.SZ,张裕A,2015-03-24,33.601,33.9035,32.9503,33.6927,6332666,1.3965,16669219008,25197656640,25.7536,
000869.SZ,张裕A,2015-03-25,33.711,35.0584,33.4635,34.6642,8673023,1.9126,17149887456,25924248480,26.4963,
000869.SZ,张裕A,2015-03-26,34.4626,36.1949,34.3251,35.8649,9351962,2.0624,17743921104,26822206320,27.414,
000869.SZ,张裕A,2015-03-27,35.8649,36.8823,35.315,35.3792,7619909,1.6804,17503586880,26458910400,27.0427,
000869.SZ,张裕A,2015-03-30,35.9291,37.5789,35.205,36.3049,5588885,1.2325,17961582288,27151229040,27.7503,
000869.SZ,张裕A,2015-03-31,37.4872,38.083,36.0482,36.1674,8572912,1.8906,17893563168,27048409440,27.6452,
000869.SZ,张裕A,2015-04-01,36.479,36.6807,36.1216,36.3324,5786779,1.2761,17975186112,27171792960,27.7713,
000869.SZ,张裕A,2015-04-02,36.5707,36.8915,36.2041,36.5798,5290115,1.1666,18097620528,27356868240,27.9605,
000869.SZ,张裕A,2015-04-03,36.4332,36.9556,36.2224,36.5798,5046717,1.1129,18097620528,27356868240,27.9605,
000869.SZ,张裕A,2015-04-07,36.6623,38.8437,36.6257,38.6788,8666479,1.9112,19136045760,28926580800,29.5648,
000869.SZ,张裕A,2015-04-08,39.5953,42.1434,39.5953,41.2451,13550665,2.9883,20405736000,30845880000,31.5265,
000869.SZ,张裕A,2015-04-09,40.8785,42.0425,39.2379,40.8052,9100727,2.0069,20188074816,30516857280,31.1902,
000869.SZ,张裕A,2015-04-10,40.7777,42.0609,40.2369,41.9875,7049315,1.5546,20773039248,31401105840,32.094,
000869.SZ,张裕A,2015-04-13,41.9784,43.8848,41.2451,43.2616,7820180,1.7246,21403349760,32353900800,33.0678,
000869.SZ,张裕A,2015-04-14,43.2432,43.6007,42.1159,42.1983,6149132,1.356,20877335232,31558762560,32.2551,
000869.SZ,张裕A,2015-04-15,41.9509,41.9967,39.8428,39.9803,6075017,1.3397,19779960096,29899939680,30.5597,
000869.SZ,张裕A,2015-04-16,39.8245,43.2341,39.412,42.51,8679346,1.914,21031511904,31791820320,32.4933,
000869.SZ,张裕A,2015-04-17,42.51,42.7941,41.2726,41.4284,6588805,1.453,20496428160,30982972800,31.6666,
000869.SZ,张裕A,2015-04-20,41.3826,41.4834,39.8245,40.1819,5931959,1.3082,19879721472,30050741760,30.7138,
000869.SZ,张裕A,2015-04-21,40.3286,42.2533,40.2369,41.8409,5880782,1.2969,20700485520,31291431600,31.9819,
000869.SZ,张裕A,2015-04-22,41.905,42.9866,41.8959,42.3175,5095660,1.1237,20936285136,31647872880,32.3462,
000869.SZ,张裕A,2015-04-23,42.3175,43.344,41.7034,42.7025,6776915,1.4945,21126738672,31935767760,32.6404,
000869.SZ,张裕A,2015-04-24,42.2075,42.565,41.2635,41.8134,4639670,1.0232,20686881696,31270867680,31.9609,
000869.SZ,张裕A,2015-04-27,41.9417,43.0599,41.7126,42.1617,3948069,0.8707,20859196800,31531344000,32.2271,
000869.SZ,张裕A,2015-04-28,41.9784,41.9784,40.2369,40.5577,6117437,1.3491,20065640400,30331782000,31.0234,
000869.SZ,张裕A,2015-04-29,40.4844,41.5109,40.2827,40.8968,3622533,0.7989,20233420896,30585403680,31.2828,
000869.SZ,张裕A,2015-04-30,42.0517,43.5274,41.6576,41.6667,6162367,1.359,20614327968,31161193440,29.6651,
000869.SZ,张裕A,2015-05-04,41.6117,43.344,40.9793,43.1974,6804541,1.5006,21371607504,32305918320,30.7548,
000869.SZ,张裕A,2015-05-05,43.0782,43.5457,41.5293,42.1525,5029327,1.1091,20854662192,31524489360,30.0109,
000869.SZ,张裕A,2015-05-06,42.2625,44.4439,42.1708,43.0966,7544681,1.6638,21321726816,32230517280,30.6831,
000869.SZ,张裕A,2015-05-07,43.0966,45.5529,42.9133,44.9938,9693547,2.1377,22260390672,33649427760,32.0339,
000869.SZ,张裕A,2015-05-08,44.9114,47.826,44.3614,47.8168,9162280,2.0205,23657049936,35760656880,34.0437,
000869.SZ,张裕A,2015-05-11,48.0735,48.8342,46.772,47.936,8735182,1.9263,23715999840,35849767200,34.1285,
000869.SZ,张裕A,2015-05-12,47.661,47.8443,46.497,47.8077,7208483,1.5897,23652515328,35753802240,34.0372,
000869.SZ,张裕A,2015-05-13,47.8077,50.3099,47.1478,48.3668,8283413,1.8267,23929126416,36171935280,34.4352,
000869.SZ,张裕A,2015-05-14,48.3485,48.3485,46.2862,46.4695,6630482,1.4622,22990462560,34753024800,33.0845,
000869.SZ,张裕A,2015-05-15,46.1762,47.5235,46.0387,46.5612,4858431,1.0714,23035808640,34821571200,33.1497,
000869.SZ,张裕A,2015-05-18,45.8462,46.1945,44.6364,44.6822,6944513,1.5314,22106214000,33416370000,31.812,
000869.SZ,张裕A,2015-05-19,44.4531,46.4237,44.2789,46.2862,4469939,0.9857,22899770400,34615932000,32.9539,
000869.SZ,张裕A,2015-05-20,46.2862,48.0277,45.8004,46.1945,6494124,1.4321,22854424320,34547385600,32.8887,
000869.SZ,张裕A,2015-05-21,45.9196,47.1569,45.7363,46.8086,4158496,0.9171,23158243056,35006646480,33.3259,
000869.SZ,张裕A,2015-05-22,47.4044,48.3026,46.827,48.101,5656792,1.2475,23797622784,35973150720,34.246,
000869.SZ,张裕A,2015-05-25,47.8718,50.0166,47.5419,49.8608,6180136,1.3629,24668267520,37289241600,35.4989,
000869.SZ,张裕A,2015-05-26,50.2274,51.7855,49.5858,50.0532,6204966,1.3684,24763494288,37433189040,35.6359,
000869.SZ,张裕A,2015-05-27,50.0074,50.1266,48.9534,49.4758,4628164,1.0206,24477813984,37001346720,35.2248,
000869.SZ,张裕A,2015-05-28,49.3383,51.6022,46.7628,46.9278,6361777,1.4029,23217192960,35095756800,33.4107,
000869.SZ,张裕A,2015-05-29,47.2028,47.8443,44.8839,46.0571,5129965,1.1313,22786405200,34444566000,32.7908,
000869.SZ,张裕A,2015-06-01,46.0571,48.3943,44.1781,48.266,4745336,1.0465,23879245728,36096534240,34.3635,
000869.SZ,张裕A,2015-06-02,48.3026,49.9524,47.7069,49.8149,4911207,1.083,24645594480,37254968400,35.4663,
000869.SZ,张裕A,2015-06-03,49.8516,49.8791,47.551,48.6509,4586751,1.0115,24069699264,36384429120,34.6375,
000869.SZ,张裕A,2015-06-04,48.3301,49.375,44.1873,47.6702,4994040,1.1013,23584496208,35650982640,33.9393,
000869.SZ,张裕A,2015-06-05,48.3943,49.5033,46.7445,48.5776,6288758,1.3868,24033422400,36329592000,34.5853,
000869.SZ,张裕A,2015-06-08,48.5776,50.7773,48.1376,50.649,7798679,1.7198,25058243808,37878740640,36.0601,
000869.SZ,张裕A,2015-06-09,50.649,51.6022,49.1734,49.3108,6670651,1.4711,24396191040,36877963200,35.1074,
000869.SZ,张裕A,2015-06-10,49.43,52.4638,48.6234,51.4189,7996733,1.7635,25439150880,38454530400,36.6082,
000869.SZ,张裕A,2015-06-11,51.4006,51.7855,50.0899,51.6756,6269320,1.3825,25566119904,38646460320,36.791,
000869.SZ,张裕A,2015-06-12,51.813,54.3061,51.7947,52.3355,7754128,1.71,25892611680,39139994400,37.2608,
000869.SZ,张裕A,2015-06-15,52.2347,54.0769,51.4281,52.2255,6979205,1.5391,25838196384,39057738720,37.1825,
000869.SZ,张裕A,2015-06-16,51.4098,51.4098,48.1926,48.4859,7471688,1.6477,23988076320,36261045600,34.5201,
000869.SZ,张裕A,2015-06-17,48.1193,48.9259,46.1854,48.6601,5548989,1.2237,24074233872,36391283760,34.6441,
000869.SZ,张裕A,2015-06-18,48.3668,49.6958,47.3036,47.4777,4883202,1.0769,23489269440,35507035200,33.8023,
000869.SZ,张裕A,2015-06-19,46.5612,47.2028,45.3238,45.4613,5056827,1.1152,22491655680,33999014400,32.3667,
000869.SZ,张裕A,2015-06-23,45.4613,47.1569,43.2707,47.1111,4804310,1.0595,23307885120,35232849600,33.5412,
000869.SZ,张裕A,2015-06-24,47.1569,48.1835,46.607,48.1193,5612341,1.2377,23806692000,35986860000,34.2591,
000869.SZ,张裕A,2015-06-25,48.0277,48.0277,45.223,45.7179,4163400,0.9181,22618624704,34190944320,32.5494,
000869.SZ,张裕A,2015-06-26,44.1689,45.6996,41.1535,41.3368,8254852,1.8204,20451082080,30914426400,29.4302,
000869.SZ,张裕A,2015-06-29,42.5283,43.2524,37.5881,40.6494,7726982,1.704,20110986480,30400328400,28.9407,
000869.SZ,张裕A,2015-06-30,40.3286,44.7189,39.2287,44.7189,8666019,1.9111,22124352432,33443788560,31.8381,
000869.SZ,张裕A,2015-07-01,43.9948,46.5428,42.5283,43.1424,6002237,1.3237,21344399856,32264790480,30.7157,
000869.SZ,张裕A,2015-07-02,42.9408,43.9306,39.5037,40.2644,5624647,1.2404,19920532944,30112433520,28.6667,
000869.SZ,张裕A,2015-07-03,39.9161,41.4101,36.2407,36.8915,8018235,1.7682,18251797200,27589926000,26.2653,
000869.SZ,张裕A,2015-07-06,40.576,40.576,34.8292,38.3213,7781177,1.716,18959196048,28659249840,27.2833,
000869.SZ,张裕A,2015-07-07,37.3864,38.6421,34.4901,34.4901,6781088,1.4954,17063729904,25794010320,24.5556,
000869.SZ,张裕A,2015-07-08,31.0438,34.4534,31.0438,32.9228,16539753,3.6474,16288311936,24621866880,23.4397,
000869.SZ,张裕A,2015-07-09,32.9228,36.2132,32.9228,36.2132,5011450,1.1052,17916236208,27082682640,25.7824,
000869.SZ,张裕A,2015-07-10,37.5789,39.8336,36.644,39.8336,7131419,1.5727,19707406368,29790265440,28.36,
000869.SZ,张裕A,2015-07-13,40.6484,43.4077,39.8151,42.6392,9055091,1.9969,20881869840,31565617200,30.0501,
000869.SZ,张裕A,2015-07-14,41.5744,42.4911,39.7873,40.3151,7267538,1.6027,19743683232,29845102560,28.4122,
000869.SZ,张裕A,2015-07-15,39.0281,40.0003,36.8058,37.1762,4929510,1.0871,18206451120,27521379600,26.2,
000869.SZ,张裕A,2015-07-16,37.1762,40.8984,36.0188,39.5929,5370650,1.1844,19389983808,29310440640,27.9032,
000869.SZ,张裕A,2015-07-17,39.7225,40.6947,39.7225,40.3336,7081380,1.5616,19752752448,29858811840,28.4252,
000869.SZ,张裕A,2015-07-20,40.3429,40.5373,38.8058,39.167,5074320,1.119,19181391840,28995127200,27.603,
000869.SZ,张裕A,2015-07-21,38.8429,39.5558,37.9632,38.8429,3967373,0.8749,19022680560,28755214800,27.3746,
000869.SZ,张裕A,2015-07-22,38.6114,40.1207,38.5836,39.2595,3714813,0.8192,19226737920,29063673600,27.6683,
000869.SZ,张裕A,2015-07-23,39.3151,40.1762,38.7225,40.0744,5079363,1.1201,19625783424,29666881920,28.2425,
000869.SZ,张裕A,2015-07-24,40.2781,40.5096,38.8892,39.241,5018916,1.1068,19217668704,29049964320,27.6552,
000869.SZ,张裕A,2015-07-27,38.3336,38.4262,35.3151,35.3151,6245735,1.3773,17294994912,26143596960,24.8884,
000869.SZ,张裕A,2015-07-28,34.6021,36.6299,33.0465,36.1854,6493908,1.4321,17721248064,26787933120,25.5018,
000869.SZ,张裕A,2015-07-29,36.4817,37.4818,35.4632,37.4077,3097820,0.6832,18319816320,27692745600,26.3632,
000869.SZ,张裕A,2015-07-30,37.0373,37.491,35.8336,35.8429,3493690,0.7705,17553467568,26534311440,25.2603,
000869.SZ,张裕A,2015-07-31,35.1206,36.2966,35.1206,36.0929,3257382,0.7183,17675901984,26719386720,25.4365,
000869.SZ,张裕A,2015-08-03,35.2595,36.4077,35.2595,36.3799,3347770,0.7383,17816474832,26931880560,25.6388,
000869.SZ,张裕A,2015-08-04,36.2966,38.0558,36.1762,37.8429,3186748,0.7028,18532942896,28014913680,26.6699,
000869.SZ,张裕A,2015-08-05,37.6855,38.4262,36.8521,37.1299,2478555,0.5466,18183778080,27487106400,26.1674,
000869.SZ,张裕A,2015-08-06,36.7503,37.9355,36.4725,37.5003,1846056,0.4071,18365162400,27761292000,26.4284,
000869.SZ,张裕A,2015-08-07,37.6392,38.5188,37.5466,38.0558,2901648,0.6399,18637238880,28172570400,26.8199,
000869.SZ,张裕A,2015-08-10,38.4725,39.6299,37.9632,39.4447,3553583,0.7837,19317430080,29200766400,27.7988,
000869.SZ,张裕A,2015-08-11,39.2595,39.3521,38.7225,38.8892,2759687,0.6086,19045353600,28789488000,27.4072,
000869.SZ,张裕A,2015-08-12,38.5651,38.8336,37.9725,37.9818,2368826,0.5224,18600962016,28117733280,26.7677,
000869.SZ,张裕A,2015-08-13,37.6392,38.5744,37.6021,38.4447,2081988,0.4591,18827692416,28460465280,27.094,
000869.SZ,张裕A,2015-08-14,38.6114,39.2595,38.2688,38.454,2234261,0.4927,18832227024,28467319920,27.1005,
000869.SZ,张裕A,2015-08-17,38.5095,38.5929,37.6021,38.0744,2905143,0.6407,18646308096,28186279680,26.833,
000869.SZ,张裕A,2015-08-18,37.991,38.4818,35.6947,36.3429,4169455,0.9195,17798336400,26904462000,25.6127,
000869.SZ,张裕A,2015-08-19,35.7132,37.6206,35.3151,37.5651,2816435,0.6211,18396904656,27809274480,26.4741,
000869.SZ,张裕A,2015-08-20,37.0651,37.2966,36.3336,36.5743,1909433,0.4211,17911701600,27075828000,25.7759,
000869.SZ,张裕A,2015-08-21,36.0558,36.2966,34.2595,34.7966,3035431,0.6694,17041056864,25759737120,24.523,
000869.SZ,张裕A,2015-08-24,33.3428,33.6114,31.315,31.315,5840568,1.288,15336044256,23182392480,22.0694,
000869.SZ,张裕A,2015-08-25,30.3243,31.6206,28.7039,29.0095,4977056,1.0976,14206926864,21475587120,20.4445,
000869.SZ,张裕A,2015-08-26,29.815,30.8613,29.0928,29.5187,2789404,0.6151,14456330304,21852592320,20.8034,
000869.SZ,张裕A,2015-08-27,30.0928,31.5743,30.0558,31.4725,3106133,0.685,15413132592,23298921360,22.1803,
000869.SZ,张裕A,2015-08-28,32.9539,33.8891,32.6854,33.1762,4266984,0.941,16247500464,24560175120,22.621,
000869.SZ,张裕A,2015-08-31,33.1854,34.8614,32.6947,34.0928,2903563,0.6403,16696426656,25238784480,23.246,
000869.SZ,张裕A,2015-09-01,33.8799,34.1021,32.2225,33.3336,2333363,0.5146,16324588800,24676704000,22.7283,
000869.SZ,张裕A,2015-09-02,31.9447,34.6854,31.9447,34.6854,3431626,0.7568,16986641568,25677481440,23.65,
000869.SZ,张裕A,2015-09-07,34.5373,35.278,32.4076,32.991,5136585,1.1328,16156808304,24423082320,22.4947,
000869.SZ,张裕A,2015-09-08,32.5928,33.778,32.3151,33.6391,3225836,0.7114,16474230864,24902907120,22.9366,
000869.SZ,张裕A,2015-09-09,33.9817,34.7966,33.7965,34.6669,3468093,0.7648,16977572352,25663772160,23.6374,
000869.SZ,张裕A,2015-09-10,34.2595,35.0558,33.5743,33.8984,2879500,0.635,16601199888,25094837040,23.1134,
000869.SZ,张裕A,2015-09-11,33.7965,34.0836,33.0002,33.3336,1409066,0.3107,16324588800,24676704000,22.7283,
000869.SZ,张裕A,2015-09-14,33.3984,33.5465,30.4354,31.3613,2835677,0.6253,15358717296,23216665680,21.3835,
000869.SZ,张裕A,2015-09-15,31.0187,32.4076,29.6298,29.7595,3111289,0.6861,14574230112,22030812960,20.2913,
000869.SZ,张裕A,2015-09-16,30.0928,32.7225,29.5373,32.4076,3123069,0.6887,15871128000,23991240000,22.0969,
000869.SZ,张裕A,2015-09-17,31.8984,32.3984,31.2595,31.3891,3202239,0.7062,15372321120,23237229600,21.4025,
000869.SZ,张裕A,2015-09-18,31.5002,31.8336,30.8058,31.528,1854663,0.409,15440340240,23340049200,21.4972,
000869.SZ,张裕A,2015-09-21,31.5558,32.6669,31.065,32.5465,1767936,0.3899,15939147120,24094059600,22.1916,
000869.SZ,张裕A,2015-09-22,32.5465,33.2965,32.2688,32.991,2547059,0.5617,16156808304,24423082320,22.4947,
000869.SZ,张裕A,2015-09-23,32.5095,33.5095,32.5002,33.278,2321958,0.5121,16297381152,24635576160,22.6904,
000869.SZ,张裕A,2015-09-24,33.2595,33.4077,32.778,33.1484,1298365,0.2863,16233896640,24539611200,22.602,
000869.SZ,张裕A,2015-09-25,33.3336,33.3336,32.4539,32.778,922542,0.2034,16052512320,24265425600,22.3495,
000869.SZ,张裕A,2015-09-28,32.6299,33.7965,32.2225,33.4632,1405297,0.3099,16388073312,24772668960,22.8167,
000869.SZ,张裕A,2015-09-29,33.0002,33.8243,32.778,33.3706,1429848,0.3153,16342727232,24704122560,22.7535,
000869.SZ,张裕A,2015-09-30,33.4447,33.6021,33.0928,33.2595,674972,0.1488,16288311936,24621866880,22.6778,
000869.SZ,张裕A,2015-10-08,34.3151,34.991,34.1114,34.1206,1436863,0.3169,16710030480,25259348400,23.2649,
000869.SZ,张裕A,2015-10-09,34.0373,34.3984,33.8058,34.1484,1061442,0.2341,16723634304,25279912320,23.2839,
000869.SZ,张裕A,2015-10-12,34.2688,35.4447,34.2132,35.3058,3408546,0.7517,17290460304,26136742320,24.073,
000869.SZ,张裕A,2015-10-13,35.0466,35.2595,34.6762,34.8984,2818705,0.6216,17090937552,25835138160,23.7953,
000869.SZ,张裕A,2015-10-14,34.991,35.2595,34.7225,34.7225,1732616,0.3821,17004780000,25704900000,23.6753,
000869.SZ,张裕A,2015-10-15,34.704,35.6762,34.6021,35.3706,2404238,0.5302,17322202560,26184724800,24.1172,
000869.SZ,张裕A,2015-10-16,35.5373,35.8799,35.1206,35.8336,2442736,0.5387,17548932960,26527456800,24.4329,
000869.SZ,张裕A,2015-10-19,35.9817,36.6206,35.1762,36.528,3917266,0.8639,17889028560,27041554800,24.9064,
000869.SZ,张裕A,2015-10-20,36.528,36.528,35.7595,36.1484,2032961,0.4483,17703109632,26760514560,24.6476,
000869.SZ,张裕A,2015-10-21,36.1021,36.1021,34.0558,34.6669,3217148,0.7095,16977572352,25663772160,23.6374,
000869.SZ,张裕A,2015-10-22,34.6206,35.1854,34.5373,35.0743,1905489,0.4202,17177095104,25965376320,23.9152,
000869.SZ,张裕A,2015-10-23,35.1854,36.3799,35.0743,36.1392,3539424,0.7805,17698575024,26753659920,24.6412,
000869.SZ,张裕A,2015-10-26,36.1947,36.3614,35.704,36.2966,2309016,0.5092,17775663360,26870188800,24.7486,
000869.SZ,张裕A,2015-10-27,36.2595,36.2688,35.0928,36.1484,2972754,0.6556,17703109632,26760514560,24.6476,
000869.SZ,张裕A,2015-10-28,35.4262,35.6391,34.5188,34.6114,5770075,1.2725,16950364704,25622644320,24.1369,
000869.SZ,张裕A,2015-10-29,34.6114,34.8243,33.991,34.2688,3461771,0.7634,16782584208,25369022640,23.898,
000869.SZ,张裕A,2015-10-30,34.4077,34.4077,33.3336,33.8891,4033437,0.8895,16596665280,25087982400,23.6332,
000869.SZ,张裕A,2015-11-02,33.4262,33.954,33.0373,33.2595,4064841,0.8964,16288311936,24621866880,23.1942,
000869.SZ,张裕A,2015-11-03,33.3058,33.8243,33.1021,33.7039,2291662,0.5054,16505973120,24950889600,23.5041,
000869.SZ,张裕A,2015-11-04,33.6854,34.7966,33.4447,34.778,3904444,0.861,17031987648,25746027840,24.2531,
000869.SZ,张裕A,2015-11-05,34.7317,35.3706,34.4262,34.9077,4636146,1.0224,17095472160,25841992800,24.3435,
000869.SZ,张裕A,2015-11-06,34.7225,35.3521,34.5651,35.3336,4102869,0.9048,17304064128,26157306240,24.6406,
000869.SZ,张裕A,2015-11-09,35.3336,36.3151,35.0743,36.1114,6188982,1.3648,17684971200,26733096000,25.183,
000869.SZ,张裕A,2015-11-10,35.8336,36.1577,35.3706,35.8336,3656255,0.8063,17548932960,26527456800,24.9893,
000869.SZ,张裕A,2015-11-11,35.6669,36.1947,35.4632,35.8336,3164779,0.6979,17548932960,26527456800,24.9893,
000869.SZ,张裕A,2015-11-12,35.7595,35.9169,35.2873,35.3984,2558236,0.5642,17335806384,26205288720,24.6858,
000869.SZ,张裕A,2015-11-13,35.3706,35.6021,34.9077,35.1854,2771570,0.6112,17231510400,26047632000,24.5372,
000869.SZ,张裕A,2015-11-16,34.3521,35.1854,34.3521,35.1854,1326442,0.2925,17231510400,26047632000,24.5372,
000869.SZ,张裕A,2015-11-17,35.278,36.0095,35.2595,35.8799,4151218,0.9155,17571606000,26561730000,25.0215,
000869.SZ,张裕A,2015-11-18,36.0188,36.4262,35.278,36.3521,4185066,0.9229,17802871008,26911316640,25.3509,
000869.SZ,张裕A,2015-11-19,36.3521,36.6021,36.1299,36.5188,2893403,0.6381,17884493952,27034700160,25.4671,
000869.SZ,张裕A,2015-11-20,36.3799,36.5651,35.991,36.4077,2726202,0.6012,17830078656,26952444480,25.3896,
000869.SZ,张裕A,2015-11-23,36.3892,36.3984,35.6206,36.0188,1959943,0.4322,17639625120,26664549600,25.1184,
000869.SZ,张裕A,2015-11-24,35.991,36.0188,35.4632,35.9447,957385,0.2111,17603348256,26609712480,25.0667,
000869.SZ,张裕A,2015-11-25,36.0743,36.2503,35.8336,36.204,2389971,0.5271,17730317280,26801642400,25.2475,
000869.SZ,张裕A,2015-11-26,36.4262,37.7966,36.4262,37.278,6015325,1.3265,18256331808,27596780640,25.9966,
000869.SZ,张裕A,2015-11-27,37.3058,37.6855,35.3799,36.3799,5010551,1.105,17816474832,26931880560,25.3702,
000869.SZ,张裕A,2015-11-30,36.1947,36.5003,35.5003,36.2595,2965783,0.654,17757524928,26842770240,25.2863,
000869.SZ,张裕A,2015-12-01,36.2966,39.8892,36.2966,39.8892,9561142,2.1085,19535091264,29529789120,27.8175,
000869.SZ,张裕A,2015-12-02,38.8892,41.667,38.0651,40.9447,10849331,2.3926,20052036576,30311218080,28.5536,
000869.SZ,张裕A,2015-12-03,40.5559,41.491,40.2781,41.0096,5076021,1.1194,20083778832,30359200560,28.5988,
000869.SZ,张裕A,2015-12-04,40.6484,43.1855,40.3244,41.5466,6271966,1.3831,20346786096,30756769680,28.9733,
000869.SZ,张裕A,2015-12-07,41.667,44.3337,41.667,43.3429,4982367,1.0987,21226500048,32086569840,30.226,
000869.SZ,张裕A,2015-12-08,43.4262,43.4262,40.7873,41.4262,4926521,1.0864,20287836192,30667659360,28.8894,
000869.SZ,张裕A,2015-12-09,41.204,41.8429,40.8336,41.2966,2739951,0.6042,20224351680,30571694400,28.799,
000869.SZ,张裕A,2015-12-10,41.2596,41.9448,40.704,40.741,2553702,0.5632,19952275200,30160416000,28.4116,
000869.SZ,张裕A,2015-12-11,40.4818,40.6484,39.6299,40.1207,2694210,0.5941,19648456464,29701155120,27.9789,
000869.SZ,张裕A,2015-12-14,40.0188,41.2966,40.0188,41.0188,2342556,0.5166,20088313440,30366055200,28.6053,
000869.SZ,张裕A,2015-12-15,40.8151,42.6022,40.7873,41.7318,3309649,0.7299,20437478256,30893862480,29.1025,
000869.SZ,张裕A,2015-12-16,41.8522,42.8244,41.4818,42.5836,2996053,0.6607,20854662192,31524489360,29.6965,
000869.SZ,张裕A,2015-12-17,42.241,43.0096,42.241,42.5929,2893399,0.6381,20859196800,31531344000,29.703,
000869.SZ,张裕A,2015-12-18,42.5929,42.5929,41.1114,41.1114,3195679,0.7047,20133659520,30434601600,28.6698,
000869.SZ,张裕A,2015-12-21,41.4818,45.0651,41.2966,43.9818,6964048,1.5358,21539388000,32559540000,30.6716,
000869.SZ,张裕A,2015-12-22,43.8892,44.3429,43.0559,43.5559,3402567,0.7504,21330796032,32244226560,30.3745,
000869.SZ,张裕A,2015-12-23,43.2596,44.5281,43.0651,43.3151,3672415,0.8099,21212896224,32066005920,30.2066,
000869.SZ,张裕A,2015-12-24,43.6207,44.4448,43.1485,43.8892,2669655,0.5887,21494041920,32490993600,30.607,
000869.SZ,张裕A,2015-12-25,43.8707,43.8799,42.5929,43.2966,2982083,0.6576,21203827008,32052296640,30.1937,
000869.SZ,张裕A,2015-12-28,43.4262,43.4262,41.2133,41.4818,2826216,0.6233,20315043840,30708787200,28.9281,
000869.SZ,张裕A,2015-12-29,41.1947,41.6485,40.8336,41.4077,2142957,0.4726,20278766976,30653950080,28.8765,
000869.SZ,张裕A,2015-12-30,41.5003,41.6577,40.741,41.0188,2127229,0.4691,20088313440,30366055200,28.6053,
000869.SZ,张裕A,2015-12-31,41.167,42.5929,41.167,42.3892,4546445,1.0026,20759435424,31380541920,29.5609,
000869.SZ,张裕A,2016-01-04,41.667,42.1762,39.0373,39.1947,2151399,0.4744,19194995664,29015691120,27.3332,
000869.SZ,张裕A,2016-01-05,37.3151,40.2225,37.3058,39.0929,3045481,0.6716,19145114976,28940290080,27.2622,
000869.SZ,张裕A,2016-01-06,39.4447,39.8799,38.3244,39.3521,2565288,0.5657,19272084000,29132220000,27.443,
000869.SZ,张裕A,2016-01-07,38.704,38.7966,36.454,36.6114,1150100,0.2536,17929840032,27103246560,25.5317,
000869.SZ,张裕A,2016-01-08,37.5836,37.7595,35.9354,37.1947,3309437,0.7298,18215520336,27535088880,25.9385,
000869.SZ,张裕A,2016-01-11,36.8336,37.1392,34.6947,34.7225,2655352,0.5856,17004780000,25704900000,24.2144,
000869.SZ,张裕A,2016-01-12,35.0928,35.1854,34.0743,34.6854,2619046,0.5776,16986641568,25677481440,24.1886,
000869.SZ,张裕A,2016-01-13,34.954,35.6577,34.6114,34.6299,2734657,0.6031,16959433920,25636353600,24.1498,
000869.SZ,张裕A,2016-01-14,34.2595,36.0836,33.8706,36.0373,2325641,0.5129,17648694336,26678258880,25.1313,
000869.SZ,张裕A,2016-01-15,35.741,36.3151,35.0188,35.278,2118367,0.4672,17276856480,26116178400,24.6018,
000869.SZ,张裕A,2016-01-18,34.9725,35.8614,34.0743,35.3429,1724748,0.3804,17308598736,26164160880,24.647,
000869.SZ,张裕A,2016-01-19,35.3429,36.3614,35.1669,36.1762,2259445,0.4983,17716713456,26781078480,25.2282,
000869.SZ,张裕A,2016-01-20,36.0003,36.1114,34.1206,34.454,4080719,0.8999,16873276368,25506115440,24.0271,
000869.SZ,张裕A,2016-01-21,33.991,34.4632,32.4262,32.6391,2810706,0.6198,15984493200,24162606000,22.7615,
000869.SZ,张裕A,2016-01-22,33.3336,33.7873,32.4076,32.8706,2113420,0.4661,16097858400,24333972000,22.923,
000869.SZ,张裕A,2016-01-25,33.0095,33.7965,32.9632,33.0373,2058320,0.4539,16179481344,24457355520,23.0392,
000869.SZ,张裕A,2016-01-26,32.778,33.0095,31.3891,31.4817,2537005,0.5595,15417667200,23305776000,21.9544,
000869.SZ,张裕A,2016-01-27,31.5187,31.5743,29.7224,30.7502,2986480,0.6586,15059433168,22764259440,21.4443,
000869.SZ,张裕A,2016-01-28,30.528,30.9724,29.9076,30.1576,1423982,0.314,14769218256,22325562480,21.031,
000869.SZ,张裕A,2016-01-29,30.1021,31.2039,30.1021,30.9632,2843671,0.6271,15163729152,22921916160,21.5928,
000869.SZ,张裕A,2016-02-01,30.8243,31.1113,30.3706,30.7965,1647345,0.3633,15082106208,22798532640,21.4765,
000869.SZ,张裕A,2016-02-02,30.9354,31.6854,30.8613,31.4817,1615997,0.3564,15417667200,23305776000,21.9544,
000869.SZ,张裕A,2016-02-03,31.065,31.2687,30.6854,31.1391,1565992,0.3453,15249886704,23052154320,21.7155,
000869.SZ,张裕A,2016-02-04,31.2965,31.8428,31.241,31.4076,2106543,0.4645,15381390336,23250938880,21.9027,
000869.SZ,张裕A,2016-02-05,31.5836,31.7317,31.0373,31.1113,1818338,0.401,15236282880,23031590400,21.6961,
000869.SZ,张裕A,2016-02-15,30.3706,30.6484,29.7687,30.4354,2383318,0.5256,14905256496,22531201680,21.2247,
000869.SZ,张裕A,2016-02-16,30.5558,31.6206,30.5373,31.4817,2525112,0.5569,15417667200,23305776000,21.9544,
000869.SZ,张裕A,2016-02-17,31.3058,31.7595,31.028,31.5928,2454388,0.5413,15472082496,23388031680,22.0319,
000869.SZ,张裕A,2016-02-18,31.9447,32.1021,31.4539,31.4817,2188302,0.4826,15417667200,23305776000,21.9544,
000869.SZ,张裕A,2016-02-19,31.3521,31.7595,31.1113,31.3058,1929888,0.4256,15331509648,23175537840,21.8317,
000869.SZ,张裕A,2016-02-22,31.528,33.3521,31.528,33.241,3613087,0.7968,16279242720,24608157600,23.1812,
000869.SZ,张裕A,2016-02-23,33.241,33.3151,32.5465,32.6391,3382103,0.7458,15984493200,24162606000,22.7615,
000869.SZ,张裕A,2016-02-24,32.5928,33.3151,32.2965,33.241,2535302,0.5591,16279242720,24608157600,23.1812,
000869.SZ,张裕A,2016-02-25,33.028,33.1947,30.5558,31.3521,3094479,0.6824,15354182688,23209811040,21.864,
000869.SZ,张裕A,2016-02-26,31.3428,31.7225,30.9447,31.4354,2273428,0.5014,15394994160,23271502800,21.9221,
000869.SZ,张裕A,2016-02-29,31.3891,31.3891,28.7317,29.5465,2653258,0.5851,14469934128,21873156240,20.6048,
000869.SZ,张裕A,2016-03-01,29.3521,30.1669,29.3335,30.0187,2255778,0.4975,14701199136,22222742880,20.9341,
000869.SZ,张裕A,2016-03-02,30.0373,31.241,30.0373,31.1299,1703493,0.3757,15245352096,23045299680,21.709,
000869.SZ,张裕A,2016-03-03,31.4817,31.8336,31.065,31.1947,1940742,0.428,15277094352,23093282160,21.7542,
000869.SZ,张裕A,2016-03-04,31.0187,32.1113,30.6206,31.7873,3468307,0.7649,15567309264,23531979120,22.1675,
000869.SZ,张裕A,2016-03-07,31.7132,32.5651,31.7132,32.1299,2410094,0.5315,15735089760,23785600800,22.4064,
000869.SZ,张裕A,2016-03-08,31.6113,32.1299,30.6669,31.5836,1469442,0.3241,15467547888,23381177040,22.0254,
000869.SZ,张裕A,2016-03-09,31.3799,31.3799,30.6484,30.8799,992160,0.2188,15122917680,22860224400,21.5347,
000869.SZ,张裕A,2016-03-10,30.8613,31.4354,30.5743,30.5743,1482786,0.327,14973275616,22634021280,21.3216,
000869.SZ,张裕A,2016-03-11,30.4817,30.8891,30.1298,30.5187,1149699,0.2535,14946067968,22592893440,21.2828,
000869.SZ,张裕A,2016-03-14,30.8336,31.7502,30.7965,31.3984,1862748,0.4108,15376855728,23244084240,21.8963,
000869.SZ,张裕A,2016-03-15,31.3891,31.6484,31.065,31.4447,1576193,0.3476,15399528768,23278357440,21.9286,
000869.SZ,张裕A,2016-03-16,31.5373,31.8058,31.028,31.2039,1428948,0.3151,15281628960,23100136800,21.7607,
000869.SZ,张裕A,2016-03-17,31.4076,32.1113,31.3058,31.8428,2303614,0.508,15594516912,23573106960,22.2062,
000869.SZ,张裕A,2016-03-18,32.2132,32.5743,32.0002,32.5002,4382279,0.9664,15916474080,24059786400,22.6647,
000869.SZ,张裕A,2016-03-21,32.6947,33.2688,32.5465,33.1021,3171753,0.6995,16211223600,24505338000,23.0844,
000869.SZ,张裕A,2016-03-22,32.9262,33.3336,32.7132,33.0558,2361381,0.5207,16188550560,24471064800,23.0521,
000869.SZ,张裕A,2016-03-23,33.0095,33.2595,32.6206,33.0095,2123725,0.4683,16165877520,24436791600,23.0198,
000869.SZ,张裕A,2016-03-24,32.6669,33.7873,32.3891,32.991,2070713,0.4566,16156808304,24423082320,23.0069,
000869.SZ,张裕A,2016-03-25,32.5465,33.3336,32.5465,32.8984,1854866,0.409,16111462224,24354535920,22.9423,
000869.SZ,张裕A,2016-03-28,33.0465,35.1484,32.9539,33.7595,5198794,1.1465,16533180768,24992017440,23.5428,
000869.SZ,张裕A,2016-03-29,33.7039,34.2317,33.0002,33.2595,1718421,0.379,16288311936,24621866880,23.1942,
000869.SZ,张裕A,2016-03-30,33.5928,34.2317,33.5928,34.1484,1915987,0.4225,16723634304,25279912320,23.814,
000869.SZ,张裕A,2016-03-31,34.2595,34.8706,34.1484,34.204,1839716,0.4057,16750841952,25321040160,23.8528,
000869.SZ,张裕A,2016-04-01,34.1021,34.7317,33.8521,34.4725,2462888,0.5431,16882345584,25519824720,24.04,
000869.SZ,张裕A,2016-04-05,34.5003,35.1669,33.6669,35.0095,3703082,0.8166,17145352848,25917393840,24.4146,
000869.SZ,张裕A,2016-04-06,34.8151,35.1299,34.454,35.0743,2141437,0.4722,17177095104,25965376320,24.4598,
000869.SZ,张裕A,2016-04-07,35.0836,35.278,34.3058,34.3058,1709704,0.377,16800722640,25396441200,23.9238,
000869.SZ,张裕A,2016-04-08,34.1669,34.241,33.7317,34.0465,2129775,0.4697,16673753616,25204511280,23.743,
000869.SZ,张裕A,2016-04-11,34.1762,35.2317,34.1114,34.7225,2335514,0.515,17004780000,25704900000,24.2144,
000869.SZ,张裕A,2016-04-12,34.8151,35.0743,34.0002,34.3151,980509,0.2162,16805257248,25403295840,23.9303,
000869.SZ,张裕A,2016-04-13,34.3243,35.1762,34.2595,34.2595,1852648,0.4086,16778049600,25362168000,23.8915,
000869.SZ,张裕A,2016-04-14,34.4632,34.7688,34.1484,34.4354,1507102,0.3324,16864207152,25492406160,24.0142,
000869.SZ,张裕A,2016-04-15,34.3521,34.9447,34.3521,34.6947,1473244,0.3249,16991176176,25684336080,24.195,
000869.SZ,张裕A,2016-04-18,34.5373,34.5373,33.6669,33.8336,1253882,0.2765,16569457632,25046854560,23.5945,
000869.SZ,张裕A,2016-04-19,33.9817,34.2225,33.5928,33.6669,1425497,0.3144,16487834688,24923471040,23.4783,
000869.SZ,张裕A,2016-04-20,33.8706,34.4262,32.1391,32.5188,2807727,0.6192,15925543296,24073495680,22.6776,
000869.SZ,张裕A,2016-04-21,32.5095,33.7502,32.4169,33.241,2241346,0.4943,16279242720,24608157600,23.1812,
000869.SZ,张裕A,2016-04-22,33.0558,34.3243,33.028,34.2503,1675887,0.3696,16773514992,25355313360,23.8851,
000869.SZ,张裕A,2016-04-25,34.2595,34.2595,33.4725,33.8706,999157,0.2203,16587596064,25074273120,23.6203,
000869.SZ,张裕A,2016-04-26,34.028,34.2595,33.7132,34.2595,901722,0.1989,16778049600,25362168000,23.8915,
000869.SZ,张裕A,2016-04-27,34.278,34.7132,34.2688,34.4262,1503242,0.3315,16859672544,25485551520,24.0078,
000869.SZ,张裕A,2016-04-28,34.278,34.5373,33.0465,33.8428,2120278,0.4676,16573992240,25053709200,23.601,
000869.SZ,张裕A,2016-04-29,33.3336,35.1391,32.8706,34.6114,4500721,0.9925,16950364704,25622644320,24.8746,
000869.SZ,张裕A,2016-05-03,34.9817,37.0836,34.3614,36.4725,5120789,1.1293,17861820912,27000426960,25.8964,
000869.SZ,张裕A,2016-05-04,36.5466,36.741,35.954,35.9725,2601694,0.5737,17616952080,26630276400,25.5414,
000869.SZ,张裕A,2016-05-05,36.0743,36.4077,35.7873,36.1021,1224103,0.2699,17680436592,26726241360,25.6334,
000869.SZ,张裕A,2016-05-06,35.954,36.6484,34.8428,34.9169,2792820,0.6159,17100006768,25848847440,24.7919,
000869.SZ,张裕A,2016-05-09,34.5373,35.3151,34.1484,35.0095,2501127,0.5516,17145352848,25917393840,24.8577,
000869.SZ,张裕A,2016-05-10,34.9077,36.278,34.7225,36.1762,2667985,0.5884,17716713456,26781078480,25.686,
000869.SZ,张裕A,2016-05-11,36.2503,38.1484,35.6484,36.2966,5873827,1.2953,17775663360,26870188800,25.7715,
000869.SZ,张裕A,2016-05-12,35.7317,37.0373,34.9354,37.0373,2645349,0.5834,18138432000,27418560000,26.2974,
000869.SZ,张裕A,2016-05-13,36.6762,37.8151,36.5558,37.0558,2359670,0.5204,18147501216,27432269280,26.3106,
000869.SZ,张裕A,2016-05-16,36.8521,37.5743,36.0651,37.5188,1727375,0.3809,18374231616,27775001280,26.6393,
000869.SZ,张裕A,2016-05-17,37.1299,37.5003,36.1299,36.2966,2472981,0.5454,17775663360,26870188800,25.7715,
000869.SZ,张裕A,2016-05-18,35.9447,36.3706,34.5465,35.0095,2980712,0.6573,17145352848,25917393840,24.8577,
000869.SZ,张裕A,2016-05-19,35.0743,35.4632,34.778,35.1299,2123534,0.4683,17204302752,26006504160,24.9431,
000869.SZ,张裕A,2016-05-20,34.991,35.454,34.5373,35.204,1170685,0.2582,17240579616,26061341280,24.9957,
000869.SZ,张裕A,2016-05-23,35.1947,35.454,35.0188,35.204,1573363,0.347,17240579616,26061341280,24.9957,
000869.SZ,张裕A,2016-05-24,35.0651,35.1854,34.6947,34.9447,816560,0.1801,17113610592,25869411360,24.8116,
000869.SZ,张裕A,2016-05-25,35.1669,35.2503,34.5651,34.8058,721025,0.159,17045591472,25766591760,24.713,
000869.SZ,张裕A,2016-05-26,34.9077,35.0558,33.9632,34.6762,1144844,0.2525,16982106960,25670626800,24.621,
000869.SZ,张裕A,2016-05-27,34.6299,34.9077,34.4447,34.7132,803160,0.1771,17000245392,25698045360,24.6473,
000869.SZ,张裕A,2016-05-30,34.454,34.6391,34.0002,34.3891,808707,0.1783,16841534112,25458132960,24.4172,
000869.SZ,张裕A,2016-05-31,34.4077,35.4632,34.3614,35.3521,2870705,0.6331,17313133344,26171015520,25.1009,
000869.SZ,张裕A,2016-06-01,35.4169,35.5836,34.991,35.028,1969791,0.4344,17154422064,25931103120,24.8708,
000869.SZ,张裕A,2016-06-02,35.1762,35.4169,35.1114,35.3614,1437745,0.3171,17317667952,26177870160,25.1075,
000869.SZ,张裕A,2016-06-03,35.3429,36.9725,35.1947,36.3058,3908169,0.8619,17780197968,26877043440,25.7781,
000869.SZ,张裕A,2016-06-06,36.1299,36.9169,36.1299,36.5188,2562682,0.5651,17884493952,27034700160,25.9293,
000869.SZ,张裕A,2016-06-07,36.9355,36.9355,36.1299,36.4169,2126769,0.469,17834613264,26959299120,25.857,
000869.SZ,张裕A,2016-06-08,36.4725,36.4725,35.6299,35.6947,2039094,0.4497,17480913840,26424637200,25.3442,
000869.SZ,张裕A,2016-06-13,35.1854,35.6021,34.6577,34.6577,1893488,0.4176,16973037744,25656917520,24.6078,
000869.SZ,张裕A,2016-06-14,34.6762,35.0928,34.1762,34.7225,1631642,0.3598,17004780000,25704900000,24.6539,
000869.SZ,张裕A,2016-06-15,34.6206,35.9354,34.3428,35.704,2105644,0.4643,17485448448,26431491840,25.3507,
000869.SZ,张裕A,2016-06-16,35.704,36.5558,35.204,36.4077,2709570,0.5975,17830078656,26952444480,25.8504,
000869.SZ,张裕A,2016-06-17,36.8521,37.6484,36.4262,36.5929,3441265,0.7589,17920770816,27089537280,25.9819,
000869.SZ,张裕A,2016-06-20,36.6299,37.5003,36.1299,37.0836,2694272,0.5942,18161105040,27452833200,26.3303,
000869.SZ,张裕A,2016-06-21,37.241,37.3892,36.0003,36.3058,2043739,0.4507,17780197968,26877043440,25.7781,
000869.SZ,张裕A,2016-06-22,36.0188,36.6669,36.0188,36.6669,1315536,0.2901,17957047680,27144374400,26.0345,
000869.SZ,张裕A,2016-06-23,36.5743,36.8984,36.028,36.1669,1270654,0.2802,17712178848,26774223840,25.6795,
000869.SZ,张裕A,2016-06-24,36.2132,36.5743,35.1854,35.7595,1830890,0.4038,17512656096,26472619680,25.3902,
000869.SZ,张裕A,2016-06-27,35.454,36.8336,35.2873,36.5929,1768398,0.39,17920770816,27089537280,25.9819,
000869.SZ,张裕A,2016-06-28,36.528,36.8799,36.3799,36.8151,1657281,0.3655,18029601408,27254048640,26.1397,
000869.SZ,张裕A,2016-06-29,36.9818,36.991,36.1947,36.3058,2149245,0.474,17780197968,26877043440,25.7781,
000869.SZ,张裕A,2016-06-30,36.4262,37.5003,36.2132,37.204,3514422,0.775,18220054944,27541943520,26.4158,
000869.SZ,张裕A,2016-07-01,37.3429,37.3429,36.7595,37.1299,1911291,0.4215,18183778080,27487106400,26.3632,
000869.SZ,张裕A,2016-07-04,36.8521,37.5095,36.8151,37.4818,2178130,0.4803,18356093184,27747582720,26.613,
000869.SZ,张裕A,2016-07-05,37.4725,37.7781,37.2595,37.5003,2260420,0.4985,18365162400,27761292000,26.6262,
000869.SZ,张裕A,2016-07-06,37.5373,39.2966,36.991,39.2318,6379212,1.4068,19213134096,29043109680,27.8556,
000869.SZ,张裕A,2016-07-07,39.213,39.6815,38.5946,38.9226,5259159,1.1598,18836761632,28474174560,27.3099,
000869.SZ,张裕A,2016-07-08,38.6977,39.3442,38.3791,38.9694,2892898,0.638,18859434672,28508447760,27.3428,
000869.SZ,张裕A,2016-07-11,38.8101,41.1245,38.8008,39.9158,6181642,1.3632,19317430080,29200766400,28.0068,
000869.SZ,张裕A,2016-07-12,39.8596,41.7523,39.644,40.5061,6015486,1.3266,19603110384,29632608720,28.421,
000869.SZ,张裕A,2016-07-13,40.5904,41.2088,39.8314,40.0938,3385986,0.7467,19403587632,29331004560,28.1317,
000869.SZ,张裕A,2016-07-14,40.1032,40.3281,39.3067,39.4004,2110340,0.4654,19068026640,28823761200,27.6452,
000869.SZ,张裕A,2016-07-15,39.541,40.478,39.3255,40.4592,3102554,0.6842,19580437344,29598335520,28.3881,
000869.SZ,张裕A,2016-07-18,40.3749,41.1151,39.3255,39.5503,3081819,0.6796,19140580368,28933435440,27.7504,
000869.SZ,张裕A,2016-07-19,39.541,39.541,38.3885,38.782,2890216,0.6374,18768742512,28371354960,27.2113,
000869.SZ,张裕A,2016-07-20,38.8382,39.288,38.4916,38.8851,1256741,0.2771,18818623200,28446756000,27.2836,
000869.SZ,张裕A,2016-07-21,38.8851,39.2786,38.4166,38.6602,2109941,0.4653,18709792608,28282244640,27.1258,
000869.SZ,张裕A,2016-07-22,38.5384,38.8476,37.8638,38.1261,2010314,0.4433,18451319952,27891530160,26.7511,
000869.SZ,张裕A,2016-07-25,37.9481,38.5852,37.7138,38.0605,2134367,0.4707,18419577696,27843547680,26.7051,
000869.SZ,张裕A,2016-07-26,38.0793,38.8008,37.9856,38.782,1756912,0.3874,18768742512,28371354960,27.2113,
000869.SZ,张裕A,2016-07-27,38.8101,39.0256,37.0111,37.7138,3098948,0.6834,18251797200,27589926000,26.4618,
000869.SZ,张裕A,2016-07-28,37.4796,38.5852,37.4796,38.4634,2704348,0.5964,18614565840,28138297200,26.9878,
000869.SZ,张裕A,2016-07-29,38.4634,39.6347,38.2292,38.857,3504434,0.7728,18805019376,28426192080,27.2639,
000869.SZ,张裕A,2016-08-01,38.857,39.0631,36.5426,37.4702,3246252,0.7159,18133897392,27411705360,26.2909,
000869.SZ,张裕A,2016-08-02,37.3391,37.8169,37.058,37.7607,1419553,0.313,18274470240,27624199200,26.4947,
000869.SZ,张裕A,2016-08-03,37.5639,37.9668,37.3859,37.7513,1129313,0.249,18269935632,27617344560,26.4881,
000869.SZ,张裕A,2016-08-04,37.7794,38.0418,37.4046,37.9949,1064132,0.2347,18387835440,27795565200,26.659,
000869.SZ,张裕A,2016-08-05,37.9294,38.0512,37.3672,37.3672,1219917,0.269,18084016704,27336304320,26.2185,
000869.SZ,张裕A,2016-08-08,37.414,38.1823,37.2922,38.098,1442655,0.3181,18437716128,27870966240,26.7313,
000869.SZ,张裕A,2016-08-09,38.1168,38.6977,37.9012,38.5384,1742273,0.3842,18650842704,28193134320,27.0403,
000869.SZ,张裕A,2016-08-10,38.1636,38.6508,38.1636,38.2948,898016,0.198,18532942896,28014913680,26.8694,
000869.SZ,张裕A,2016-08-11,38.1636,39.1474,38.0418,38.4541,2197667,0.4846,18610031232,28131442560,26.9812,
000869.SZ,张裕A,2016-08-12,38.426,39.2411,38.1636,39.1849,1695791,0.374,18963730656,28666104480,27.494,
000869.SZ,张裕A,2016-08-15,39.2224,40.0938,38.9882,39.5785,3291249,0.7258,19154184192,28953999360,27.7701,
000869.SZ,张裕A,2016-08-16,39.6628,39.8221,39.0256,39.0725,2801398,0.6178,18909315360,28583848800,27.4151,
000869.SZ,张裕A,2016-08-17,39.2786,39.5316,38.8382,39.0725,1473114,0.3249,18909315360,28583848800,27.4151,
000869.SZ,张裕A,2016-08-18,39.0256,39.2599,38.8195,39.0725,1812046,0.3996,18909315360,28583848800,27.4151,
000869.SZ,张裕A,2016-08-19,38.9319,39.3442,38.9226,39.0725,1302898,0.2873,18909315360,28583848800,27.4151,
000869.SZ,张裕A,2016-08-22,38.9975,39.2037,38.8851,39.0163,1080800,0.2383,18882107712,28542720960,27.3756,
000869.SZ,张裕A,2016-08-23,38.8851,39.4473,38.7914,39.1006,1532110,0.3379,18922919184,28604412720,27.4348,
000869.SZ,张裕A,2016-08-24,39.1568,39.3442,38.7164,38.8945,922131,0.2034,18823157808,28453610640,27.2902,
000869.SZ,张裕A,2016-08-25,38.5665,38.857,37.9575,38.4916,1394477,0.3075,18628169664,28158861120,27.0075,
000869.SZ,张裕A,2016-08-26,38.2948,38.6321,37.9387,38.1168,1215701,0.2681,18446785344,27884675520,26.7445,
000869.SZ,张裕A,2016-08-29,37.4796,37.8357,36.4958,36.552,3838616,0.8465,17689505808,26739950640,27.3125,
000869.SZ,张裕A,2016-08-30,36.6457,36.7862,35.9055,36.1959,4002767,0.8827,17517190704,26479474320,27.0465,
000869.SZ,张裕A,2016-08-31,36.1678,36.3927,35.9992,36.3646,1932085,0.4261,17598813648,26602857840,27.1725,
000869.SZ,张裕A,2016-09-01,36.3646,36.3646,35.9992,36.046,1621279,0.3575,17444636976,26369800080,26.9345,
000869.SZ,张裕A,2016-09-02,35.9804,36.2615,35.8961,36.0647,883015,0.1947,17453706192,26383509360,26.9485,
000869.SZ,张裕A,2016-09-05,36.3552,36.4302,36.0835,36.1584,1469617,0.3241,17499052272,26452055760,27.0185,
000869.SZ,张裕A,2016-09-06,36.2896,36.3927,35.4182,36.3646,1937150,0.4272,17598813648,26602857840,27.1725,
000869.SZ,张裕A,2016-09-07,36.2615,36.6269,36.2428,36.4489,1748015,0.3855,17639625120,26664549600,27.2355,
000869.SZ,张裕A,2016-09-08,36.2615,36.5426,36.2147,36.2615,1353460,0.2985,17548932960,26527456800,27.0955,
000869.SZ,张裕A,2016-09-09,36.3552,36.4021,35.8867,35.8867,1460594,0.3221,17367548640,26253271200,26.8154,
000869.SZ,张裕A,2016-09-12,35.6056,35.6056,34.1064,34.3407,3029122,0.668,16619338320,25122255600,25.6602,
000869.SZ,张裕A,2016-09-13,34.5,34.5749,34.1158,34.5468,1460757,0.3221,16719099696,25273057680,25.8142,
000869.SZ,张裕A,2016-09-14,34.3407,34.6124,34.1064,34.5468,1106520,0.244,16719099696,25273057680,25.8142,
000869.SZ,张裕A,2016-09-19,34.6499,34.9404,34.5562,34.7155,850532,0.1876,16800722640,25396441200,25.9403,
000869.SZ,张裕A,2016-09-20,34.6124,34.8654,34.6124,34.7436,621097,0.137,16814326464,25417005120,25.9613,
000869.SZ,张裕A,2016-09-21,34.7061,34.7998,34.6405,34.7155,530137,0.1169,16800722640,25396441200,25.9403,
000869.SZ,张裕A,2016-09-22,34.856,35.2215,34.7811,34.931,1098298,0.2422,16905018624,25554097920,26.1013,
000869.SZ,张裕A,2016-09-23,34.9778,35.0434,34.7998,34.8841,612630,0.1351,16882345584,25519824720,26.0663,
000869.SZ,张裕A,2016-09-26,34.8748,34.8748,34.5375,34.7249,1094972,0.2415,16805257248,25403295840,25.9473,
000869.SZ,张裕A,2016-09-27,34.3875,34.6967,34.247,34.5843,811086,0.1789,16737238128,25300476240,25.8422,
000869.SZ,张裕A,2016-09-28,34.7436,34.7436,34.1908,34.2095,968926,0.2137,16555853808,25026290640,25.5622,
000869.SZ,张裕A,2016-09-29,34.3126,34.5093,34.2001,34.3407,962383,0.2122,16619338320,25122255600,25.6602,
000869.SZ,张裕A,2016-09-30,34.3313,34.6312,34.2001,34.4063,975615,0.2151,16651080576,25170238080,25.7092,
000869.SZ,张裕A,2016-10-10,34.6874,35.0153,34.5093,34.9497,1492329,0.3291,16914087840,25567807200,26.1153,
000869.SZ,张裕A,2016-10-11,34.931,35.0996,34.8748,35.0247,1014005,0.2236,16950364704,25622644320,26.1713,
000869.SZ,张裕A,2016-10-12,35.0153,35.2215,34.856,35.1465,910921,0.2009,17009314608,25711754640,26.2623,
000869.SZ,张裕A,2016-10-13,35.1933,35.2308,34.9497,34.9872,899374,0.1983,16932226272,25595225760,26.1433,
000869.SZ,张裕A,2016-10-14,35.0341,35.4182,34.8935,35.1746,925860,0.2042,17022918432,25732318560,26.2833,
000869.SZ,张裕A,2016-10-17,35.1371,35.4182,34.9122,34.9872,1211395,0.2671,16932226272,25595225760,26.1433,
000869.SZ,张裕A,2016-10-18,34.9685,35.4932,34.9685,35.4651,1205149,0.2658,17163491280,25944812400,26.5004,
000869.SZ,张裕A,2016-10-19,35.4182,35.6337,35.1933,35.2964,1050580,0.2317,17081868336,25821428880,26.3744,
000869.SZ,张裕A,2016-10-20,35.3058,35.4651,35.0903,35.1933,816468,0.1801,17031987648,25746027840,26.2973,
000869.SZ,张裕A,2016-10-21,35.2308,35.287,34.8092,35.0903,906679,0.1999,16982106960,25670626800,26.2203,
000869.SZ,张裕A,2016-10-24,34.9872,35.5588,34.9685,35.5494,1524114,0.3361,17204302752,26006504160,26.5634,
000869.SZ,张裕A,2016-10-25,35.54,35.6806,35.3433,35.6337,1347975,0.2973,17245114224,26068195920,26.6264,
000869.SZ,张裕A,2016-10-26,35.5681,36.5239,35.5119,35.9242,2970798,0.6551,17385687072,26280689760,26.8435,
000869.SZ,张裕A,2016-10-27,35.8773,35.8773,35.4182,35.5026,1422131,0.3136,17181629712,25972230960,26.5284,
000869.SZ,张裕A,2016-10-28,35.5307,35.6712,35.0622,35.1465,1643721,0.3625,17009314608,25711754640,26.4528,
000869.SZ,张裕A,2016-10-31,35.1278,35.3714,35.0059,35.2777,932700,0.2057,17072799120,25807719600,26.5515,
000869.SZ,张裕A,2016-11-01,35.3152,35.5869,35.3152,35.5681,957172,0.2111,17213371968,26020213440,26.7702,
000869.SZ,张裕A,2016-11-02,35.4651,35.5494,35.1933,35.2777,1013291,0.2235,17072799120,25807719600,26.5515,
000869.SZ,张裕A,2016-11-03,35.287,35.5026,35.0153,35.3058,1135213,0.2503,17086402944,25828283520,26.5727,
000869.SZ,张裕A,2016-11-04,35.2964,35.4089,35.0622,35.109,935015,0.2062,16991176176,25684336080,26.4246,
000869.SZ,张裕A,2016-11-07,35.109,35.2496,35.0247,35.1746,669931,0.1477,17022918432,25732318560,26.474,
000869.SZ,张裕A,2016-11-08,35.2402,35.5026,35.1652,35.3995,998434,0.2202,17131749024,25896829920,26.6432,
000869.SZ,张裕A,2016-11-09,35.5213,35.5494,34.678,34.9872,1202857,0.2653,16932226272,25595225760,26.3329,
000869.SZ,张裕A,2016-11-10,35.2027,35.5119,35.1559,35.3714,1441618,0.3179,17118145200,25876266000,26.6221,
000869.SZ,张裕A,2016-11-11,35.4932,35.6993,35.3152,35.69,1312675,0.2895,17272321872,26109323760,26.8618,
000869.SZ,张裕A,2016-11-14,35.6806,35.9617,35.4651,35.5869,1537693,0.3391,17222441184,26033922720,26.7843,
000869.SZ,张裕A,2016-11-15,35.6056,35.8492,35.4182,35.7368,1289798,0.2844,17294994912,26143596960,26.8971,
000869.SZ,张裕A,2016-11-16,35.7087,35.8773,35.6244,35.6618,1253589,0.2764,17258718048,26088759840,26.8407,
000869.SZ,张裕A,2016-11-17,35.5775,35.6993,35.4276,35.54,863284,0.1904,17199768144,25999649520,26.749,
000869.SZ,张裕A,2016-11-18,35.6806,35.6806,35.2683,35.3245,805147,0.1776,17095472160,25841992800,26.5868,
000869.SZ,张裕A,2016-11-21,35.3245,35.6244,35.287,35.3901,918451,0.2025,17127214416,25889975280,26.6362,
000869.SZ,张裕A,2016-11-22,35.3995,35.8867,35.3245,35.8867,1636374,0.3609,17367548640,26253271200,27.0099,
000869.SZ,张裕A,2016-11-23,35.9148,36.4302,35.6525,36.1584,2261439,0.4987,17499052272,26452055760,27.2144,
000869.SZ,张裕A,2016-11-24,36.1303,36.3833,35.9336,36.1772,1661031,0.3663,17508121488,26465765040,27.2285,
000869.SZ,张裕A,2016-11-25,36.121,37.8169,35.8961,37.7232,4649081,1.0252,18256331808,27596780640,28.3922,
000869.SZ,张裕A,2016-11-28,37.5265,37.5733,37.0205,37.0954,2917222,0.6433,17952513072,27137519760,27.9197,
000869.SZ,张裕A,2016-11-29,37.0954,38.3042,36.9455,37.2266,3745128,0.8259,18015997584,27233484720,28.0184,
000869.SZ,张裕A,2016-11-30,37.1704,37.1704,36.4395,36.5614,2327370,0.5132,17694040416,26746805280,27.5177,
000869.SZ,张裕A,2016-12-01,36.6363,37.1048,36.552,37.0486,2237590,0.4934,17929840032,27103246560,27.8844,
000869.SZ,张裕A,2016-12-02,36.9643,37.3859,36.3927,36.4302,1878827,0.4143,17630555904,26650840320,27.419,
000869.SZ,张裕A,2016-12-05,36.0835,37.0111,35.7743,36.0554,2658800,0.5863,17449171584,26376654720,27.1369,
000869.SZ,张裕A,2016-12-06,36.0554,36.1491,35.8867,35.9336,1164661,0.2568,17390221680,26287544400,27.0452,
000869.SZ,张裕A,2016-12-07,36.0273,36.1772,35.793,36.0835,1370846,0.3023,17462775408,26397218640,27.158,
000869.SZ,张裕A,2016-12-08,36.0835,36.9643,35.9523,36.4489,2221083,0.4898,17639625120,26664549600,27.4331,
000869.SZ,张裕A,2016-12-09,36.2521,36.7113,36.2147,36.3271,1408998,0.3107,17580675216,26575439280,27.3414,
000869.SZ,张裕A,2016-12-12,36.4583,36.7113,34.856,34.9029,2768105,0.6104,16891414800,25533534000,26.2694,
000869.SZ,张裕A,2016-12-13,34.856,35.3152,34.5749,35.0528,1342070,0.296,16963968528,25643208240,26.3823,
000869.SZ,张裕A,2016-12-14,34.9122,35.0434,34.172,34.247,2145117,0.4731,16573992240,25053709200,25.7758,
000869.SZ,张裕A,2016-12-15,34.172,34.4531,33.919,34.1439,1435323,0.3165,16524111552,24978308160,25.6982,
000869.SZ,张裕A,2016-12-16,34.1533,34.3875,34.1064,34.2938,895866,0.1976,16596665280,25087982400,25.8111,
000869.SZ,张裕A,2016-12-19,34.1533,34.4812,34.0127,34.1814,1027035,0.2265,16542249984,25005726720,25.7264,
000869.SZ,张裕A,2016-12-20,34.2282,34.2938,34.0127,34.2938,871474,0.1922,16596665280,25087982400,25.8111,
000869.SZ,张裕A,2016-12-21,34.2938,34.8279,34.2938,34.6874,1170076,0.258,16787118816,25375877280,26.1072,
000869.SZ,张裕A,2016-12-22,34.6686,34.856,34.425,34.7904,741443,0.1635,16836999504,25451278320,26.1848,
000869.SZ,张裕A,2016-12-23,34.678,34.7811,34.3875,34.5656,717010,0.1581,16728168912,25286766960,26.0156,
000869.SZ,张裕A,2016-12-26,34.4063,34.4719,33.4505,34.0877,1273016,0.2807,16496903904,24937180320,25.6559,
000869.SZ,张裕A,2016-12-27,34.0877,34.1252,33.8347,34.0315,1060087,0.2338,16469696256,24896052480,25.6136,
000869.SZ,张裕A,2016-12-28,34.0502,34.0502,33.3475,33.4974,1562150,0.3445,16211223600,24505338000,25.2116,
000869.SZ,张裕A,2016-12-29,33.4787,33.4787,33.2163,33.2819,1378280,0.3039,16106927616,24347681280,25.0494,
000869.SZ,张裕A,2016-12-30,33.3006,33.8066,33.2725,33.7316,1641885,0.3621,16324588800,24676704000,25.3879,
000869.SZ,张裕A,2017-01-03,33.7879,34.5562,33.741,34.0408,1221554,0.2694,16474230864,24902907120,25.6206,
000869.SZ,张裕A,2017-01-04,33.9565,34.4625,33.9565,34.3407,1350854,0.2979,16619338320,25122255600,25.8463,
000869.SZ,张裕A,2017-01-05,34.3875,34.4625,34.0783,34.1439,921504,0.2032,16524111552,24978308160,25.6982,
000869.SZ,张裕A,2017-01-06,34.1439,34.3501,34.0596,34.069,823686,0.1816,16487834688,24923471040,25.6418,
000869.SZ,张裕A,2017-01-09,34.069,34.2376,33.994,34.2376,829256,0.1829,16569457632,25046854560,25.7687,
000869.SZ,张裕A,2017-01-10,34.2845,34.2845,33.9471,33.994,985283,0.2173,16451557824,24868633920,25.5854,
000869.SZ,张裕A,2017-01-11,33.994,33.994,33.3568,33.3662,1212237,0.2673,16147739088,24409373040,25.1129,
000869.SZ,张裕A,2017-01-12,33.3756,33.6661,33.3756,33.4505,815231,0.1798,16188550560,24471064800,25.1764,
000869.SZ,张裕A,2017-01-13,33.5442,33.6286,33.1507,33.1507,779930,0.172,16043443104,24251716320,24.9507,
000869.SZ,张裕A,2017-01-16,33.1788,33.2069,31.8108,32.3917,1629971,0.3595,15676139856,23696490480,24.3795,
000869.SZ,张裕A,2017-01-17,32.3262,32.8883,32.3262,32.804,876665,0.1933,15875662608,23998094640,24.6898,
000869.SZ,张裕A,2017-01-18,32.879,33.0289,32.6822,32.6822,823224,0.1815,15816712704,23908984320,24.5981,
000869.SZ,张裕A,2017-01-19,32.7759,32.9165,32.6073,32.8883,613247,0.1352,15916474080,24059786400,24.7532,
000869.SZ,张裕A,2017-01-20,32.8883,33.2444,32.879,33.0664,789975,0.1742,16002631632,24190024560,24.8872,
000869.SZ,张裕A,2017-01-23,33.0664,33.4505,33.0476,33.1788,709853,0.1565,16057046928,24272280240,24.9718,
000869.SZ,张裕A,2017-01-24,33.1788,33.3006,32.8509,32.9352,755403,0.1666,15939147120,24094059600,24.7885,
000869.SZ,张裕A,2017-01-25,32.7947,33.1226,32.7947,33.0476,511173,0.1127,15993562416,24176315280,24.8731,
000869.SZ,张裕A,2017-01-26,33.1226,33.2163,33.0664,33.1882,411636,0.0908,16061581536,24279134880,24.9789,
000869.SZ,张裕A,2017-02-03,33.2069,33.2631,32.879,32.9071,496963,0.1096,15925543296,24073495680,24.7673,
000869.SZ,张裕A,2017-02-06,32.9071,33.1507,32.9071,33.1132,554985,0.1224,16025304672,24224297760,24.9225,
000869.SZ,张裕A,2017-02-07,33.1132,33.1976,32.982,33.1601,586986,0.1294,16047977712,24258570960,24.9577,
000869.SZ,张裕A,2017-02-08,33.1507,33.4412,32.9165,33.3943,704122,0.1553,16161342912,24429936960,25.134,
000869.SZ,张裕A,2017-02-09,33.3475,33.7691,33.2725,33.6379,1086367,0.2396,16279242720,24608157600,25.3174,
000869.SZ,张裕A,2017-02-10,33.6379,33.7879,33.488,33.563,912452,0.2012,16242965856,24553320480,25.261,
000869.SZ,张裕A,2017-02-13,33.563,34.3688,33.4974,33.9659,2408260,0.5311,16437954000,24848070000,25.5642,
000869.SZ,张裕A,2017-02-14,33.9753,33.9753,33.4693,33.5911,1673948,0.3691,16256569680,24573884400,25.2821,
000869.SZ,张裕A,2017-02-15,33.6379,33.8066,33.3568,33.4037,1371341,0.3024,16165877520,24436791600,25.1411,
000869.SZ,张裕A,2017-02-16,33.4787,33.4787,33.1694,33.3662,1372385,0.3026,16147739088,24409373040,25.1129,
000869.SZ,张裕A,2017-02-17,33.3756,33.6005,33.1039,33.2257,1924694,0.4244,16079719968,24306553440,25.0071,
000869.SZ,张裕A,2017-02-20,33.2163,34.1533,33.1226,33.9378,3873049,0.8541,16424350176,24827506080,25.5431,
000869.SZ,张裕A,2017-02-21,34.0127,34.0127,33.6473,33.9097,2780916,0.6133,16410746352,24806942160,25.5219,
000869.SZ,张裕A,2017-02-22,33.919,34.5093,33.8534,34.4906,4677338,1.0315,16691892048,25231929840,25.9591,
000869.SZ,张裕A,2017-02-23,34.4438,34.8092,34.1064,34.3313,2783369,0.6138,16614803712,25115400960,25.8393,
000869.SZ,张裕A,2017-02-24,34.2282,34.3782,33.9378,34.2376,1628285,0.3591,16569457632,25046854560,25.7687,
000869.SZ,张裕A,2017-02-27,34.2376,34.2938,33.5442,33.741,1739398,0.3836,16329123408,24683558640,25.395,
000869.SZ,张裕A,2017-02-28,33.741,33.9659,33.6942,33.9284,1020818,0.2251,16419815568,24820651440,25.536,
000869.SZ,张裕A,2017-03-01,33.8816,34.1533,33.8066,33.9753,1368841,0.3019,16442488608,24854924640,25.5713,
000869.SZ,张裕A,2017-03-02,34.1533,34.1533,33.4599,33.488,1536318,0.3388,16206688992,24498483360,25.2046,
000869.SZ,张裕A,2017-03-03,33.4787,33.7785,33.4318,33.6942,1176990,0.2596,16306450368,24649285440,25.3597,
000869.SZ,张裕A,2017-03-06,33.6473,34.0596,33.6192,34.0315,1187382,0.2618,16469696256,24896052480,25.6136,
000869.SZ,张裕A,2017-03-07,34.069,34.5562,33.9471,34.2095,2156606,0.4756,16555853808,25026290640,25.7476,
000869.SZ,张裕A,2017-03-08,34.247,34.6312,33.9659,34.5562,1591305,0.3509,16723634304,25279912320,26.0085,
000869.SZ,张裕A,2017-03-09,34.4812,36.8237,34.4063,34.8185,3544073,0.7816,16850603328,25471842240,26.206,
000869.SZ,张裕A,2017-03-10,34.8467,35.0059,34.3126,34.3969,2122319,0.468,16646545968,25163383440,25.8886,
000869.SZ,张裕A,2017-03-13,34.4344,34.753,34.1064,34.7342,2178839,0.4805,16809791856,25410150480,26.1425,
000869.SZ,张裕A,2017-03-14,34.6686,34.7623,34.2564,34.3875,1745045,0.3848,16642011360,25156528800,25.8816,
000869.SZ,张裕A,2017-03-15,34.3594,34.5656,34.1627,34.2564,1470179,0.3242,16578526848,25060563840,25.7828,
000869.SZ,张裕A,2017-03-16,34.3875,34.753,34.3875,34.6686,2124553,0.4685,16778049600,25362168000,26.0931,
000869.SZ,张裕A,2017-03-17,34.6686,34.9872,34.5187,34.5375,2083785,0.4595,16714565088,25266203040,25.9944,
000869.SZ,张裕A,2017-03-20,34.5375,34.9872,34.5,34.931,1397428,0.3082,16905018624,25554097920,26.2906,
000869.SZ,张裕A,2017-03-21,34.8373,36.2147,34.8373,35.7836,5518971,1.2171,17317667952,26177870160,26.9324,
000869.SZ,张裕A,2017-03-22,35.5307,36.2803,35.2308,36.2053,4870701,1.0741,17521725312,26486328960,27.2497,
000869.SZ,张裕A,2017-03-23,36.1866,36.1866,35.3807,35.7368,2814331,0.6206,17294994912,26143596960,26.8971,
000869.SZ,张裕A,2017-03-24,35.8492,36.5332,35.6993,36.2147,3413833,0.7528,17526259920,26493183600,27.2568,
000869.SZ,张裕A,2017-03-27,36.224,36.224,35.5681,35.7462,2334158,0.5147,17299529520,26150451600,26.9041,
000869.SZ,张裕A,2017-03-28,35.6993,36.0741,35.0809,35.1465,2197808,0.4847,17009314608,25711754640,26.4528,
000869.SZ,张裕A,2017-03-29,35.2402,35.4838,35.0903,35.184,1665529,0.3673,17027453040,25739173200,26.481,
000869.SZ,张裕A,2017-03-30,35.1746,35.3152,34.5749,34.6124,2324655,0.5126,16750841952,25321040160,26.0508,
000869.SZ,张裕A,2017-03-31,34.6499,34.7623,34.3032,34.5562,2215911,0.4887,16723634304,25279912320,26.0085,
000869.SZ,张裕A,2017-04-05,34.6218,35.3901,34.5656,35.2215,1719729,0.3792,17045591472,25766591760,26.5092,
000869.SZ,张裕A,2017-04-06,35.2308,35.2308,34.8841,35.0528,1402775,0.3093,16963968528,25643208240,26.3823,
000869.SZ,张裕A,2017-04-07,35.0434,35.0434,34.6312,34.7623,1332045,0.2938,16823395680,25430714400,26.1637,
000869.SZ,张裕A,2017-04-10,34.7717,34.8092,33.9659,34.0034,2298891,0.507,16456092432,24875488560,25.5924,
000869.SZ,张裕A,2017-04-11,33.994,34.2751,33.8816,34.1908,1535734,0.3387,16546784592,25012581360,25.7335,
000869.SZ,张裕A,2017-04-12,34.1908,34.3219,33.8253,34.1908,1293615,0.2853,16546784592,25012581360,25.7335,
000869.SZ,张裕A,2017-04-13,34.0596,34.4812,33.9003,34.3501,1063570,0.2345,16623872928,25129110240,25.8534,
000869.SZ,张裕A,2017-04-14,34.3313,34.425,33.9284,34.0127,1233636,0.272,16460627040,24882343200,25.5995,
000869.SZ,张裕A,2017-04-17,34.0127,34.3782,33.8722,34.2938,1243525,0.2742,16596665280,25087982400,25.8111,
000869.SZ,张裕A,2017-04-18,34.2282,34.9497,34.2001,34.5749,2007076,0.4426,16732703520,25293621600,26.0226,
000869.SZ,张裕A,2017-04-19,34.5,34.6405,33.9471,34.3126,1580169,0.3485,16605734496,25101691680,25.8252,
000869.SZ,张裕A,2017-04-20,34.2001,35.868,34.1439,35.5869,4329835,0.9548,17222441184,26033922720,26.7843,
000869.SZ,张裕A,2017-04-21,35.5213,35.5588,35.0247,35.2402,2268307,0.5002,17054660688,25780301040,26.5233,
000869.SZ,张裕A,2017-04-24,35.0996,35.0996,33.1413,33.3194,3602567,0.7945,16125066048,24375099840,24.8103,
000869.SZ,张裕A,2017-04-25,33.4505,33.563,33.1976,33.2069,1742845,0.3843,16070650752,24292844160,24.7265,
000869.SZ,张裕A,2017-04-26,33.1788,33.3662,31.7546,31.8577,4648551,1.0251,15417667200,23305776000,23.7218,
000869.SZ,张裕A,2017-04-27,31.9514,31.9514,30.8176,31.6422,2518018,0.5553,15313371216,23148119280,23.5614,
000869.SZ,张裕A,2017-04-28,31.4735,31.5859,31.2299,31.5485,1402603,0.3093,15268025136,23079572880,24.1345,
000869.SZ,张裕A,2017-05-02,31.614,32.0263,31.4454,31.8577,1563181,0.3447,15417667200,23305776000,24.3711,
000869.SZ,张裕A,2017-05-03,31.764,31.9607,31.6703,31.764,910733,0.2008,15372321120,23237229600,24.2994,
000869.SZ,张裕A,2017-05-04,31.7265,31.8108,31.4173,31.4454,844675,0.1863,15218144448,23004171840,24.0557,
000869.SZ,张裕A,2017-05-05,31.5766,31.5766,30.9207,31.0144,1401310,0.309,15009552480,22688858400,23.726,
000869.SZ,张裕A,2017-05-08,30.8832,31.1549,30.7145,30.7989,849778,0.1874,14905256496,22531201680,23.5611,
000869.SZ,张裕A,2017-05-09,30.7989,31.0987,30.752,30.9863,629969,0.1389,14995948656,22668294480,23.7045,
000869.SZ,张裕A,2017-05-10,31.0612,31.2767,30.6208,30.6583,787890,0.1738,14837237376,22428382080,23.4536,
000869.SZ,张裕A,2017-05-11,30.6677,30.827,29.5152,30.2835,1885139,0.4157,14655853056,22154196480,23.1669,
000869.SZ,张裕A,2017-05-12,30.0774,30.4241,30.068,30.2554,597876,0.1318,14642249232,22133632560,23.1454,
000869.SZ,张裕A,2017-05-15,30.2648,30.7052,30.2648,30.4428,864351,0.1906,14732941392,22270725360,23.2887,
000869.SZ,张裕A,2017-05-16,30.4522,31.183,30.2648,31.1643,1276926,0.2816,15082106208,22798532640,23.8406,
000869.SZ,张裕A,2017-05-17,31.1643,31.2486,30.9488,30.9675,1236961,0.2728,14986879440,22654585200,23.6901,
000869.SZ,张裕A,2017-05-18,30.9488,31.1081,30.7426,30.9488,685502,0.1512,14977810224,22640875920,23.6758,
000869.SZ,张裕A,2017-05-19,30.827,31.0518,30.6771,30.7333,685619,0.1512,14873514240,22483219200,23.5109,
000869.SZ,张裕A,2017-05-22,30.7333,30.9207,30.2929,30.4615,903909,0.1993,14742010608,22284434640,23.3031,
000869.SZ,张裕A,2017-05-23,30.3023,30.9394,30.3023,30.4522,1242721,0.2741,14737476000,22277580000,23.2959,
000869.SZ,张裕A,2017-05-24,30.3116,30.6396,30.1711,30.5178,1128972,0.249,14769218256,22325562480,23.3461,
000869.SZ,张裕A,2017-05-25,30.5927,31.183,30.3678,31.005,1460039,0.322,15005017872,22682003760,23.7188,
000869.SZ,张裕A,2017-05-26,31.1362,32.5698,31.1268,31.7265,2485850,0.5482,15354182688,23209811040,24.2707,
000869.SZ,张裕A,2017-05-31,31.9607,32.1388,31.4922,31.511,1509167,0.3328,15249886704,23052154320,24.1059,
000869.SZ,张裕A,2017-06-01,31.4079,32.0919,31.3704,31.5766,1504169,0.3317,15281628960,23100136800,24.156,
000869.SZ,张裕A,2017-06-02,31.5766,31.9326,31.5297,31.8483,1409652,0.3109,15413132592,23298921360,24.3639,
000869.SZ,张裕A,2017-06-05,31.8764,32.5791,31.6796,32.1856,1754207,0.3868,15576378480,23545688400,24.622,
000869.SZ,张裕A,2017-06-06,32.1856,32.3262,31.8202,31.9326,1077657,0.2377,15453944064,23360613120,24.4284,
000869.SZ,张裕A,2017-06-07,32.1294,32.5136,31.9795,32.4011,2071775,0.4569,15680674464,23703345120,24.7868,
000869.SZ,张裕A,2017-06-08,32.3917,33.132,32.2231,32.9727,2189234,0.4828,15957285552,24121478160,25.2241,
000869.SZ,张裕A,2017-06-09,32.982,33.9097,32.8883,33.9097,3817896,0.8419,16410746352,24806942160,25.9409,
000869.SZ,张裕A,2017-06-12,33.9003,34.9872,33.5911,33.6848,3558981,0.7848,16301915760,24642430800,25.7688,
000869.SZ,张裕A,2017-06-13,33.7035,33.9659,33.3756,33.9659,1545767,0.3409,16437954000,24848070000,25.9839,
000869.SZ,张裕A,2017-06-14,33.9565,33.9565,33.2725,33.563,1368067,0.3017,16242965856,24553320480,25.6756,
000869.SZ,张裕A,2017-06-15,33.488,33.7223,33.3568,33.563,1021754,0.2253,16242965856,24553320480,25.6756,
000869.SZ,张裕A,2017-06-16,33.563,33.6005,32.6447,32.701,1999113,0.4409,15825781920,23922693600,25.0162,
000869.SZ,张裕A,2017-06-19,32.701,33.1788,32.6073,33.0664,1283620,0.2831,16002631632,24190024560,25.2957,
000869.SZ,张裕A,2017-06-20,33.1132,33.3475,32.5604,32.6728,1449752,0.3197,15812178096,23902129680,24.9947,
000869.SZ,张裕A,2017-06-21,32.7572,34.3313,32.6822,34.3313,3598549,0.7936,16614803712,25115400960,26.2634,
000869.SZ,张裕A,2017-06-22,34.2845,34.3969,33.6379,33.7129,2595520,0.5724,16315519584,24662994720,25.7903,
000869.SZ,张裕A,2017-06-23,33.6098,34.9216,33.563,34.9029,4069777,0.8975,16891414800,25533534000,26.7007,
000869.SZ,张裕A,2017-06-26,34.9029,35.7649,34.7061,35.2121,3459024,0.7628,17041056864,25759737120,26.9372,
000869.SZ,张裕A,2017-06-27,35.1933,35.1933,34.5281,34.8185,2127119,0.4691,16850603328,25471842240,26.6362,
000869.SZ,张裕A,2017-06-28,34.6218,34.8185,34.1908,34.3126,2034961,0.4488,16605734496,25101691680,26.2491,
000869.SZ,张裕A,2017-06-29,34.2376,34.8467,34.2376,34.3969,1509896,0.333,16646545968,25163383440,26.3136,
000869.SZ,张裕A,2017-06-30,34.5937,35.3339,34.425,34.856,2218305,0.4892,16868741760,25499260800,26.6648,
000869.SZ,张裕A,2017-07-03,34.8748,35.0434,34.247,34.4812,1771682,0.3907,16687357440,25225075200,26.3781,
000869.SZ,张裕A,2017-07-04,34.5843,34.678,34.0877,34.4812,1433669,0.3162,16687357440,25225075200,26.3781,
000869.SZ,张裕A,2017-07-05,34.3407,34.7342,34.3407,34.6593,2110103,0.4653,16773514992,25355313360,26.5143,
000869.SZ,张裕A,2017-07-06,34.5749,34.5749,33.8066,33.8253,3165408,0.6981,16369934880,24745250400,25.8764,
000869.SZ,张裕A,2017-07-07,33.8253,33.9753,33.5255,33.6192,1450935,0.32,16270173504,24594448320,25.7187,
000869.SZ,张裕A,2017-07-10,33.7035,33.9846,33.5161,33.6754,2000188,0.4411,16297381152,24635576160,25.7617,
000869.SZ,张裕A,2017-07-11,33.6754,33.875,33.2573,33.3429,2517925,0.5553,15911939472,24052931760,25.1524,
000869.SZ,张裕A,2017-07-12,33.3333,33.4759,32.5542,32.7157,2429279,0.5357,15612655344,23600525520,24.6793,
000869.SZ,张裕A,2017-07-13,32.7822,33.0958,32.7062,32.7252,1637601,0.3611,15617189952,23607380160,24.6865,
000869.SZ,张裕A,2017-07-14,32.8772,33.8275,32.7822,33.7609,2965065,0.6539,16111462224,24354535920,25.4678,
000869.SZ,张裕A,2017-07-17,33.7324,33.7324,31.832,32.4877,2720007,0.5998,15503824752,23436014160,24.5073,
000869.SZ,张裕A,2017-07-18,32.4211,32.5922,31.794,32.1741,2599452,0.5732,15354182688,23209811040,24.2707,
000869.SZ,张裕A,2017-07-19,32.1741,32.7727,32.1076,32.6492,1892995,0.4175,15580913088,23552543040,24.6291,
000869.SZ,张裕A,2017-07-20,32.7252,32.9248,32.3356,32.5922,2279191,0.5026,15553705440,23511415200,24.5861,
000869.SZ,张裕A,2017-07-21,32.5827,33.2763,32.2406,33.2003,2716699,0.5991,15843920352,23950112160,25.0449,
000869.SZ,张裕A,2017-07-24,33.0673,33.6089,32.9153,33.0008,3117545,0.6875,15748693584,23806164720,24.8943,
000869.SZ,张裕A,2017-07-25,33.0198,33.3429,32.7252,32.8012,1905106,0.4201,15653466816,23662217280,24.7438,
000869.SZ,张裕A,2017-07-26,32.7917,33.0008,32.2786,32.3546,1967539,0.4339,15440340240,23340049200,24.4069,
000869.SZ,张裕A,2017-07-27,32.3641,32.4877,32.0031,32.4687,1808318,0.3988,15494755536,23422304880,24.4929,
000869.SZ,张裕A,2017-07-28,32.4782,33.2573,32.2691,33.0483,3196385,0.7049,15771366624,23840437920,24.9302,
000869.SZ,张裕A,2017-07-31,33.0293,33.6944,32.6302,33.5044,5248513,1.1574,15989027808,24169460640,25.2742,
000869.SZ,张裕A,2017-08-01,33.4094,33.4474,32.9723,33.1528,3249954,0.7167,15821247312,23915838960,25.009,
000869.SZ,张裕A,2017-08-02,33.2383,33.3333,32.6872,32.7062,2834176,0.625,15608120736,23593670880,24.6721,
000869.SZ,张裕A,2017-08-03,32.6682,32.9438,32.5542,32.6207,1885471,0.4158,15567309264,23531979120,24.6076,
000869.SZ,张裕A,2017-08-04,32.6207,33.1148,32.6207,32.6397,1447094,0.3191,15576378480,23545688400,24.622,
000869.SZ,张裕A,2017-08-07,32.6302,33.1623,32.3356,33.1623,2327394,0.5133,15825781920,23922693600,25.0162,
000869.SZ,张裕A,2017-08-08,33.1338,33.2668,32.8963,33.0388,1751314,0.3862,15766832016,23833583280,24.923,
000869.SZ,张裕A,2017-08-09,32.9628,33.989,32.9533,33.6279,5557924,1.2257,16047977712,24258570960,25.3674,
000869.SZ,张裕A,2017-08-10,33.4949,34.6826,33.4569,34.0365,5894268,1.2998,16242965856,24553320480,25.6756,
000869.SZ,张裕A,2017-08-11,33.837,33.837,32.5732,32.6207,4170360,0.9197,15567309264,23531979120,24.6076,
000869.SZ,张裕A,2017-08-14,32.6397,34.5496,32.6397,34.3691,5742302,1.2663,16401677136,24793232880,25.9265,
000869.SZ,张裕A,2017-08-15,34.3216,35.6139,34.1315,35.2528,7190472,1.5857,16823395680,25430714400,26.5931,
000869.SZ,张裕A,2017-08-16,35.0152,35.2623,34.5876,34.9297,3619472,0.7982,16669219008,25197656640,26.3494,
000869.SZ,张裕A,2017-08-17,34.9297,34.9677,34.4356,34.7777,3133976,0.6911,16596665280,25087982400,26.2347,
000869.SZ,张裕A,2017-08-18,34.4071,34.7587,34.2455,34.5116,2218000,0.4891,16469696256,24896052480,26.034,
000869.SZ,张裕A,2017-08-21,34.5211,34.6351,34.141,34.3881,1824763,0.4024,16410746352,24806942160,25.9409,
000869.SZ,张裕A,2017-08-22,34.3216,34.4641,33.6849,33.8275,2808175,0.6193,16143204480,24402518400,25.518,
000869.SZ,张裕A,2017-08-23,33.8465,34.179,33.6564,34.084,1890570,0.4169,16265638896,24587593680,25.7115,
000869.SZ,张裕A,2017-08-24,34.084,34.084,33.2193,33.3999,2483861,0.5478,15939147120,24094059600,25.1954,
000869.SZ,张裕A,2017-08-25,33.3999,33.8085,33.3238,33.6374,1599559,0.3527,16052512320,24265425600,25.3746,
000869.SZ,张裕A,2017-08-28,33.7134,34.3786,33.6659,34.16,2375187,0.5238,16301915760,24642430800,25.7688,
000869.SZ,张裕A,2017-08-29,33.9415,34.1505,33.4949,33.5329,2384756,0.5259,16002631632,24190024560,25.2635,
000869.SZ,张裕A,2017-08-30,33.5899,34.065,33.5139,33.9985,1740596,0.3838,16224827424,24525901920,25.6143,
000869.SZ,张裕A,2017-08-31,33.989,34.065,33.5519,33.7134,1443637,0.3184,16088789184,24320262720,25.3995,
000869.SZ,张裕A,2017-09-01,33.7134,34.4926,33.7134,34.3976,3161253,0.6971,16415280960,24813796800,25.915,
000869.SZ,张裕A,2017-09-04,34.2075,34.5591,34.0935,34.3691,2332079,0.5143,16401677136,24793232880,25.8935,
000869.SZ,张裕A,2017-09-05,34.4831,34.5021,34.1315,34.198,1341313,0.2958,16320054192,24669849360,25.7646,
000869.SZ,张裕A,2017-09-06,34.2075,34.7682,34.0935,34.4641,2515010,0.5546,16447023216,24861779280,25.9651,
000869.SZ,张裕A,2017-09-07,34.4546,34.6826,33.9415,34.0175,1961223,0.4325,16233896640,24539611200,25.6286,
000869.SZ,张裕A,2017-09-08,34.0175,34.198,33.3048,33.5234,3447969,0.7604,15998097024,24183169920,25.2564,
000869.SZ,张裕A,2017-09-11,33.5899,33.6279,33.2668,33.5139,1281688,0.2826,15993562416,24176315280,25.2492,
000869.SZ,张裕A,2017-09-12,33.5424,33.6849,33.3714,33.5139,1496599,0.33,15993562416,24176315280,25.2492,
000869.SZ,张裕A,2017-09-13,33.5519,34.0935,33.4569,33.97,2107291,0.4647,16211223600,24505338000,25.5928,
000869.SZ,张裕A,2017-09-14,33.913,33.913,33.4094,33.4949,1811369,0.3995,15984493200,24162606000,25.2349,
000869.SZ,张裕A,2017-09-15,33.4189,33.6184,33.2858,33.3809,1172301,0.2585,15930077904,24080350320,25.149,
000869.SZ,张裕A,2017-09-18,33.3809,33.894,33.3809,33.7324,1311706,0.2893,16097858400,24333972000,25.4139,
000869.SZ,张裕A,2017-09-19,33.7514,33.97,33.5519,33.7704,1431058,0.3156,16115996832,24361390560,25.4425,
000869.SZ,张裕A,2017-09-20,33.5994,36.7351,33.5994,35.7659,9967880,2.1982,17068264512,25800864960,26.9459,
000869.SZ,张裕A,2017-09-21,35.6139,35.9749,35.2718,35.7944,4372977,0.9644,17081868336,25821428880,26.9673,
000869.SZ,张裕A,2017-09-22,35.5948,35.6614,34.8822,35.0817,2979677,0.6571,16741772736,25307330880,26.4304,
000869.SZ,张裕A,2017-09-25,35.1578,35.8704,35.0532,35.0912,3062747,0.6754,16746307344,25314185520,26.4376,
000869.SZ,张裕A,2017-09-26,35.0152,35.3953,34.6351,35.3098,1946182,0.4292,16850603328,25471842240,26.6022,
000869.SZ,张裕A,2017-09-27,35.1958,35.2813,34.8442,35.2053,1510936,0.3332,16800722640,25396441200,26.5235,
000869.SZ,张裕A,2017-09-28,35.2053,36.146,35.0532,35.8989,5791051,1.2771,17131749024,25896829920,27.0461,
000869.SZ,张裕A,2017-09-29,35.8134,36.2885,35.5188,35.6329,3412271,0.7525,17004780000,25704900000,26.8456,
000869.SZ,张裕A,2017-10-09,36.0985,36.5451,35.6329,36.412,4573862,1.0087,17376617856,26266980480,27.4327,
000869.SZ,张裕A,2017-10-10,36.3455,37.2197,36.127,36.4215,4109992,0.9064,17381152464,26273835120,27.4398,
000869.SZ,张裕A,2017-10-11,36.4215,37.6093,36.1555,36.6401,6321210,1.394,17485448448,26431491840,27.6045,
000869.SZ,张裕A,2017-10-12,36.355,36.5356,35.4238,35.7184,4739526,1.0452,17045591472,25766591760,26.9101,
000869.SZ,张裕A,2017-10-13,35.6804,36.298,35.5188,35.9274,2721204,0.6001,17145352848,25917393840,27.0676,
000869.SZ,张裕A,2017-10-16,35.9464,36.8016,35.7944,35.9179,3394308,0.7485,17140818240,25910539200,27.0604,
000869.SZ,张裕A,2017-10-17,35.9274,36.4405,35.5853,36.2885,2039870,0.4498,17317667952,26177870160,27.3396,
000869.SZ,张裕A,2017-10-18,36.3265,36.7256,35.7754,35.7754,2835337,0.6253,17072799120,25807719600,26.953,
000869.SZ,张裕A,2017-10-19,35.8704,38.8161,35.7944,37.9134,12503081,2.7573,18093085920,27350013600,28.5638,
000869.SZ,张裕A,2017-10-20,37.8944,37.8944,37.2577,37.7043,4723216,1.0416,17993324544,27199211520,28.4063,
000869.SZ,张裕A,2017-10-23,37.7043,38.3505,37.4383,38.2174,5121596,1.1294,18238193376,27569362080,28.7928,
000869.SZ,张裕A,2017-10-24,38.0179,38.5405,37.4953,37.4953,4573951,1.0087,17893563168,27048409440,28.2488,
000869.SZ,张裕A,2017-10-25,37.5333,38.1794,37.1342,38.1034,4156081,0.9165,18183778080,27487106400,28.7069,
000869.SZ,张裕A,2017-10-26,38.1034,39.3292,37.5333,37.6093,7711712,1.7006,17947978464,27130665120,27.8585,
000869.SZ,张裕A,2017-10-27,37.3337,38.9586,37.1817,38.474,7824055,1.7254,18360627792,27754437360,28.499,
000869.SZ,张裕A,2017-10-30,38.2459,38.8256,36.9631,37.6758,5818904,1.2832,17979720720,27178647600,27.9078,
000869.SZ,张裕A,2017-10-31,37.6758,37.8944,37.0677,37.6568,3089590,0.6813,17970651504,27164938320,27.8937,
000869.SZ,张裕A,2017-11-01,37.6283,38.379,37.3052,37.4953,3218373,0.7097,17893563168,27048409440,27.774,
000869.SZ,张裕A,2017-11-02,37.1912,37.7518,36.3265,36.5831,4392156,0.9686,17458240800,26390364000,27.0983,
000869.SZ,张裕A,2017-11-03,36.393,36.7256,35.2718,35.5093,5188568,1.1442,16945830096,25615789680,26.303,
000869.SZ,张裕A,2017-11-06,35.4903,36.469,35.3573,36.298,3254891,0.7178,17322202560,26184724800,26.8872,
000869.SZ,张裕A,2017-11-07,36.108,36.8681,36.0129,36.317,3832154,0.8451,17331271776,26198434080,26.9012,
000869.SZ,张裕A,2017-11-08,36.108,36.6781,35.9559,36.0319,2599293,0.5732,17195233536,25992794880,26.6901,
000869.SZ,张裕A,2017-11-09,36.1555,36.2695,35.7564,36.0509,1797889,0.3965,17204302752,26006504160,26.7042,
000869.SZ,张裕A,2017-11-10,36.0509,36.9917,35.9939,36.7161,4073468,0.8983,17521725312,26486328960,27.1969,
000869.SZ,张裕A,2017-11-13,36.7161,37.2102,36.4025,37.2102,4351812,0.9597,17757524928,26842770240,27.5629,
000869.SZ,张裕A,2017-11-14,37.5333,37.5903,35.3858,35.7849,6183093,1.3635,17077333728,25814574240,26.5071,
000869.SZ,张裕A,2017-11-15,35.7279,36.0414,35.0437,35.4903,2868628,0.6326,16936760880,25602080400,26.2889,
000869.SZ,张裕A,2017-11-16,35.4618,36.0034,35.2053,35.6709,2781911,0.6135,17022918432,25732318560,26.4226,
000869.SZ,张裕A,2017-11-17,35.6994,35.8229,34.1125,34.1125,4693034,1.0349,16279242720,24608157600,25.2683,
000869.SZ,张裕A,2017-11-20,34.0175,34.0935,32.9248,34.027,2811681,0.62,16238431248,24546465840,25.205,
000869.SZ,张裕A,2017-11-21,34.0175,34.7682,33.8655,34.4071,2398525,0.5289,16419815568,24820651440,25.4865,
000869.SZ,张裕A,2017-11-22,34.4071,34.6826,33.8465,34.122,2204508,0.4862,16283777328,24615012240,25.2753,
000869.SZ,张裕A,2017-11-23,34.179,34.3121,33.2953,33.3048,2386763,0.5263,15893801040,24025513200,24.67,
000869.SZ,张裕A,2017-11-24,33.2573,33.3524,32.7917,33.0293,1664231,0.367,15762297408,23826728640,24.4659,
000869.SZ,张裕A,2017-11-27,33.0293,33.2478,32.7822,32.8772,1267211,0.2795,15689743680,23717054400,24.3533,
000869.SZ,张裕A,2017-11-28,32.8772,33.2098,32.7632,33.1148,1011102,0.223,15803108880,23888420400,24.5293,
000869.SZ,张裕A,2017-11-29,33.2098,33.2383,32.5827,32.9533,1529509,0.3373,15726020544,23771891520,24.4096,
000869.SZ,张裕A,2017-11-30,32.8677,32.9533,32.6872,32.8392,897834,0.198,15671605248,23689635840,24.3251,
000869.SZ,张裕A,2017-12-01,32.8487,33.2383,32.8487,33.2098,971600,0.2143,15848454960,23956966800,24.5996,
000869.SZ,张裕A,2017-12-04,33.1433,33.4949,32.7822,33.2193,1159453,0.2557,15852989568,23963821440,24.6067,
000869.SZ,张裕A,2017-12-05,33.2003,33.6849,32.3356,32.5922,2086524,0.4601,15553705440,23511415200,24.1421,
000869.SZ,张裕A,2017-12-06,32.5732,32.6302,32.0221,32.5922,1283074,0.283,15553705440,23511415200,24.1421,
000869.SZ,张裕A,2017-12-07,32.6017,32.6302,32.4211,32.4782,675900,0.1491,15499290144,23429159520,24.0577,
000869.SZ,张裕A,2017-12-08,32.5162,32.9818,32.4782,32.8487,1145446,0.2526,15676139856,23696490480,24.3322,
000869.SZ,张裕A,2017-12-11,32.9723,33.4284,32.9723,33.2668,1316869,0.2904,15875662608,23998094640,24.6419,
000869.SZ,张裕A,2017-12-12,33.4379,34.046,33.2098,33.2098,1965244,0.4334,15848454960,23956966800,24.5996,
000869.SZ,张裕A,2017-12-13,33.3999,34.9487,33.3999,34.5401,4190143,0.924,16483300080,24916616400,25.585,
000869.SZ,张裕A,2017-12-14,34.4166,35.1387,34.1315,34.6826,2842492,0.6268,16551319200,25019436000,25.6906,
000869.SZ,张裕A,2017-12-15,34.5876,34.7777,33.932,34.3976,2421966,0.5341,16415280960,24813796800,25.4795,
000869.SZ,张裕A,2017-12-18,34.3881,34.9677,34.2646,34.4451,1471118,0.3244,16437954000,24848070000,25.5147,
000869.SZ,张裕A,2017-12-19,34.4736,35.0247,34.2455,34.8252,1796347,0.3961,16619338320,25122255600,25.7962,
000869.SZ,张裕A,2017-12-20,34.8252,35.3763,34.5401,35.1578,2930794,0.6463,16778049600,25362168000,26.0425,
000869.SZ,张裕A,2017-12-21,35.1197,35.4048,34.5021,34.6826,2170805,0.4787,16551319200,25019436000,25.6906,
000869.SZ,张裕A,2017-12-22,34.6826,36.298,34.217,35.9369,5028006,1.1088,17149887456,25924248480,26.6197,
000869.SZ,张裕A,2017-12-25,35.7659,37.2292,35.6329,36.108,6097842,1.3447,17231510400,26047632000,26.7464,
000869.SZ,张裕A,2017-12-26,36.431,37.3527,36.1935,36.4785,6689942,1.4753,17408360112,26314962960,27.0209,
000869.SZ,张裕A,2017-12-27,36.203,36.6781,35.8039,35.8609,3896578,0.8593,17113610592,25869411360,26.5634,
000869.SZ,张裕A,2017-12-28,35.8514,36.5831,35.6519,36.203,3400615,0.7499,17276856480,26116178400,26.8168,
000869.SZ,张裕A,2017-12-29,35.9844,36.2505,35.3478,35.6329,2814418,0.6207,17004780000,25704900000,26.3945,
000869.SZ,张裕A,2018-01-02,35.6899,36.5356,35.6899,36.4405,2658803,0.5863,17390221680,26287544400,26.9927,
000869.SZ,张裕A,2018-01-03,36.488,36.488,35.9654,36.336,2479408,0.5468,17340340992,26212143360,26.9153,
000869.SZ,张裕A,2018-01-04,36.336,37.0772,36.317,36.8776,4144758,0.914,17598813648,26602857840,27.3165,
000869.SZ,张裕A,2018-01-05,37.0677,38.6165,37.0392,38.2459,6476833,1.4283,18251797200,27589926000,28.3301,
000869.SZ,张裕A,2018-01-08,37.8183,38.569,37.4953,37.9229,4663874,1.0285,18097620528,27356868240,28.0908,
000869.SZ,张裕A,2018-01-09,37.8849,38.8636,37.6948,38.531,5336923,1.1769,18387835440,27795565200,28.5412,
000869.SZ,张裕A,2018-01-10,38.2744,38.7305,37.5903,38.5595,5130016,1.1313,18401439264,27816129120,28.5623,
000869.SZ,张裕A,2018-01-11,38.3314,38.3314,37.5998,38.0369,2908300,0.6414,18152035824,27439123920,28.1752,
000869.SZ,张裕A,2018-01-12,37.7898,38.1984,37.4858,37.8658,2847024,0.6278,18070412880,27315740400,28.0485,
000869.SZ,张裕A,2018-01-15,37.6853,38.4645,37.5333,37.8468,4296914,0.9476,18061343664,27302031120,28.0345,
000869.SZ,张裕A,2018-01-16,37.7898,39.0156,37.7423,38.2839,6597284,1.4549,18269935632,27617344560,28.3582,
000869.SZ,张裕A,2018-01-17,37.9324,37.9324,36.0224,36.127,6638733,1.464,17240579616,26061341280,26.7605,
000869.SZ,张裕A,2018-01-18,36.0224,36.6781,35.9749,36.298,2888056,0.6369,17322202560,26184724800,26.8872,
000869.SZ,张裕A,2018-01-19,36.4405,36.45,35.6519,36.203,2567070,0.5661,17276856480,26116178400,26.8168,
000869.SZ,张裕A,2018-01-22,36.4025,36.6591,35.9274,36.6306,2432930,0.5365,17480913840,26424637200,27.1335,
000869.SZ,张裕A,2018-01-23,36.5546,36.6401,36.2125,36.4025,1743464,0.3845,17372083248,26260125840,26.9646,
000869.SZ,张裕A,2018-01-24,36.298,36.393,35.7849,36.203,2223631,0.4904,17276856480,26116178400,26.8168,
000869.SZ,张裕A,2018-01-25,36.108,36.1365,35.7659,35.8514,2332306,0.5143,17109075984,25862556720,26.5564,
000869.SZ,张裕A,2018-01-26,35.8609,36.5641,35.8324,36.3265,2475299,0.5459,17335806384,26205288720,26.9083,
000869.SZ,张裕A,2018-01-29,36.469,37.1057,36.317,36.45,3229506,0.7122,17394756288,26294399040,26.9998,
000869.SZ,张裕A,2018-01-30,35.8989,36.298,35.8324,36.0129,1417454,0.3126,17186164320,25979085600,26.676,
000869.SZ,张裕A,2018-01-31,35.9939,36.9441,35.8324,36.6211,3348030,0.7383,17476379232,26417782560,27.1265,
000869.SZ,张裕A,2018-02-01,36.5261,36.5261,34.3121,34.6446,5031583,1.1096,16533180768,24992017440,25.6625,
000869.SZ,张裕A,2018-02-02,34.3026,35.0722,33.9605,34.7777,2259107,0.4982,16596665280,25087982400,25.761,
000869.SZ,张裕A,2018-02-05,34.4356,34.5306,33.6469,34.4926,2627503,0.5794,16460627040,24882343200,25.5499,
000869.SZ,张裕A,2018-02-06,33.7419,34.1885,33.0768,33.3333,2525337,0.5569,15907404864,24046077120,24.6912,
000869.SZ,张裕A,2018-02-07,33.9225,34.0935,33.2098,33.3809,1957711,0.4317,15930077904,24080350320,24.7263,
000869.SZ,张裕A,2018-02-08,33.3524,33.8465,33.2573,33.6849,1473294,0.3249,16075185360,24299698800,24.9516,
000869.SZ,张裕A,2018-02-09,33.1813,33.2478,32.3831,33.0198,2507008,0.5529,15757762800,23819874000,24.4589,
000869.SZ,张裕A,2018-02-12,33.0293,33.894,32.9058,33.8085,1643436,0.3624,16134135264,24388809120,25.0431,
000869.SZ,张裕A,2018-02-13,33.8085,34.1885,33.6849,33.7039,1548201,0.3414,16084254576,24313408080,24.9657,
000869.SZ,张裕A,2018-02-14,33.8275,33.875,33.0388,33.4284,1130101,0.2492,15952750944,24114623520,24.7615,
000869.SZ,张裕A,2018-02-22,33.6469,34.3976,33.6374,34.2551,1394036,0.3074,16347261840,24710977200,25.3739,
000869.SZ,张裕A,2018-02-23,34.3786,34.3786,33.9605,34.217,894160,0.1972,16329123408,24683558640,25.3457,
000869.SZ,张裕A,2018-02-26,34.4071,34.6826,34.2265,34.5686,1319672,0.291,16496903904,24937180320,25.6062,
000869.SZ,张裕A,2018-02-27,34.5781,34.6541,34.065,34.3786,1550541,0.3419,16406211744,24800087520,25.4654,
000869.SZ,张裕A,2018-02-28,34.1125,34.3501,33.97,33.97,1022977,0.2256,16211223600,24505338000,25.1627,
000869.SZ,张裕A,2018-03-01,33.8845,34.2075,33.6564,34.0555,1153356,0.2543,16252035072,24567029760,25.2261,
000869.SZ,张裕A,2018-03-02,34.008,34.0935,33.7419,33.7894,726846,0.1603,16125066048,24375099840,25.029,
000869.SZ,张裕A,2018-03-05,33.7134,33.97,33.4664,33.8655,866051,0.191,16161342912,24429936960,25.0853,
000869.SZ,张裕A,2018-03-06,33.8655,34.8062,33.6564,34.6826,1932269,0.4261,16551319200,25019436000,25.6906,
000869.SZ,张裕A,2018-03-07,34.6066,34.9867,34.4451,34.6066,1316727,0.2904,16515042336,24964598880,25.6343,
000869.SZ,张裕A,2018-03-08,34.5021,35.2623,34.5021,34.9392,1719914,0.3793,16673753616,25204511280,25.8807,
000869.SZ,张裕A,2018-03-09,34.9392,35.3193,34.7777,35.1007,1293321,0.2852,16750841952,25321040160,26.0003,
000869.SZ,张裕A,2018-03-12,35.1102,35.3858,34.9297,35.2908,1230505,0.2714,16841534112,25458132960,26.1411,
000869.SZ,张裕A,2018-03-13,35.2148,35.3858,34.7587,34.7587,1058601,0.2334,16587596064,25074273120,25.7469,
000869.SZ,张裕A,2018-03-14,34.7397,35.0342,34.6066,34.8252,814359,0.1796,16619338320,25122255600,25.7962,
000869.SZ,张裕A,2018-03-15,34.9012,35.3383,34.6921,35.1863,1353721,0.2985,16791653424,25382731920,26.0637,
000869.SZ,张裕A,2018-03-16,35.0722,35.2528,34.6351,34.6446,1111923,0.2452,16533180768,24992017440,25.6625,
000869.SZ,张裕A,2018-03-19,34.7302,34.8062,34.4071,34.5401,847200,0.1868,16483300080,24916616400,25.585,
000869.SZ,张裕A,2018-03-20,34.5306,35.6614,33.97,35.5568,2548168,0.5619,16968503136,25650062880,26.3382,
000869.SZ,张裕A,2018-03-21,35.4143,35.7279,35.1673,35.3478,1881480,0.4149,16868741760,25499260800,26.1833,
000869.SZ,张裕A,2018-03-22,35.4618,35.8894,34.8537,35.8609,1724750,0.3804,17113610592,25869411360,26.5634,
000869.SZ,张裕A,2018-03-23,35.5853,36.488,34.6351,35.0247,3637962,0.8023,16714565088,25266203040,25.944,
000869.SZ,张裕A,2018-03-26,35.2148,36.8776,35.2148,36.8681,4960379,1.0939,17594279040,26596003200,27.3095,
000869.SZ,张裕A,2018-03-27,36.6496,37.2007,36.2695,37.0772,4583872,1.0109,17694040416,26746805280,27.4643,
000869.SZ,张裕A,2018-03-28,36.5926,37.0297,36.203,36.298,1976001,0.4358,17322202560,26184724800,26.8872,
000869.SZ,张裕A,2018-03-29,36.1555,36.8016,35.9369,36.374,1655853,0.3652,17358479424,26239561920,26.9435,
000869.SZ,张裕A,2018-03-30,36.488,37.0107,36.1555,36.6496,2148214,0.4737,17489983056,26438346480,27.1476,
000869.SZ,张裕A,2018-04-02,36.7256,37.5333,36.6876,36.9346,2316605,0.5109,17626021296,26643985680,27.3588,
000869.SZ,张裕A,2018-04-03,36.7731,37.5333,36.2505,37.2862,2637194,0.5816,17793801792,26897607360,27.6192,
000869.SZ,张裕A,2018-04-04,37.3907,37.5333,36.9631,37.1057,2183048,0.4814,17707644240,26767369200,27.4854,
000869.SZ,张裕A,2018-04-09,37.0297,37.2482,35.7279,36.412,2460148,0.5425,17376617856,26266980480,26.9716,
000869.SZ,张裕A,2018-04-10,36.2505,36.5546,35.9179,36.4405,1370259,0.3022,17390221680,26287544400,26.9927,
000869.SZ,张裕A,2018-04-11,36.45,36.6591,36.108,36.45,2089938,0.4609,17394756288,26294399040,26.9998,
000869.SZ,张裕A,2018-04-12,36.45,36.5451,35.8419,35.9274,1364844,0.301,17145352848,25917393840,26.6127,
000869.SZ,张裕A,2018-04-13,36.203,36.45,35.8704,35.8894,921487,0.2032,17127214416,25889975280,26.5845,
000869.SZ,张裕A,2018-04-16,35.8514,36.2505,35.5758,36.089,1123421,0.2477,17222441184,26033922720,26.7323,
000869.SZ,张裕A,2018-04-17,36.089,36.412,35.2718,35.3288,1144756,0.2524,16859672544,25485551520,26.1692,
000869.SZ,张裕A,2018-04-18,35.5378,35.6043,34.5876,35.4238,1321258,0.2914,16905018624,25554097920,26.2396,
000869.SZ,张裕A,2018-04-19,35.1102,36.184,35.1102,36.0129,1276447,0.2815,17186164320,25979085600,26.676,
000869.SZ,张裕A,2018-04-20,36.108,36.203,34.2836,34.3026,1648652,0.3636,16369934880,24745250400,25.4091,
000869.SZ,张裕A,2018-04-23,34.7302,35.4428,34.3976,35.3858,2481784,0.5473,16886880192,25526679360,24.7425,
000869.SZ,张裕A,2018-04-24,35.3668,36.2885,35.2243,36.0129,1445695,0.3188,17186164320,25979085600,25.181,
000869.SZ,张裕A,2018-04-25,35.9274,37.3622,35.9084,37.3242,2562670,0.5651,17811940224,26925025920,26.0979,
000869.SZ,张裕A,2018-04-26,37.4383,37.4668,36.6496,36.9631,1769672,0.3903,17639625120,26664549600,25.8454,
000869.SZ,张裕A,2018-04-27,36.108,36.6306,35.5093,35.6804,2616755,0.5771,17027453040,25739173200,25.8814,
000869.SZ,张裕A,2018-05-02,35.6329,36.469,35.3953,36.4215,1177485,0.2597,17381152464,26273835120,26.419,
000869.SZ,张裕A,2018-05-03,36.393,38.0084,36.0224,38.0084,3441917,0.759,18138432000,27418560000,27.5701,
000869.SZ,张裕A,2018-05-04,37.9134,38.1414,37.5333,37.6378,2288841,0.5047,17961582288,27151229040,27.3013,
000869.SZ,张裕A,2018-05-07,37.9039,38.9491,37.6568,38.626,3983622,0.8785,18433181520,27864111600,28.0181,
000869.SZ,张裕A,2018-05-08,38.3314,39.8898,38.1794,38.8826,5046204,1.1128,18555615936,28049186880,28.2042,
000869.SZ,张裕A,2018-05-09,38.6735,39.1011,38.3219,39.1011,2312427,0.51,18659911920,28206843600,28.3627,
000869.SZ,张裕A,2018-05-10,39.0631,39.5287,38.683,38.8921,1936086,0.427,18560150544,28056041520,28.2111,
000869.SZ,张裕A,2018-05-11,39.1106,39.5287,38.1224,38.8541,2599198,0.5732,18542012112,28028622960,28.1835,
000869.SZ,张裕A,2018-05-14,38.8826,39.9088,38.3885,39.8993,3249781,0.7167,19040818992,28782633360,28.9417,
000869.SZ,张裕A,2018-05-15,40.0988,40.1939,38.8731,39.6902,2954220,0.6515,18941057616,28631831280,28.79,
000869.SZ,张裕A,2018-05-16,39.3482,41.8377,39.2722,40.859,6154160,1.3572,19498814400,29474952000,29.6378,
000869.SZ,张裕A,2018-05-17,40.4694,40.954,40.0133,40.4314,2337872,0.5156,19294757040,29166493200,29.3277,
000869.SZ,张裕A,2018-05-18,40.3174,40.669,39.8138,40.3459,1716935,0.3786,19253945568,29104801440,29.2656,
000869.SZ,张裕A,2018-05-21,40.3649,40.6975,39.6712,40.3839,1951009,0.4302,19272084000,29132220000,29.2932,
000869.SZ,张裕A,2018-05-22,40.4029,40.821,40.0228,40.802,1437368,0.317,19471606752,29433824160,29.5965,
000869.SZ,张裕A,2018-05-23,40.3839,40.5264,39.1486,39.2817,2475814,0.546,18746069472,28337081760,28.4937,
000869.SZ,张裕A,2018-05-24,39.2912,40.2984,39.2817,40.2509,2620201,0.5778,19208599488,29036255040,29.1967,
000869.SZ,张裕A,2018-05-25,40.0038,40.7355,39.7188,39.7758,1326157,0.2925,18981869088,28693523040,28.8521,
000869.SZ,张裕A,2018-05-28,39.5287,41.9993,39.2817,41.9327,4799058,1.0583,20011225104,30249526320,30.4167,
000869.SZ,张裕A,2018-05-29,41.5907,43.0635,40.5739,40.6405,5546127,1.2231,19394518416,29317295280,29.4793,
000869.SZ,张裕A,2018-05-30,40.5929,43.5576,39.7663,42.6644,7487519,1.6512,20360389920,30777333600,30.9474,
000869.SZ,张裕A,2018-05-31,42.6929,44.2513,41.7142,43.5481,7321220,1.6145,20782108464,31414815120,31.5884,
000869.SZ,张裕A,2018-06-01,43.2345,43.8997,41.9993,42.94,3563758,0.7859,20491893552,30976118160,31.1473,
000869.SZ,张裕A,2018-06-04,42.902,43.9852,42.2843,43.1395,3430186,0.7564,20587120320,31120065600,31.292,
000869.SZ,张裕A,2018-06-05,43.2345,43.6716,42.3318,43.5101,2837899,0.6258,20763970032,31387396560,31.5608,
000869.SZ,张裕A,2018-06-06,43.5196,43.8807,42.8354,43.4151,2562015,0.565,20718623952,31318850160,31.4919,
000869.SZ,张裕A,2018-06-07,43.4151,43.6621,42.2558,42.3318,2492955,0.5498,20201678640,30537421200,30.7062,
000869.SZ,张裕A,2018-06-08,42.3413,43.187,41.9137,42.8069,2935787,0.6474,20428409040,30880153200,31.0508,
000869.SZ,张裕A,2018-06-11,42.921,43.13,41.5717,41.8472,3141526,0.6928,19970413632,30187834560,30.3546,
000869.SZ,张裕A,2018-06-12,41.7047,42.6169,40.669,42.0848,4046347,0.8923,20083778832,30359200560,30.527,
000869.SZ,张裕A,2018-06-13,42.1323,42.8069,41.5051,41.5812,2692153,0.5937,19843444608,29995904640,30.1616,
000869.SZ,张裕A,2018-06-14,41.8092,42.4459,40.669,41.2961,2471091,0.5449,19707406368,29790265440,29.9549,
000869.SZ,张裕A,2018-06-15,41.5242,41.9042,40.1939,40.669,2750032,0.6065,19408122240,29337859200,29.5,
000869.SZ,张裕A,2018-06-19,40.6215,41.0395,37.2482,38.0559,4060007,0.8953,18161105040,27452833200,27.6045,
000869.SZ,张裕A,2018-06-20,38.0084,39.4147,37.7233,38.9491,3210128,0.7079,18587358192,28097169360,28.2524,
000869.SZ,张裕A,2018-06-21,38.683,39.6712,37.9324,38.0084,2025415,0.4467,18138432000,27418560000,27.5701,
000869.SZ,张裕A,2018-06-22,37.8658,39.0916,37.6093,38.7876,1989978,0.4388,18510269856,27980640480,28.1353,
000869.SZ,张裕A,2018-06-25,39.0061,39.6617,38.5785,38.588,1965661,0.4335,18415043088,27836693040,27.9905,
000869.SZ,张裕A,2018-06-26,38.0084,38.9586,37.6378,38.6545,2452771,0.5409,18446785344,27884675520,28.0388,
000869.SZ,张裕A,2018-06-27,38.683,38.9016,36.5831,36.7161,3279741,0.7233,17521725312,26486328960,26.6327,
000869.SZ,张裕A,2018-06-28,36.1555,37.2292,35.9179,36.6971,2378091,0.5244,17512656096,26472619680,26.6189,
000869.SZ,张裕A,2018-06-29,36.6211,38.2459,36.298,37.8753,2144751,0.473,18074947488,27322595040,27.4736,
000869.SZ,张裕A,2018-07-02,37.8183,38.5405,37.5618,38.0274,2416767,0.533,18147501216,27432269280,27.5838,
000869.SZ,张裕A,2018-07-03,37.8183,38.1319,36.488,37.4288,2382981,0.5255,17861820912,27000426960,27.1496,
000869.SZ,张裕A,2018-07-04,37.4002,38.2934,37.0772,38.0939,2352463,0.5188,18179243472,27480251760,27.6321,
000869.SZ,张裕A,2018-07-05,37.8658,38.6355,36.9251,37.5238,2547805,0.5619,17907166992,27068973360,27.2185,
000869.SZ,张裕A,2018-07-06,37.3527,38.4835,36.9822,38.0559,2443314,0.5388,18161105040,27452833200,27.6045,
000869.SZ,张裕A,2018-07-09,38.537,38.8738,38.0078,38.7294,2535712,0.5592,18251797200,27589926000,27.7424,
000869.SZ,张裕A,2018-07-10,38.6813,39.9034,38.5562,39.5954,2157460,0.4758,18659911920,28206843600,28.3627,
000869.SZ,张裕A,2018-07-11,39.1624,39.7302,38.691,39.2683,1601322,0.3531,18505735248,27973785840,28.1284,
000869.SZ,张裕A,2018-07-12,39.3549,40.1824,38.9892,39.6628,1960700,0.4324,18691654176,28254826080,28.4109,
000869.SZ,张裕A,2018-07-13,39.7398,40.2209,39.48,39.9996,1473281,0.3249,18850365456,28494738480,28.6522,
000869.SZ,张裕A,2018-07-16,39.9996,40.5288,39.4511,39.5088,1088459,0.24,18619100448,28145151840,28.3007,
000869.SZ,张裕A,2018-07-17,39.4222,40.2113,39.1913,40.0092,1417963,0.3127,18854900064,28501593120,28.6591,
000869.SZ,张裕A,2018-07-18,40.1632,40.5577,39.2972,39.3453,1483656,0.3272,18542012112,28028622960,28.1835,
000869.SZ,张裕A,2018-07-19,39.3549,39.7302,38.8738,39.4896,1817975,0.4009,18610031232,28131442560,28.2869,
000869.SZ,张裕A,2018-07-20,39.5281,40.0958,38.8642,39.9611,1199699,0.2646,18832227024,28467319920,28.6246,
000869.SZ,张裕A,2018-07-23,39.8745,39.8745,38.5851,39.4511,1584529,0.3494,18591892800,28104024000,28.2593,
000869.SZ,张裕A,2018-07-24,39.3164,39.9322,38.6813,39.6243,2071010,0.4567,18673515744,28227407520,28.3834,
000869.SZ,张裕A,2018-07-25,39.7879,40.3941,39.2202,40.3845,1986671,0.4381,19031749776,28768924080,28.9279,
000869.SZ,张裕A,2018-07-26,40.3652,41.5872,39.9418,40.6828,2154526,0.4751,19172322624,28981417920,29.1416,
000869.SZ,张裕A,2018-07-27,40.6828,41.3563,40.4422,40.5192,1514178,0.3339,19095234288,28864889040,29.0244,
000869.SZ,张裕A,2018-07-30,40.5577,41.0388,40.115,40.8752,1612305,0.3556,19263014784,29118510720,29.2794,
000869.SZ,张裕A,2018-07-31,40.7597,41.568,40.7597,41.3756,1461914,0.3224,19498814400,29474952000,29.6378,
000869.SZ,张裕A,2018-08-01,41.4237,41.7123,39.8841,40.1343,1914838,0.4223,18913849968,28590703440,28.7487,
000869.SZ,张裕A,2018-08-02,40.2209,40.2209,38.3927,39.7879,2526663,0.5572,18750604080,28343936400,28.5006,
000869.SZ,张裕A,2018-08-03,39.7879,39.7879,37.5363,37.5459,1891997,0.4172,17694040416,26746805280,26.8946,
000869.SZ,张裕A,2018-08-06,37.5459,38.2002,36.6895,37.6229,1477602,0.3258,17730317280,26801642400,26.9497,
000869.SZ,张裕A,2018-08-07,37.6229,38.4889,37.238,38.4023,1291770,0.2849,18097620528,27356868240,27.508,
000869.SZ,张裕A,2018-08-08,38.2195,38.5562,36.093,36.1699,2130832,0.4699,17045591472,25766591760,25.909,
000869.SZ,张裕A,2018-08-09,36.1507,36.959,35.9005,36.7088,2453112,0.541,17299529520,26150451600,26.2949,
000869.SZ,张裕A,2018-08-10,36.5741,36.9974,36.5741,36.8339,1612300,0.3556,17358479424,26239561920,26.3846,
000869.SZ,张裕A,2018-08-13,36.651,36.9397,36.0737,36.882,1136518,0.2506,17381152464,26273835120,26.419,
000869.SZ,张裕A,2018-08-14,36.8724,37.2957,36.5741,37.1129,1156210,0.255,17489983056,26438346480,26.5844,
000869.SZ,张裕A,2018-08-15,37.0456,37.0456,35.9486,36.2565,1663187,0.3668,17086402944,25828283520,25.971,
000869.SZ,张裕A,2018-08-16,35.7947,36.449,35.1211,36.0352,1274476,0.2811,16982106960,25670626800,25.8125,
000869.SZ,张裕A,2018-08-17,36.1796,36.3335,34.64,34.7362,1097415,0.242,16369934880,24745250400,24.882,
000869.SZ,张裕A,2018-08-20,34.2551,34.9864,33.6585,34.8613,1388471,0.3062,16428884784,24834360720,24.9716,
000869.SZ,张裕A,2018-08-21,34.7266,35.8235,34.64,35.6503,889726,0.1962,16800722640,25396441200,25.5368,
000869.SZ,张裕A,2018-08-22,35.7658,36.0545,35.3136,35.9775,932002,0.2055,16954899312,25629498960,25.7711,
000869.SZ,张裕A,2018-08-23,36.0833,36.0833,35.506,35.939,576500,0.1271,16936760880,25602080400,25.7435,
000869.SZ,张裕A,2018-08-24,35.939,36.093,35.4579,35.6118,420201,0.0927,16782584208,25369022640,25.5092,
000869.SZ,张裕A,2018-08-27,35.7562,36.4971,35.7562,36.295,678465,0.1496,17104541376,25855702080,25.9986,
000869.SZ,张裕A,2018-08-28,36.372,36.7569,35.9486,36.728,1122788,0.2476,17308598736,26164160880,26.3087,
000869.SZ,张裕A,2018-08-29,36.4778,36.8627,36.1988,36.8627,726925,0.1603,17372083248,26260125840,26.4052,
000869.SZ,张裕A,2018-08-30,36.3431,36.651,35.4964,36.2854,1207264,0.2662,17100006768,25848847440,25.9146,
000869.SZ,张裕A,2018-08-31,36.0448,36.0545,35.0249,35.15,921997,0.2033,16564923024,25039999920,25.1037,
000869.SZ,张裕A,2018-09-03,35.1211,35.6888,35.1211,35.6022,769487,0.1697,16778049600,25362168000,25.4267,
000869.SZ,张裕A,2018-09-04,35.6503,36.2469,35.3905,36.1314,710798,0.1567,17027453040,25739173200,25.8046,
000869.SZ,张裕A,2018-09-05,36.1314,36.2758,35.7081,35.7273,654058,0.1442,16836999504,25451278320,25.516,
000869.SZ,张裕A,2018-09-06,35.7177,36.1988,34.6111,34.919,764305,0.1685,16456092432,24875488560,24.9387,
000869.SZ,张裕A,2018-09-07,34.919,35.8139,34.7266,35.7754,878366,0.1937,16859672544,25485551520,25.5504,
000869.SZ,张裕A,2018-09-10,35.5541,35.7273,34.7362,34.7747,922026,0.2033,16388073312,24772668960,24.8357,
000869.SZ,张裕A,2018-09-11,34.64,35.583,33.9664,34.4572,1038621,0.229,16238431248,24546465840,24.6089,
000869.SZ,张裕A,2018-09-12,34.4572,34.7074,33.9376,34.1589,1027417,0.2266,16097858400,24333972000,24.3959,
000869.SZ,张裕A,2018-09-13,34.3417,34.8517,33.8317,34.794,1617938,0.3568,16397142528,24786378240,24.8494,
000869.SZ,张裕A,2018-09-14,34.6977,34.8806,34.3032,34.3128,1307510,0.2883,16170412128,24443646240,24.5058,
000869.SZ,张裕A,2018-09-17,34.2551,34.3994,33.2833,33.2929,997141,0.2199,15689743680,23717054400,23.7774,
000869.SZ,张裕A,2018-09-18,33.3121,33.7451,33.0523,33.5719,1147917,0.2531,15821247312,23915838960,23.9767,
000869.SZ,张裕A,2018-09-19,33.5623,34.3706,33.3314,34.053,1165825,0.2571,16047977712,24258570960,24.3203,
000869.SZ,张裕A,2018-09-20,34.2744,34.2744,33.5816,33.6778,837379,0.1847,15871128000,23991240000,24.0522,
000869.SZ,张裕A,2018-09-21,33.7932,34.6304,33.7932,34.5919,1136329,0.2506,16301915760,24642430800,24.7051,
000869.SZ,张裕A,2018-09-25,34.4668,34.8036,34.1781,34.7747,771731,0.1702,16388073312,24772668960,24.8357,
000869.SZ,张裕A,2018-09-26,34.7747,35.5926,34.4764,35.2751,1276669,0.2815,16623872928,25129110240,25.193,
000869.SZ,张裕A,2018-09-27,35.2077,35.2077,34.6881,34.9864,571859,0.1261,16487834688,24923471040,24.9869,
000869.SZ,张裕A,2018-09-28,34.9864,35.2943,34.8036,35.2366,662191,0.146,16605734496,25101691680,25.1655,
000869.SZ,张裕A,2018-10-08,35.0056,35.0056,33.6778,33.7932,711852,0.157,15925543296,24073495680,24.1347,
000869.SZ,张裕A,2018-10-09,33.774,34.13,33.4853,33.7355,402946,0.0889,15898335648,24032367840,24.0935,
000869.SZ,张裕A,2018-10-10,33.7355,33.8895,33.5431,33.7932,373398,0.0823,15925543296,24073495680,24.1347,
000869.SZ,张裕A,2018-10-11,33.0042,33.2255,30.4158,30.6179,2357929,0.52,14429122656,21811464480,21.8669,
000869.SZ,张裕A,2018-10-12,30.8873,30.897,29.3766,30.0021,1798352,0.3966,14138907744,21372767520,21.4271,
000869.SZ,张裕A,2018-10-15,30.1849,30.1849,29.0206,29.1553,1064588,0.2348,13739862240,20769559200,20.8224,
000869.SZ,张裕A,2018-10-16,29.1553,29.4151,27.8852,28.0007,1385352,0.3055,13195709280,19947002400,19.9977,
000869.SZ,张裕A,2018-10-17,28.3856,28.5684,27.2213,27.9814,975609,0.2151,13186640064,19933293120,19.984,
000869.SZ,张裕A,2018-10-18,27.8948,28.145,27.3848,27.7505,750267,0.1655,13077809472,19768781760,19.8191,
000869.SZ,张裕A,2018-10-19,27.5196,28.3567,27.3271,28.3567,1081423,0.2385,13363489776,20200624080,20.252,
000869.SZ,张裕A,2018-10-22,28.5876,30.0021,28.5876,29.9251,1472075,0.3246,14102630880,21317930400,21.3721,
000869.SZ,张裕A,2018-10-23,30.2138,30.2138,28.5395,28.8667,1071520,0.2363,13603824000,20563920000,20.6162,
000869.SZ,张裕A,2018-10-24,28.6838,29.1938,28.0776,28.8474,700767,0.1545,13594754784,20550210720,20.6025,
000869.SZ,张裕A,2018-10-25,28.0007,28.7512,27.7312,28.5299,613669,0.1353,13445112720,20324007600,20.3757,
000869.SZ,张裕A,2018-10-26,28.857,28.9918,28.3086,28.3856,450026,0.0992,13377093600,20221188000,20.2726,
000869.SZ,张裕A,2018-10-29,28.2701,28.2701,26.9422,27.2213,757150,0.167,12828406032,19391776560,19.4411,
000869.SZ,张裕A,2018-10-30,27.1058,27.2213,25.8838,26.8268,1296639,0.2859,12642487104,19110736320,19.3966,
000869.SZ,张裕A,2018-10-31,26.8364,27.4714,26.8364,27.2694,1114516,0.2458,12851079072,19426049760,19.7166,
000869.SZ,张裕A,2018-11-01,27.4907,27.9718,27.1924,27.2309,1566529,0.3455,12832940640,19398631200,19.6888,
000869.SZ,张裕A,2018-11-02,27.6158,28.8667,27.5099,28.5876,2102994,0.4638,13472320368,20365135440,20.6697,
000869.SZ,张裕A,2018-11-05,28.578,28.578,27.9141,28.3278,1350269,0.2978,13349885952,20180060160,20.4819,
000869.SZ,张裕A,2018-11-06,28.3374,28.3374,27.5292,27.7986,1214429,0.2678,13100482512,19803054960,20.0992,
000869.SZ,张裕A,2018-11-07,27.8467,28.0969,27.6254,27.6928,1062267,0.2343,13050601824,19727653920,20.0227,
000869.SZ,张裕A,2018-11-08,27.9044,28.0969,27.6254,27.6831,910657,0.2008,13046067216,19720799280,20.0157,
000869.SZ,张裕A,2018-11-09,27.6639,27.6831,26.8845,26.9807,1375069,0.3032,12715040832,19220410560,19.5079,
000869.SZ,张裕A,2018-11-12,27.0384,27.5003,26.8171,27.4714,1046569,0.2308,12946305840,19569997200,19.8627,
000869.SZ,张裕A,2018-11-13,27.202,28.0776,27.1347,27.9526,1438403,0.3172,13173036240,19912729200,20.2105,
000869.SZ,张裕A,2018-11-14,27.9526,28.0969,27.7697,27.8275,1001758,0.2209,13114086336,19823618880,20.1201,
000869.SZ,张裕A,2018-11-15,27.9141,28.145,27.8082,28.0873,1374448,0.3031,13236520752,20008694160,20.3079,
000869.SZ,张裕A,2018-11-16,28.1161,28.501,28.1161,28.3663,1227106,0.2706,13368024384,20207478720,20.5097,
000869.SZ,张裕A,2018-11-19,28.3182,28.6165,28.1835,28.3278,1450462,0.3199,13349885952,20180060160,20.4819,
000869.SZ,张裕A,2018-11-20,28.1835,28.2797,27.5196,27.5484,1164394,0.2568,12982582704,19624834320,19.9183,
000869.SZ,张裕A,2018-11-21,27.3271,27.6158,27.2501,27.5292,1003989,0.2214,12973513488,19611125040,19.9044,
000869.SZ,张裕A,2018-11-22,27.6446,27.6928,27.2309,27.5196,802180,0.1769,12968978880,19604270400,19.8975,
000869.SZ,张裕A,2018-11-23,27.5677,27.6062,26.6824,26.692,1119110,0.2468,12579002592,19014771360,19.2992,
000869.SZ,张裕A,2018-11-26,26.692,26.8268,25.9992,26.2206,1007647,0.2222,12356806800,18678894000,18.9583,
000869.SZ,张裕A,2018-11-27,26.3456,26.4419,26.1724,26.3649,470533,0.1038,12424825920,18781713600,19.0626,
000869.SZ,张裕A,2018-11-28,26.3649,26.5092,26.0185,26.49,936851,0.2066,12483775824,18870823920,19.1531,
000869.SZ,张裕A,2018-11-29,26.6151,26.8941,26.0377,26.1243,1444237,0.3185,12311460720,18610347600,18.8887,
000869.SZ,张裕A,2018-11-30,26.134,26.5573,25.98,26.3938,1464111,0.3229,12438429744,18802277520,19.0835,
000869.SZ,张裕A,2018-12-03,26.8941,27.2982,26.5188,27.1347,3850306,0.8491,12787594560,19330084800,19.6192,
000869.SZ,张裕A,2018-12-04,27.0577,27.0769,26.769,27,1415926,0.3122,12724110048,19234119840,19.5218,
000869.SZ,张裕A,2018-12-05,26.6536,27.0577,26.4322,26.7786,1642164,0.3621,12619814064,19076463120,19.3618,
000869.SZ,张裕A,2018-12-06,26.6536,26.7402,26.2687,26.3841,1335166,0.2944,12433895136,18795422880,19.0765,
000869.SZ,张裕A,2018-12-07,26.413,26.6054,26.336,26.3841,666822,0.1471,12433895136,18795422880,19.0765,
000869.SZ,张裕A,2018-12-10,26.336,26.4419,26.1821,26.2302,684605,0.151,12361341408,18685748640,18.9652,
000869.SZ,张裕A,2018-12-11,26.2302,26.4707,26.057,26.1724,864717,0.1907,12334133760,18644620800,18.9235,
000869.SZ,张裕A,2018-12-12,26.1917,27.3175,26.1917,27.279,2756454,0.6079,12855613680,19432904400,19.7235,
000869.SZ,张裕A,2018-12-13,27.3848,27.4137,26.8941,27.1828,2103818,0.4639,12810267600,19364358000,19.654,
000869.SZ,张裕A,2018-12-14,27.125,27.1443,26.567,26.6536,1561052,0.3443,12560864160,18987352800,19.2713,
000869.SZ,张裕A,2018-12-17,26.567,26.7402,26.2302,26.4515,1155633,0.2548,12465637392,18843405360,19.1252,
000869.SZ,张裕A,2018-12-18,26.2013,26.4996,25.9896,26.3649,1092417,0.2409,12424825920,18781713600,19.0626,
000869.SZ,张裕A,2018-12-19,26.2879,26.5092,26.1628,26.2206,762042,0.1681,12356806800,18678894000,18.9583,
000869.SZ,张裕A,2018-12-20,26.1436,26.7017,26.0762,26.5766,1004240,0.2215,12524587296,18932515680,19.2157,
000869.SZ,张裕A,2018-12-21,26.5381,26.5381,26.1628,26.3072,708826,0.1563,12397618272,18740585760,19.0209,
000869.SZ,张裕A,2018-12-24,26.2687,26.4611,26.1724,26.3456,803523,0.1772,12415756704,18768004320,19.0487,
000869.SZ,张裕A,2018-12-25,26.1243,26.1628,25.4027,25.6336,1918805,0.4231,12080195712,18260760960,18.5339,
000869.SZ,张裕A,2018-12-26,25.6336,25.701,25.0755,25.0755,1290190,0.2845,11817188448,17863191840,18.1304,
000869.SZ,张裕A,2018-12-27,25.3546,25.6336,25.0274,25.0274,1019284,0.2248,11794515408,17828918640,18.0956,
000869.SZ,张裕A,2018-12-28,25.191,25.2487,24.835,25.0178,1013528,0.2235,11789980800,17822064000,18.0886,
000869.SZ,张裕A,2019-01-02,25.037,25.2006,24.6329,24.7291,878013,0.1936,11653942560,17616424800,17.8799,
000869.SZ,张裕A,2019-01-03,24.7484,24.9408,24.1806,24.2384,1145650,0.2526,11422677552,17266838160,17.5251,
000869.SZ,张裕A,2019-01-04,24.0556,24.604,23.9112,24.5752,1367411,0.3015,11581388832,17506750560,17.7686,
000869.SZ,张裕A,2019-01-07,24.7772,25.114,24.6425,25.0948,1462093,0.3224,11826257664,17876901120,18.1443,
000869.SZ,张裕A,2019-01-08,24.9216,25.0082,24.7772,24.8542,825827,0.1821,11712892464,17705535120,17.9703,
000869.SZ,张裕A,2019-01-09,24.8734,25.3449,24.8734,24.9312,1420339,0.3132,11749169328,17760372240,18.026,
000869.SZ,张裕A,2019-01-10,24.8831,25.0755,24.7965,24.9216,770659,0.17,11744634720,17753517600,18.019,
000869.SZ,张裕A,2019-01-11,25.0178,25.1717,24.9216,25.1044,820944,0.181,11830792272,17883755760,18.1512,
000869.SZ,张裕A,2019-01-14,25.1429,25.1429,24.681,24.7099,828435,0.1827,11644873344,17602715520,17.866,
000869.SZ,张裕A,2019-01-15,24.8253,25.7972,24.6906,25.7106,2250740,0.4963,12116472576,18315598080,18.5895,
000869.SZ,张裕A,2019-01-16,25.6528,25.6528,25.1525,25.4219,1877326,0.414,11980434336,18109958880,18.3808,
000869.SZ,张裕A,2019-01-17,25.4123,25.4412,25.1044,25.1332,976476,0.2153,11844396096,17904319680,18.1721,
000869.SZ,张裕A,2019-01-18,25.191,25.6432,25.191,25.5759,1797545,0.3964,12052988064,18219633120,18.4921,
000869.SZ,张裕A,2019-01-21,25.5278,26.2206,25.5278,25.8838,2489123,0.5489,12198095520,18438981600,18.7148,
000869.SZ,张裕A,2019-01-22,25.903,25.903,25.3449,25.4989,1210188,0.2669,12016711200,18164796000,18.4365,
000869.SZ,张裕A,2019-01-23,25.3546,25.6432,25.3353,25.5662,939928,0.2073,12048453456,18212778480,18.4852,
000869.SZ,张裕A,2019-01-24,25.5951,25.6721,25.2968,25.6047,1026181,0.2263,12066591888,18240197040,18.513,
000869.SZ,张裕A,2019-01-25,25.6047,25.8838,25.4027,25.5951,1314121,0.2898,12062057280,18233342400,18.506,
000869.SZ,张裕A,2019-01-28,25.6625,26.134,25.6432,25.8164,1614920,0.3561,12166353264,18390999120,18.6661,
000869.SZ,张裕A,2019-01-29,25.6913,25.8164,25.2102,25.4315,1208908,0.2666,11984968944,18116813520,18.3878,
000869.SZ,张裕A,2019-01-30,25.4315,25.5566,24.9312,24.9408,1087878,0.2399,11753703936,17767226880,18.033,
000869.SZ,张裕A,2019-01-31,25.0274,25.3738,24.8734,25.037,1150096,0.2536,11799050016,17835773280,18.1025,
000869.SZ,张裕A,2019-02-01,25.0755,25.6528,25.0755,25.6336,1071879,0.2364,12080195712,18260760960,18.5339,
000869.SZ,张裕A,2019-02-11,25.547,26.5766,25.4893,26.3938,2207917,0.4869,12438429744,18802277520,19.0835,
000869.SZ,张裕A,2019-02-12,26.2975,26.6536,26.1917,26.6247,2632129,0.5805,12547260336,18966788880,19.2505,
000869.SZ,张裕A,2019-02-13,26.6247,26.9422,26.4804,26.8556,2764430,0.6096,12656090928,19131300240,19.4174,
000869.SZ,张裕A,2019-02-14,26.846,27.1732,26.7498,27.0384,2664409,0.5876,12742248480,19261538400,19.5496,
000869.SZ,张裕A,2019-02-15,26.9422,26.9807,26.413,26.5285,2351697,0.5186,12501914256,18898242480,19.1809,
000869.SZ,张裕A,2019-02-18,26.6151,27.1924,26.6151,27.1924,2632844,0.5806,12814802208,19371212640,19.6609,
000869.SZ,张裕A,2019-02-19,27.1347,27.4041,26.7209,26.846,2373000,0.5233,12651556320,19124445600,19.4105,
000869.SZ,张裕A,2019-02-20,26.8845,27.1924,26.6247,26.8268,1945258,0.429,12642487104,19110736320,19.3966,
000869.SZ,张裕A,2019-02-21,26.8941,27.1443,26.7979,26.8364,2372268,0.5231,12647021712,19117590960,19.4035,
000869.SZ,张裕A,2019-02-22,26.8364,27.0384,26.5285,26.9422,2039729,0.4498,12696902400,19192992000,19.48,
000869.SZ,张裕A,2019-02-25,27.125,28.1642,26.9807,28.1546,4066879,0.8969,13268263008,20056676640,20.3566,
000869.SZ,张裕A,2019-02-26,28.1642,28.578,27.712,28.222,3772966,0.832,13300005264,20104659120,20.4053,
000869.SZ,张裕A,2019-02-27,28.1739,29.1457,28.0969,28.501,4415873,0.9738,13431508896,20303443680,20.6071,
000869.SZ,张裕A,2019-02-28,28.424,28.7512,28.0969,28.3471,2134673,0.4708,13358955168,20193769440,20.4958,
000869.SZ,张裕A,2019-03-01,28.3856,28.9918,28.068,28.6838,2687620,0.5927,13517666448,20433681840,20.7393,
000869.SZ,张裕A,2019-03-04,28.7031,29.3382,28.1931,28.7704,4684688,1.0331,13558477920,20495373600,20.8019,
000869.SZ,张裕A,2019-03-05,28.8667,29.29,28.6838,29.2612,3486886,0.7689,13789742928,20844960240,21.1567,
000869.SZ,张裕A,2019-03-06,29.2997,29.5306,28.9821,29.4055,3402509,0.7503,13857762048,20947779840,21.2611,
000869.SZ,张裕A,2019-03-07,29.444,29.444,28.8667,29.0206,3428769,0.7561,13676377728,20673594240,20.9828,
000869.SZ,张裕A,2019-03-08,28.6261,28.8474,27.712,27.712,3798582,0.8377,13059671040,19741363200,20.0366,
000869.SZ,张裕A,2019-03-11,27.7697,28.4529,27.7601,28.4529,2340285,0.5161,13408835856,20269170480,20.5723,
000869.SZ,张裕A,2019-03-12,28.5395,28.9052,28.2893,28.5491,3087999,0.681,13454181936,20337716880,20.6419,
000869.SZ,张裕A,2019-03-13,28.578,28.7704,27.9333,28.0969,2233626,0.4926,13241055360,20015548800,20.3149,
000869.SZ,张裕A,2019-03-14,28.0776,28.2701,27.6928,27.8563,2143083,0.4726,13127690160,19844182800,20.141,
000869.SZ,张裕A,2019-03-15,28.0776,28.5588,27.7216,28.145,3357828,0.7405,13263728400,20049822000,20.3497,
000869.SZ,张裕A,2019-03-18,28.1739,30.1945,28.1546,29.9251,9020144,1.9892,14102630880,21317930400,21.6368,
000869.SZ,张裕A,2019-03-19,29.9828,30.6756,29.3478,29.6172,6117704,1.3491,13957523424,21098581920,21.4141,
000869.SZ,张裕A,2019-03-20,29.6172,31.176,29.3478,30.6468,8596705,1.8958,14442726480,21832028400,22.1586,
000869.SZ,张裕A,2019-03-21,30.4062,30.5794,29.9251,30.2811,5166575,1.1394,14270411376,21571552080,21.8942,
000869.SZ,张裕A,2019-03-22,30.2619,30.897,29.6268,30.1272,4365937,0.9628,14197857648,21461877840,21.7829,
000869.SZ,张裕A,2019-03-25,29.7134,30.0213,29.3382,29.5402,3290712,0.7257,13921246560,21043744800,21.3585,
000869.SZ,张裕A,2019-03-26,29.5498,29.9444,29.367,29.5691,3129771,0.6902,13934850384,21064308720,21.3793,
000869.SZ,张裕A,2019-03-27,29.6461,30.3581,29.4248,30.1272,4500192,0.9924,14197857648,21461877840,21.7829,
000869.SZ,张裕A,2019-03-28,30.0694,30.3485,29.3478,29.5402,3531067,0.7787,13921246560,21043744800,21.3585,
000869.SZ,张裕A,2019-03-29,29.4344,30.82,29.4344,30.7622,6775584,1.4942,14497141776,21914284080,22.242,
000869.SZ,张裕A,2019-04-01,30.743,31.9362,30.6083,31.686,8464148,1.8666,14932464144,22572329520,22.9099,
000869.SZ,张裕A,2019-04-02,31.609,31.609,30.897,31.099,5660595,1.2483,14655853056,22154196480,22.4855,
000869.SZ,张裕A,2019-04-03,31.0509,32.0228,30.8585,31.7148,4885576,1.0774,14946067968,22592893440,22.9308,
000869.SZ,张裕A,2019-04-04,31.8496,32.2633,31.176,31.9362,6169602,1.3606,15050363952,22750550160,23.0908,
000869.SZ,张裕A,2019-04-08,32.042,32.6867,31.253,31.6956,5569807,1.2283,14936998752,22579184160,22.9169,
000869.SZ,张裕A,2019-04-09,31.7437,31.7437,31.0317,31.6764,2966591,0.6542,14927929536,22565474880,22.903,
000869.SZ,张裕A,2019-04-10,31.4647,32.6867,31.3492,32.2441,5561531,1.2265,15195471408,22969898640,23.3134,
000869.SZ,张裕A,2019-04-11,32.042,32.2056,30.8681,30.9066,4328776,0.9546,14565160896,22017103680,22.3464,
000869.SZ,张裕A,2019-04-12,30.9932,31.4358,30.7911,31.1664,2160627,0.4765,14687595312,22202178960,22.5342,
000869.SZ,张裕A,2019-04-15,31.3684,31.7245,31.1568,31.2241,2667725,0.5883,14714802960,22243306800,22.576,
000869.SZ,张裕A,2019-04-16,30.9836,31.5032,30.6468,31.4262,2645854,0.5835,14810029728,22387254240,22.7221,
000869.SZ,张裕A,2019-04-17,31.4262,31.5513,30.7911,31.2818,2450768,0.5405,14742010608,22284434640,22.6177,
000869.SZ,张裕A,2019-04-18,31.2915,31.9458,31.176,31.33,2880472,0.6352,14764683648,22318707840,22.6525,
000869.SZ,张裕A,2019-04-19,31.3492,31.5609,30.8873,31.4839,2079635,0.4586,14837237376,22428382080,22.7638,
000869.SZ,张裕A,2019-04-22,31.8014,32.8984,31.7148,31.8496,4928951,1.087,15009552480,22688858400,21.7611,
000869.SZ,张裕A,2019-04-23,31.8977,31.9458,31.253,31.4647,2972886,0.6556,14828168160,22414672800,21.4981,
000869.SZ,张裕A,2019-04-24,31.4935,31.8014,30.7238,31.253,2193393,0.4837,14728406784,22263870720,21.3535,
000869.SZ,张裕A,2019-04-25,31.2241,31.5513,30.1176,30.2426,2741155,0.6045,14252272944,21544133520,20.6632,
000869.SZ,张裕A,2019-04-26,30.1657,30.3581,29.444,29.6364,2639111,0.582,13966592640,21112291200,20.249,
000869.SZ,张裕A,2019-04-29,29.165,29.2997,27.6639,28.0488,5274244,1.1631,13218382320,19981275600,19.5977,
000869.SZ,张裕A,2019-04-30,27.8467,28.5203,27.8467,28.3182,2172140,0.479,13345351344,20173205520,19.786,
000869.SZ,张裕A,2019-05-06,27.7986,28.1835,26.8268,27.1443,3180761,0.7014,12792129168,19336939440,18.9658,
000869.SZ,张裕A,2019-05-07,27.4618,27.8756,27.1732,27.5003,2044358,0.4508,12959909664,19590561120,19.2145,
000869.SZ,张裕A,2019-05-08,27.0769,27.7216,27.0192,27.356,1694081,0.3736,12891890544,19487741520,19.1137,
000869.SZ,张裕A,2019-05-09,27.1635,27.4522,27.0096,27.1154,1360462,0.3,12778525344,19316375520,18.9456,
000869.SZ,张裕A,2019-05-10,27.3079,27.9044,27.1539,27.789,3087694,0.6809,13095947904,19796200320,19.4162,
000869.SZ,张裕A,2019-05-13,27.558,28.1931,27.3367,27.9333,2143170,0.4726,13163967024,19899019920,19.5171,
000869.SZ,张裕A,2019-05-14,27.7409,27.8178,27.3367,27.3945,1748855,0.3857,12910028976,19515160080,19.1406,
000869.SZ,张裕A,2019-05-15,27.6928,28.3374,27.6735,28.1931,2835571,0.6253,13286401440,20084095200,19.6986,
000869.SZ,张裕A,2019-05-16,28.2893,28.4818,28.0295,28.1642,2422608,0.5342,13272797616,20063531280,19.6784,
000869.SZ,张裕A,2019-05-17,28.2412,28.3374,27.1828,27.3271,2087984,0.4605,12878286720,19467177600,19.0935,
000869.SZ,张裕A,2019-05-20,27.3464,27.4233,26.5958,27.1443,1802310,0.3975,12792129168,19336939440,18.9658,
000869.SZ,张裕A,2019-05-21,27.3175,28.2124,26.8364,27.8275,2841892,0.6267,13114086336,19823618880,19.4431,
000869.SZ,张裕A,2019-05-22,27.7024,28.145,27.5965,27.6928,1706073,0.3762,13050601824,19727653920,19.349,
000869.SZ,张裕A,2019-05-23,27.6446,27.7024,26.9134,27,1939138,0.4276,12724110048,19234119840,18.8649,
000869.SZ,张裕A,2019-05-24,26.846,27.3752,26.846,27.0384,977775,0.2156,12742248480,19261538400,18.8918,
000869.SZ,张裕A,2019-05-27,27.0384,27.6831,26.846,27.5965,1442459,0.3181,13005255744,19659107520,19.2818,
000869.SZ,张裕A,2019-05-28,27.5196,27.9622,27.3752,27.4618,1146287,0.2528,12941771232,19563142560,19.1876,
000869.SZ,张裕A,2019-05-29,27.4522,28.0392,27.3752,27.7601,1259177,0.2777,13082344080,19775636400,19.3961,
000869.SZ,张裕A,2019-05-30,27.9044,28.1258,27.5677,27.9044,1330297,0.2934,13150363200,19878456000,19.4969,
000869.SZ,张裕A,2019-05-31,27.789,28.0969,27.6158,27.7505,1026190,0.2263,13077809472,19768781760,19.3893,
000869.SZ,张裕A,2019-06-03,27.712,28.1835,27.5196,27.8563,1591198,0.3509,13127690160,19844182800,19.4633,
000869.SZ,张裕A,2019-06-04,28.0103,28.0103,27.3656,27.5196,1316554,0.2903,12968978880,19604270400,19.228,
000869.SZ,张裕A,2019-06-05,27.7505,28.0873,26.9518,27.9814,1762994,0.3888,13186640064,19933293120,19.5507,
000869.SZ,张裕A,2019-06-06,27.991,28.068,27.5388,27.6254,1140808,0.2516,13018859568,19679671440,19.3019,
000869.SZ,张裕A,2019-06-10,27.8563,27.9141,27.4907,27.6158,1303569,0.2875,13014324960,19672816800,19.2952,
000869.SZ,张裕A,2019-06-11,27.7505,28.5684,27.6639,28.5684,2371268,0.5229,13463251152,20351426160,19.9608,
000869.SZ,张裕A,2019-06-12,28.3856,28.5395,28.0776,28.3086,1224439,0.27,13340816736,20166350880,19.7793,
000869.SZ,张裕A,2019-06-13,28.3856,28.4722,28.1258,28.3182,1187103,0.2618,13345351344,20173205520,19.786,
000869.SZ,张裕A,2019-06-14,28.5588,28.5588,27.9141,27.9141,2417663,0.5332,13154897808,19885310640,19.5036,
000869.SZ,张裕A,2019-06-17,27.9622,28.4722,27.9044,28.3856,1443535,0.3183,13377093600,20221188000,19.8331,
000869.SZ,张裕A,2019-06-18,28.3856,28.9725,28.222,28.8186,1934033,0.4265,13581150960,20529646800,20.1356,
000869.SZ,张裕A,2019-06-19,29.1361,30.0887,29.0302,29.6653,3632034,0.801,13980196464,21132855120,20.7272,
000869.SZ,张裕A,2019-06-20,29.6653,30.464,29.4248,30.1657,3221487,0.7104,14215996080,21489296400,21.0768,
000869.SZ,张裕A,2019-06-21,30.1657,30.5602,30.0213,30.2715,2395881,0.5284,14265876768,21564697440,21.1508,
000869.SZ,张裕A,2019-06-24,30.2619,30.4928,29.954,30.2619,1589671,0.3506,14261342160,21557842800,21.1441,
000869.SZ,张裕A,2019-06-25,30.1176,30.4736,29.8385,30.2811,1817858,0.4009,14270411376,21571552080,21.1575,
000869.SZ,张裕A,2019-06-26,30.2426,30.7334,30.0791,30.7141,1886147,0.4159,14474468736,21880010880,21.46,
000869.SZ,张裕A,2019-06-27,30.7238,31.0798,30.464,30.5794,2110885,0.4655,14410984224,21784045920,21.3659,
000869.SZ,张裕A,2019-06-28,30.5602,31.4166,30.4832,30.9066,2912828,0.6424,14565160896,22017103680,21.5945,
000869.SZ,张裕A,2019-07-01,31.2241,31.609,30.9451,31.4647,2621546,0.5781,14828168160,22414672800,21.9844,
000869.SZ,张裕A,2019-07-02,31.4647,31.7052,31.1856,31.3684,2338719,0.5157,14782822080,22346126400,21.9172,
000869.SZ,张裕A,2019-07-03,31.3684,32.4076,30.9354,31.3011,4200897,0.9264,14751079824,22298143920,21.8701,
000869.SZ,张裕A,2019-07-04,31.176,31.3588,30.4543,30.6756,2946630,0.6498,14456330304,21852592320,21.4331,
000869.SZ,张裕A,2019-07-05,30.7911,31.4262,30.6468,31.2722,2693530,0.594,14737476000,22277580000,21.85,
000869.SZ,张裕A,2019-07-08,31.4977,31.4977,30.2919,30.3703,2032898,0.4483,14048215584,21235674720,20.8281,
000869.SZ,张裕A,2019-07-09,30.3605,31.9094,30.3115,31.8506,3438204,0.7582,14732941392,22270725360,21.8433,
000869.SZ,张裕A,2019-07-10,31.6546,31.6742,30.684,30.7625,2784700,0.6141,14229599904,21509860320,21.097,
000869.SZ,张裕A,2019-07-11,30.8801,30.9291,30.3605,30.4586,2010411,0.4433,14089027056,21297366480,20.8886,
000869.SZ,张裕A,2019-07-12,30.5076,30.7625,30.2919,30.4586,1356092,0.2991,14089027056,21297366480,20.8886,
000869.SZ,张裕A,2019-07-15,30.2919,30.5664,29.6057,30.2331,1772533,0.3909,13984731072,21139709760,20.7339,
000869.SZ,张裕A,2019-07-16,30.2919,31.0566,30.1841,30.3997,1856548,0.4094,14061819408,21256238640,20.8482,
000869.SZ,张裕A,2019-07-17,30.684,30.684,30.1154,30.3311,1192225,0.2629,14030077152,21208256160,20.8012,
000869.SZ,张裕A,2019-07-18,30.1841,30.1939,29.4194,29.5076,1737839,0.3832,13649170080,20632466400,20.2364,
000869.SZ,张裕A,2019-07-19,29.841,29.8802,29.3704,29.4684,1111629,0.2451,13631031648,20605047840,20.2095,
000869.SZ,张裕A,2019-07-22,29.4684,29.6253,28.8214,28.8508,1439379,0.3174,13345351344,20173205520,19.786,
000869.SZ,张裕A,2019-07-23,29.1547,29.1547,28.7528,29.0371,879306,0.1939,13431508896,20303443680,19.9137,
000869.SZ,张裕A,2019-07-24,29.0371,29.4292,28.9881,29.341,1293803,0.2853,13572081744,20515937520,20.1221,
000869.SZ,张裕A,2019-07-25,29.0959,29.4586,29.0175,29.4096,1239489,0.2733,13603824000,20563920000,20.1692,
000869.SZ,张裕A,2019-07-26,29.439,29.6155,29.292,29.4978,847936,0.187,13644635472,20625611760,20.2297,
000869.SZ,张裕A,2019-07-29,29.488,29.6253,29.3116,29.4586,802146,0.1769,13626497040,20598193200,20.2028,
000869.SZ,张裕A,2019-07-30,29.4292,29.7331,29.4292,29.5076,915784,0.202,13649170080,20632466400,20.2364,
000869.SZ,张裕A,2019-07-31,29.5567,29.5959,29.0861,29.2136,870014,0.1919,13513131840,20426827200,20.0347,
000869.SZ,张裕A,2019-08-01,29.2037,29.2136,28.6254,28.6842,1099677,0.2425,13268263008,20056676640,19.6717,
000869.SZ,张裕A,2019-08-02,28.4293,28.6352,27.9783,28.1744,1577213,0.3478,13032463392,19700235360,19.3221,
000869.SZ,张裕A,2019-08-05,28.1646,28.194,27.6941,27.8509,1062884,0.2344,12882821328,19474032240,19.1002,
000869.SZ,张裕A,2019-08-06,27.6254,27.9391,26.998,27.498,1746741,0.3852,12719575440,19227265200,18.8582,
000869.SZ,张裕A,2019-08-07,27.6058,27.645,27.1353,27.3117,1053497,0.2323,12633417888,19097027040,18.7305,
000869.SZ,张裕A,2019-08-08,27.3411,27.8803,27.3411,27.8411,1163168,0.2565,12878286720,19467177600,19.0935,
000869.SZ,张裕A,2019-08-09,27.9489,28.047,27.3313,27.4,954658,0.2105,12674229360,19158718800,18.791,
000869.SZ,张裕A,2019-08-12,27.3705,28.4293,27.3705,28.3509,1356629,0.2992,13114086336,19823618880,19.4431,
000869.SZ,张裕A,2019-08-13,28.0568,28.4097,28.0568,28.2528,812281,0.1791,13068740256,19755072480,19.3759,
000869.SZ,张裕A,2019-08-14,28.6058,28.6744,28.1254,28.2921,1009157,0.2225,13086878688,19782491040,19.4028,
000869.SZ,张裕A,2019-08-15,27.8901,28.2921,27.7627,28.1548,952935,0.2101,13023394176,19686526080,19.3087,
000869.SZ,张裕A,2019-08-16,28.1058,28.89,28.1058,28.6352,1660261,0.3661,13245589968,20022403440,19.6381,
000869.SZ,张裕A,2019-08-19,28.694,29.2822,28.694,29.2234,1557844,0.3435,13517666448,20433681840,20.0415,
000869.SZ,张裕A,2019-08-20,29.2234,29.4684,28.9881,29.1547,1205130,0.2658,13485924192,20385699360,19.9944,
000869.SZ,张裕A,2019-08-21,29.0077,29.0665,28.5763,28.6744,1219068,0.2688,13263728400,20049822000,19.665,
000869.SZ,张裕A,2019-08-22,28.8214,29.0077,28.5273,28.8606,1209754,0.2668,13349885952,20180060160,19.7927,
000869.SZ,张裕A,2019-08-23,28.8802,28.8802,28.4195,28.743,1277535,0.2817,13295470656,20097804480,19.712,
000869.SZ,张裕A,2019-08-26,28.4195,28.6646,27.9587,28.1352,1383877,0.3052,13014324960,19672816800,19.2952,
000869.SZ,张裕A,2019-08-27,28.3117,29.2136,28.2724,28.9979,2297358,0.5066,13413370464,20276025120,19.8868,
000869.SZ,张裕A,2019-08-28,28.6254,28.8214,28.3215,28.3607,2104002,0.464,13118620944,19830473520,19.6303,
000869.SZ,张裕A,2019-08-29,28.4097,28.5077,27.8607,27.9293,1810094,0.3992,12919098192,19528869360,19.3317,
000869.SZ,张裕A,2019-08-30,28.0764,28.7136,28.0274,28.3215,2052365,0.4526,13100482512,19803054960,19.6031,
000869.SZ,张裕A,2019-09-02,28.243,28.5665,28.0372,28.5273,2003936,0.4419,13195709280,19947002400,19.7456,
000869.SZ,张裕A,2019-09-03,28.5469,28.7822,28.4293,28.5665,1325076,0.2922,13213847712,19974420960,19.7728,
000869.SZ,张裕A,2019-09-04,28.6744,28.6842,28.4097,28.596,1286300,0.2837,13227451536,19994984880,19.7931,
000869.SZ,张裕A,2019-09-05,28.6646,29.1547,28.6646,28.8606,2335224,0.515,13349885952,20180060160,19.9763,
000869.SZ,张裕A,2019-09-06,28.9293,29.1743,28.6744,29.0077,2021303,0.4458,13417905072,20282879760,20.0781,
000869.SZ,张裕A,2019-09-09,29.2626,29.439,28.9881,29.3508,2051095,0.4523,13576616352,20522792160,20.3156,
000869.SZ,张裕A,2019-09-10,29.3312,29.7037,29.0567,29.6743,2028471,0.4473,13726258416,20748995280,20.5395,
000869.SZ,张裕A,2019-09-11,29.7037,29.8017,29.2037,29.2332,1465477,0.3232,13522201056,20440536480,20.2342,
000869.SZ,张裕A,2019-09-12,29.243,29.4194,29.0763,29.3998,1257941,0.2774,13599289392,20557065360,20.3495,
000869.SZ,张裕A,2019-09-16,29.4096,29.6547,29.1155,29.2234,1394048,0.3074,13517666448,20433681840,20.2274,
000869.SZ,张裕A,2019-09-17,29.243,29.3116,28.5175,28.5665,1455101,0.3209,13213847712,19974420960,19.7728,
000869.SZ,张裕A,2019-09-18,28.6058,29.3704,28.5861,29.1841,1751726,0.3863,13499528016,20406263280,20.2002,
000869.SZ,张裕A,2019-09-19,29.39,29.39,28.7528,29.0763,1362086,0.3004,13449647328,20330862240,20.1256,
000869.SZ,张裕A,2019-09-20,29.2724,29.9978,29.0861,29.841,2912702,0.6423,13803346752,20865524160,20.6549,
000869.SZ,张裕A,2019-09-23,29.6449,29.7429,28.9783,29.1351,1925680,0.4247,13476854976,20371990080,20.1663,
000869.SZ,张裕A,2019-09-24,29.0371,30.5272,29.0371,30.0762,3839546,0.8467,13912177344,21030035520,20.8177,
000869.SZ,张裕A,2019-09-25,29.8508,30.9095,29.8508,30.3997,4121261,0.9088,14061819408,21256238640,21.0416,
000869.SZ,张裕A,2019-09-26,30.3703,30.8703,29.5567,29.6841,2809029,0.6195,13730793024,20755849920,20.5463,
000869.SZ,张裕A,2019-09-27,29.6841,30.2429,29.439,30.0174,1748909,0.3857,13884969696,20988907680,20.777,
000869.SZ,张裕A,2019-09-30,29.9782,30.488,29.4586,29.4586,1252824,0.2763,13626497040,20598193200,20.3902,
000869.SZ,张裕A,2019-10-08,29.5076,30.4488,29.4978,29.7429,1950165,0.4301,13758000672,20796977760,20.587,
000869.SZ,张裕A,2019-10-09,29.5371,29.8508,28.4195,29.1155,1879502,0.4145,13467785760,20358280800,20.1527,
000869.SZ,张裕A,2019-10-10,29.1253,29.2136,28.7234,28.9587,1262973,0.2785,13395232032,20248606560,20.0442,
000869.SZ,张裕A,2019-10-11,28.9783,29.1449,28.7528,28.8214,1185131,0.2614,13331747520,20152641600,19.9492,
000869.SZ,张裕A,2019-10-14,28.9587,29.1351,28.7234,29.1057,1619350,0.3571,13463251152,20351426160,20.146,
000869.SZ,张裕A,2019-10-15,29.1253,29.3116,28.8802,29.0861,1657454,0.3655,13454181936,20337716880,20.1324,
000869.SZ,张裕A,2019-10-16,29.0959,29.0959,28.4587,28.5175,1653980,0.3647,13191174672,19940147760,19.7388,
000869.SZ,张裕A,2019-10-17,28.5175,28.6744,28.4097,28.6254,789200,0.174,13241055360,20015548800,19.8135,
000869.SZ,张裕A,2019-10-18,28.6058,28.7626,27.8999,27.9587,1755062,0.387,12932702016,19549433280,19.3521,
000869.SZ,张裕A,2019-10-21,27.9882,28.1352,27.6548,28.0568,804121,0.1773,12978048096,19617979680,19.4199,
000869.SZ,张裕A,2019-10-22,28.1254,28.4293,27.998,28.4195,712046,0.157,13145828592,19871601360,19.671,
000869.SZ,张裕A,2019-10-23,28.4097,28.4097,28.1548,28.1646,643523,0.1419,13027928784,19693380720,19.4945,
000869.SZ,张裕A,2019-10-24,28.1646,28.2528,27.8607,28.0764,680175,0.15,12987117312,19631688960,19.4335,
000869.SZ,张裕A,2019-10-25,28.0862,28.5175,27.9685,28.4195,983550,0.2169,13145828592,19871601360,19.671,
000869.SZ,张裕A,2019-10-28,28.5175,28.6254,28.3803,28.4979,1046918,0.2309,13182105456,19926438480,19.7253,
000869.SZ,张裕A,2019-10-29,28.596,28.6548,28.2822,28.5273,974245,0.2148,13195709280,19947002400,19.7456,
000869.SZ,张裕A,2019-10-30,28.5077,28.5077,27.9391,28.1254,852620,0.188,13009790352,19665962160,19.6298,
000869.SZ,张裕A,2019-10-31,28.1254,28.4097,27.8999,27.8999,957435,0.2111,12905494368,19508305440,19.4725,
000869.SZ,张裕A,2019-11-01,27.8999,28.3313,27.8117,28.145,827525,0.1825,13018859568,19679671440,19.6435,
000869.SZ,张裕A,2019-11-04,28.2822,28.5077,28.1646,28.1646,837322,0.1847,13027928784,19693380720,19.6572,
000869.SZ,张裕A,2019-11-05,28.1842,28.4783,28.1352,28.3509,928620,0.2048,13114086336,19823618880,19.7872,
000869.SZ,张裕A,2019-11-06,28.3901,28.6646,28.0666,28.2332,894206,0.1972,13059671040,19741363200,19.7051,
000869.SZ,张裕A,2019-11-07,28.2626,28.5469,28.1646,28.3901,808347,0.1783,13132224768,19851037440,19.8146,
000869.SZ,张裕A,2019-11-08,28.4685,28.5861,28.2038,28.243,904303,0.1994,13064205648,19748217840,19.7119,
000869.SZ,张裕A,2019-11-11,28.2332,28.2332,27.6646,27.7039,1174294,0.259,12814802208,19371212640,19.3356,
000869.SZ,张裕A,2019-11-12,27.7137,27.8901,27.3509,27.6058,900490,0.1986,12769456128,19302666240,19.2672,
000869.SZ,张裕A,2019-11-13,27.5274,27.8705,27.498,27.7333,916889,0.2022,12828406032,19391776560,19.3561,
000869.SZ,张裕A,2019-11-14,27.6646,27.9882,27.6254,27.8999,759526,0.1675,12905494368,19508305440,19.4725,
000869.SZ,张裕A,2019-11-15,27.9097,27.9882,27.6744,27.6744,538599,0.1188,12801198384,19350648720,19.3151,
000869.SZ,张裕A,2019-11-18,27.6744,28.096,27.6254,27.7333,943357,0.208,12828406032,19391776560,19.3561,
000869.SZ,张裕A,2019-11-19,27.7431,28.0862,27.7431,27.8803,870735,0.192,12896425152,19494596160,19.4588,
000869.SZ,张裕A,2019-11-20,27.9097,28.0176,27.645,27.6548,885000,0.1952,12792129168,19336939440,19.3014,
000869.SZ,张裕A,2019-11-21,27.645,27.7137,27.4882,27.645,507036,0.1118,12787594560,19330084800,19.2946,
000869.SZ,张裕A,2019-11-22,27.645,27.8803,27.1647,27.2921,1275623,0.2813,12624348672,19083317760,19.0483,
000869.SZ,张裕A,2019-11-25,27.3313,27.3705,26.9686,27.1059,951391,0.2098,12538191120,18953079600,18.9183,
000869.SZ,张裕A,2019-11-26,27.1255,27.2725,27.0667,27.0863,668565,0.1474,12529121904,18939370320,18.9046,
000869.SZ,张裕A,2019-11-27,27.1059,27.3019,27.047,27.1745,637390,0.1406,12569933376,19001062080,18.9661,
000869.SZ,张裕A,2019-11-28,27.1843,27.2235,27.0176,27.0667,501328,0.1106,12520052688,18925661040,18.8909,
000869.SZ,张裕A,2019-11-29,27.1745,27.1745,26.6647,26.8118,931183,0.2054,12402152880,18747440400,18.713,
000869.SZ,张裕A,2019-12-02,26.8412,26.998,26.802,26.9686,529446,0.1168,12474706608,18857114640,18.8225,
000869.SZ,张裕A,2019-12-03,26.9588,26.9588,26.4883,26.7431,640504,0.1412,12370410624,18699457920,18.6651,
000869.SZ,张裕A,2019-12-04,26.7824,26.8804,26.6647,26.7137,570250,0.1258,12356806800,18678894000,18.6446,
000869.SZ,张裕A,2019-12-05,26.7431,26.9,26.7333,26.8706,574331,0.1267,12429360528,18788568240,18.754,
000869.SZ,张裕A,2019-12-06,26.9,27.2431,26.8412,27.2431,955444,0.2107,12601675632,19049044560,19.014,
000869.SZ,张裕A,2019-12-09,27.1549,27.2725,27.0765,27.1647,732125,0.1615,12565398768,18994207440,18.9593,
000869.SZ,张裕A,2019-12-10,27.1353,27.2137,26.9882,27.1353,596345,0.1315,12551794944,18973643520,18.9388,
000869.SZ,张裕A,2019-12-11,27.1353,27.2333,26.9588,27.047,745141,0.1643,12510983472,18911951760,18.8772,
000869.SZ,张裕A,2019-12-12,27.0667,27.4784,27.0372,27.3804,1318130,0.2907,12665160144,19145009520,19.1098,
000869.SZ,张裕A,2019-12-13,27.4,27.645,27.3215,27.5568,1342173,0.296,12746783088,19268393040,19.233,
000869.SZ,张裕A,2019-12-16,27.449,27.6352,27.3019,27.6156,1150948,0.2538,12773990736,19309520880,19.274,
000869.SZ,张裕A,2019-12-17,27.6254,27.9882,27.4882,27.8705,1514763,0.334,12891890544,19487741520,19.4519,
000869.SZ,张裕A,2019-12-18,27.8705,27.9195,27.6058,27.6156,1619366,0.3571,12773990736,19309520880,19.274,
000869.SZ,张裕A,2019-12-19,27.645,27.6941,27.5078,27.6843,830953,0.1832,12805732992,19357503360,19.3219,
000869.SZ,张裕A,2019-12-20,27.6646,27.7921,27.596,27.6941,814697,0.1797,12810267600,19364358000,19.3288,
000869.SZ,张裕A,2019-12-23,27.7333,27.8999,27.3607,27.3705,1263034,0.2785,12660625536,19138154880,19.103,
000869.SZ,张裕A,2019-12-24,27.4686,27.7333,27.1549,27.4784,1037509,0.2288,12710506224,19213555920,19.1783,
000869.SZ,张裕A,2019-12-25,27.4686,27.645,27.3313,27.3705,813857,0.1795,12660625536,19138154880,19.103,
000869.SZ,张裕A,2019-12-26,27.3509,27.645,27.3509,27.6254,861221,0.1899,12778525344,19316375520,19.2809,
000869.SZ,张裕A,2019-12-27,27.6254,27.8901,27.5568,27.5862,1290523,0.2846,12760386912,19288956960,19.2535,
000869.SZ,张裕A,2019-12-30,27.5764,28.3019,27.5078,28.145,2436980,0.5374,13018859568,19679671440,19.6435,
000869.SZ,张裕A,2019-12-31,28.194,28.194,27.9489,28.1352,1055242,0.2327,13014324960,19672816800,19.6367,
000869.SZ,张裕A,2020-01-02,28.2038,28.3411,27.9587,28.2234,1526511,0.3366,13055136432,19734508560,19.6982,
000869.SZ,张裕A,2020-01-03,28.2626,28.2626,27.8509,28.0078,1916978,0.4227,12955375056,19583706480,19.5477,
000869.SZ,张裕A,2020-01-06,27.8411,28.096,27.7921,27.9685,1613193,0.3558,12937236624,19556287920,19.5204,
000869.SZ,张裕A,2020-01-07,27.9685,28.1352,27.8901,28.1352,1638343,0.3613,13014324960,19672816800,19.6367,
000869.SZ,张裕A,2020-01-08,28.0764,28.0764,27.5274,27.5666,1923913,0.4243,12751317696,19275247680,19.2398,
000869.SZ,张裕A,2020-01-09,27.7431,28.0372,27.7333,27.9391,1544692,0.3406,12923632800,19535724000,19.4998,
000869.SZ,张裕A,2020-01-10,28.047,28.4097,27.9882,28.2234,2491874,0.5495,13055136432,19734508560,19.6982,
000869.SZ,张裕A,2020-01-13,28.2626,28.7234,28.1548,28.7038,3064471,0.6758,13277332224,20070385920,20.0335,
000869.SZ,张裕A,2020-01-14,28.6254,28.6646,28.2038,28.2528,2164462,0.4773,13068740256,19755072480,19.7188,
000869.SZ,张裕A,2020-01-15,28.2724,28.3803,28.0176,28.0568,1344720,0.2965,12978048096,19617979680,19.5819,
000869.SZ,张裕A,2020-01-16,28.1842,28.2921,27.9685,28.1352,1065400,0.2349,13014324960,19672816800,19.6367,
000869.SZ,张裕A,2020-01-17,28.1352,28.2332,27.9391,28.0372,1002076,0.221,12968978880,19604270400,19.5682,
000869.SZ,张裕A,2020-01-20,28.0372,28.0764,27.7235,27.8607,1772594,0.3909,12887355936,19480886880,19.4451,
000869.SZ,张裕A,2020-01-21,27.8803,27.8803,27.5176,27.547,1503787,0.3316,12742248480,19261538400,19.2261,
000869.SZ,张裕A,2020-01-22,27.5666,27.7627,27.1647,27.6254,1284181,0.2832,12778525344,19316375520,19.2809,
000869.SZ,张裕A,2020-01-23,27.3313,27.6254,26.6255,26.8314,1952489,0.4306,12411222096,18761149680,18.7267,
000869.SZ,张裕A,2020-02-03,24.1747,24.2629,24.1453,24.1453,1376500,0.3036,11168739504,16882978320,16.852,
000869.SZ,张裕A,2020-02-04,23.2924,24.3316,23.2924,23.9198,2869756,0.6329,11064443520,16725321600,16.6946,
000869.SZ,张裕A,2020-02-05,23.9492,24.4296,23.7728,24.2629,2624427,0.5788,11223154800,16965234000,16.9341,
000869.SZ,张裕A,2020-02-06,24.2433,24.459,23.9296,24.4492,2339553,0.5159,11309312352,17095472160,17.0641,
000869.SZ,张裕A,2020-02-07,24.3512,24.459,24.1355,24.4198,1671700,0.3687,11295708528,17074908240,17.0435,
000869.SZ,张裕A,2020-02-10,24.2825,24.6453,24.0571,24.4884,1973869,0.4353,11327450784,17122890720,17.0914,
000869.SZ,张裕A,2020-02-11,24.5472,25.1256,24.4786,24.8315,2628634,0.5797,11486162064,17362803120,17.3309,
000869.SZ,张裕A,2020-02-12,24.7433,24.9001,24.6649,24.8511,1296425,0.2859,11495231280,17376512400,17.3446,
000869.SZ,张裕A,2020-02-13,24.9001,24.9982,24.459,24.4688,1462200,0.3225,11318381568,17109181440,17.0777,
000869.SZ,张裕A,2020-02-14,24.3904,24.5668,24.3316,24.4982,1064534,0.2348,11331985392,17129745360,17.0983,
000869.SZ,张裕A,2020-02-17,24.4982,24.9982,24.459,24.9982,1712671,0.3777,11563250400,17479332000,17.4472,
000869.SZ,张裕A,2020-02-18,25.1452,25.155,24.8609,25.0276,1776554,0.3918,11576854224,17499895920,17.4677,
000869.SZ,张裕A,2020-02-19,24.9982,25.106,24.606,24.7433,2358091,0.52,11445350592,17301111360,17.2693,
000869.SZ,张裕A,2020-02-20,24.8511,25.2923,24.7629,25.2236,2782992,0.6137,11667546384,17636988720,17.6046,
000869.SZ,张裕A,2020-02-21,25.1942,25.3217,25.0864,25.1648,2228864,0.4915,11640338736,17595860880,17.5635,
000869.SZ,张裕A,2020-02-24,24.9688,25.1648,24.8119,24.959,2138978,0.4717,11545111968,17451913440,17.4198,
000869.SZ,张裕A,2020-02-25,24.7041,24.7433,24.1649,24.5864,2602230,0.5739,11372796864,17191437120,17.1598,
000869.SZ,张裕A,2020-02-26,24.41,24.7531,24.2335,24.606,2120275,0.4676,11381866080,17205146400,17.1735,
000869.SZ,张裕A,2020-02-27,24.6158,24.8511,24.5962,24.7237,1413151,0.3116,11436281376,17287402080,17.2556,
000869.SZ,张裕A,2020-02-28,24.2335,24.4492,23.7434,23.7434,2653403,0.5851,10982820576,16601938080,16.5714,
000869.SZ,张裕A,2020-03-02,23.8708,24.2923,23.8708,24.2237,1753328,0.3867,11205016368,16937815440,16.9067,
000869.SZ,张裕A,2020-03-03,24.3316,24.5766,24.3021,24.4296,1633736,0.3603,11300243136,17081762880,17.0504,
000869.SZ,张裕A,2020-03-04,24.3806,24.5766,24.3119,24.5766,1166588,0.2573,11368262256,17184582480,17.153,
000869.SZ,张裕A,2020-03-05,24.7041,25.1942,24.5864,25.155,2816229,0.6211,11635804128,17589006240,17.5567,
000869.SZ,张裕A,2020-03-06,24.9884,25.0374,24.7335,24.8707,1563000,0.3447,11504300496,17390221680,17.3583,
000869.SZ,张裕A,2020-03-09,24.557,24.557,24.1649,24.1845,1932930,0.4263,11186877936,16910396880,16.8793,
000869.SZ,张裕A,2020-03-10,24.0081,24.6747,23.9394,24.606,1835681,0.4048,11381866080,17205146400,17.1735,
000869.SZ,张裕A,2020-03-11,24.606,25.1452,24.4884,24.9786,2417334,0.5331,11554181184,17465622720,17.4335,
000869.SZ,张裕A,2020-03-12,24.7237,24.7237,24.3119,24.459,1380777,0.3045,11313846960,17102326800,17.0709,
000869.SZ,张裕A,2020-03-13,23.6257,24.1649,23.4101,23.9296,2297476,0.5067,11068978128,16732176240,16.7014,
000869.SZ,张裕A,2020-03-16,23.9982,24.1061,23.4297,23.5375,1759901,0.3881,10887593808,16457990640,16.4277,
000869.SZ,张裕A,2020-03-17,23.6257,23.861,23.0865,23.7238,1709888,0.3771,10973751360,16588228800,16.5577,
000869.SZ,张裕A,2020-03-18,23.8218,23.9198,22.7434,22.8121,2293468,0.5058,10552032816,15950747280,15.9214,
000869.SZ,张裕A,2020-03-19,22.5572,22.8905,21.7827,22.1945,2149599,0.474,10266352512,15518904960,15.4904,
000869.SZ,张裕A,2020-03-20,22.3709,22.4984,21.9886,22.3513,2517659,0.5552,10338906240,15628579200,15.5999,
000869.SZ,张裕A,2020-03-23,21.8415,21.9494,21.2533,21.3808,2712386,0.5982,9889980048,14949969840,14.9225,
000869.SZ,张裕A,2020-03-24,21.7827,21.9298,21.4396,21.9298,2787382,0.6147,10143918096,15333829680,15.3057,
000869.SZ,张裕A,2020-03-25,22.3807,22.4297,22.0768,22.2729,2828846,0.6238,10302629376,15573742080,15.5451,
000869.SZ,张裕A,2020-03-26,22.2043,22.7728,22.067,22.518,2975188,0.6561,10415994576,15745108080,15.7162,
000869.SZ,张裕A,2020-03-27,22.7434,23.3708,22.616,23.116,2963294,0.6535,10692605664,16163241120,16.1335,
000869.SZ,张裕A,2020-03-30,23.116,23.116,22.3513,22.4199,2748789,0.6062,10370648496,15676561680,15.6478,
000869.SZ,张裕A,2020-03-31,22.6454,23.0767,22.6258,22.9493,2275871,0.5019,10615517328,16046712240,16.0172,
000869.SZ,张裕A,2020-04-01,23.0081,23.263,22.8121,22.9689,1929202,0.4254,10624586544,16060421520,16.0309,
000869.SZ,张裕A,2020-04-02,22.7532,23.1258,22.7532,23.116,1293005,0.2851,10692605664,16163241120,16.1335,
000869.SZ,张裕A,2020-04-03,23.1258,23.3806,22.9689,23.0669,1443169,0.3183,10669932624,16128967920,16.0993,
000869.SZ,张裕A,2020-04-07,23.3316,23.6061,23.3316,23.5081,2170402,0.4786,10873989984,16437426720,16.4072,
000869.SZ,张裕A,2020-04-08,23.3708,23.4787,23.0865,23.3218,1571425,0.3465,10787832432,16307188560,16.2772,
000869.SZ,张裕A,2020-04-09,23.4885,23.4983,23.2532,23.3414,1250860,0.2758,10796901648,16320897840,16.2909,
000869.SZ,张裕A,2020-04-10,23.3414,23.4885,23.0375,23.1258,1353852,0.2986,10697140272,16170095760,16.1404,
000869.SZ,张裕A,2020-04-13,23.0865,23.1062,22.8121,22.9395,851662,0.1878,10610982720,16039857600,16.0104,
000869.SZ,张裕A,2020-04-14,22.9297,23.2728,22.7532,23.116,1240860,0.2736,10692605664,16163241120,16.1335,
000869.SZ,张裕A,2020-04-15,23.116,23.4689,23.0179,23.2924,1770480,0.3904,10774228608,16286624640,16.2567,
000869.SZ,张裕A,2020-04-16,23.2532,23.2532,22.9493,23.0375,1128883,0.2489,10656328800,16108404000,16.0788,
000869.SZ,张裕A,2020-04-17,23.1846,23.4297,23.0179,23.0375,1342578,0.2961,10656328800,16108404000,16.0788,
000869.SZ,张裕A,2020-04-20,23.0865,23.1748,22.8905,22.9689,1009691,0.2227,10624586544,16060421520,16.0309,
000869.SZ,张裕A,2020-04-21,22.9689,22.9689,22.4493,22.665,1287197,0.2839,10484013696,15847927680,15.8188,
000869.SZ,张裕A,2020-04-22,22.4984,23.8218,22.4689,23.763,2989457,0.6593,10991889792,16615647360,16.5851,
000869.SZ,张裕A,2020-04-23,23.714,24.8217,23.6453,24.4492,3970230,0.8755,11309312352,17095472160,17.0641,
000869.SZ,张裕A,2020-04-24,24.6551,25.3707,24.4492,25.0374,5480168,1.2085,11581388832,17506750560,15.4963,
000869.SZ,张裕A,2020-04-27,24.9786,25.3609,24.7531,24.959,3828956,0.8444,11545111968,17451913440,15.4478,
000869.SZ,张裕A,2020-04-28,24.8805,25.4099,24.6845,24.9296,3203509,0.7065,11531508144,17431349520,15.4296,
000869.SZ,张裕A,2020-04-29,24.2825,24.6551,23.9296,24.1159,3306376,0.7291,11155135680,16862414400,18.602,
000869.SZ,张裕A,2020-04-30,24.1845,24.3806,23.6551,23.7924,3883041,0.8563,11005493616,16636211280,18.3525,
000869.SZ,张裕A,2020-05-06,23.714,23.714,23.1944,23.6355,3099083,0.6834,10932939888,16526537040,18.2315,
000869.SZ,张裕A,2020-05-07,23.6159,25.9981,23.4591,25.9981,7766506,1.7127,12025780416,18178505280,20.0539,
000869.SZ,张裕A,2020-05-08,26.4589,27.9391,26.0765,26.9,12197078,2.6898,12442964352,18809132160,20.7496,
000869.SZ,张裕A,2020-05-11,26.9686,27.2725,26.5177,27.047,6072330,1.3391,12510983472,18911951760,20.863,
000869.SZ,张裕A,2020-05-12,27.047,27.1549,26.3706,26.4785,4817358,1.0624,12247976208,18514382640,20.4244,
000869.SZ,张裕A,2020-05-13,26.5569,27.449,26.3608,26.8706,5484714,1.2095,12429360528,18788568240,20.7269,
000869.SZ,张裕A,2020-05-14,26.6059,27.2921,26.5471,26.6647,3798462,0.8377,12334133760,18644620800,20.5681,
000869.SZ,张裕A,2020-05-15,26.8608,26.9196,26.0765,26.4196,3108673,0.6855,12220768560,18473254800,20.379,
000869.SZ,张裕A,2020-05-18,26.3118,27.4392,26.302,27.0274,4819252,1.0628,12501914256,18898242480,20.8479,
000869.SZ,张裕A,2020-05-19,27.0765,27.2137,26.7137,27.1549,2846905,0.6278,12560864160,18987352800,20.9462,
000869.SZ,张裕A,2020-05-20,27.1745,28.1352,26.2922,26.2922,5137837,1.133,12161818656,18384144480,20.2807,
000869.SZ,张裕A,2020-05-21,26.5177,28.6156,26.4,27.6941,7460341,1.6452,12810267600,19364358000,21.3621,
000869.SZ,张裕A,2020-05-22,27.645,27.645,26.2236,26.3608,6163499,1.3592,12193560912,18432126960,20.3337,
000869.SZ,张裕A,2020-05-25,26.6549,27.6156,26.0275,27.4,4647583,1.0249,12674229360,19158718800,21.1352,
000869.SZ,张裕A,2020-05-26,27.2529,28.7724,26.9784,28.3019,6841264,1.5087,13091413296,19789345680,21.8309,
000869.SZ,张裕A,2020-05-27,28.3117,28.8312,27.9391,28.1352,5167452,1.1396,13014324960,19672816800,21.7023,
000869.SZ,张裕A,2020-05-28,28.2921,28.8214,27.7725,27.9882,5189715,1.1445,12946305840,19569997200,21.5889,
000869.SZ,张裕A,2020-05-29,27.9391,28.7234,27.8509,28.3803,3971574,0.8758,13127690160,19844182800,21.8914,
000869.SZ,张裕A,2020-06-01,28.5371,29.0959,28.2332,28.4489,5093820,1.1233,13159432416,19892165280,21.9443,
000869.SZ,张裕A,2020-06-02,28.2528,28.5273,27.6548,27.8999,3911614,0.8626,12905494368,19508305440,21.5209,
000869.SZ,张裕A,2020-06-03,27.9587,28.1058,27.498,27.9293,3342852,0.7372,12919098192,19528869360,21.5435,
000869.SZ,张裕A,2020-06-04,27.9391,28.4783,27.6646,28.3117,4221693,0.931,13095947904,19796200320,21.8385,
000869.SZ,张裕A,2020-06-05,28.2038,28.2921,27.3509,27.5176,4432169,0.9774,12728644656,19240974480,21.2259,
000869.SZ,张裕A,2020-06-08,27.596,27.7529,27.1353,27.2039,3441100,0.7589,12583537200,19021626000,20.984,
000869.SZ,张裕A,2020-06-09,27.2137,27.8607,27.0667,27.6058,3411456,0.7523,12769456128,19302666240,21.294,
000869.SZ,张裕A,2020-06-10,27.7039,27.7627,27.4686,27.7333,2046303,0.4513,12828406032,19391776560,21.3923,
000869.SZ,张裕A,2020-06-11,27.7431,27.7823,26.9686,27.1451,3584597,0.7905,12556329552,18980498160,20.9386,
000869.SZ,张裕A,2020-06-12,26.6843,27.3117,26.5471,27.1549,2393630,0.5279,12560864160,18987352800,20.9462,
000869.SZ,张裕A,2020-06-15,27.0274,29.8704,26.9392,28.6254,8010943,1.7666,13241055360,20015548800,22.0804,
000869.SZ,张裕A,2020-06-16,28.8116,29.4684,28.6058,29.1351,4806540,1.06,13476854976,20371990080,22.4736,
000869.SZ,张裕A,2020-06-17,29.4194,29.5959,29.1057,29.341,3038511,0.6701,13572081744,20515937520,22.6324,
000869.SZ,张裕A,2020-06-18,29.2234,29.5763,28.9293,29.3312,2922382,0.6445,13567547136,20509082880,22.6249,
000869.SZ,张裕A,2020-06-19,29.39,29.8704,29.2136,29.3116,3750780,0.8271,13558477920,20495373600,22.6098,
000869.SZ,张裕A,2020-06-22,29.3704,30.0762,29.1253,29.7037,3154446,0.6956,13739862240,20769559200,22.9122,
000869.SZ,张裕A,2020-06-23,29.7135,31.2624,29.5763,30.9389,5269389,1.162,14311222848,21633243840,23.865,
000869.SZ,张裕A,2020-06-24,30.733,31.2624,30.635,30.9781,3430376,0.7565,14329361280,21660662400,23.8953,
000869.SZ,张裕A,2020-06-29,30.6742,31.7134,30.537,31.7134,4398693,0.97,14669456880,22174760400,24.4624,
000869.SZ,张裕A,2020-06-30,31.8604,34.7818,31.4781,33.4779,6644647,1.4653,15485686320,23408595600,25.8235,
000869.SZ,张裕A,2020-07-01,33.3309,35.566,33.2427,34.174,7965733,1.7567,15807643488,23895275040,26.3604,
000869.SZ,张裕A,2020-07-02,34.1544,35.6445,33.5368,34.6347,8251724,1.8197,16020770064,24217443120,26.7158,
000869.SZ,张裕A,2020-07-03,34.3112,34.3112,32.9388,33.6054,7328640,1.6162,15544636224,23497705920,25.9218,
000869.SZ,张裕A,2020-07-06,33.3211,34.2818,33.2427,34.0073,7440803,1.6409,15730555152,23778746160,26.2319,
000869.SZ,张裕A,2020-07-07,34.0171,35.566,33.9485,34.9386,6769501,1.4929,16161342912,24429936960,26.9502,
000869.SZ,张裕A,2020-07-08,34.7033,35.6641,34.4191,34.9484,5654678,1.247,16165877520,24436791600,26.9578,
000869.SZ,张裕A,2020-07-09,34.7622,34.9974,34.3112,34.87,5408403,1.1927,16129600656,24381954480,26.8973,
000869.SZ,张裕A,2020-07-10,35.07,35.99,34.65,34.75,5773933,1.2733,15757762800,23819874000,26.2772,
000869.SZ,张裕A,2020-07-13,34.63,36.1,34.4,35.66,5624386,1.2403,16170412128,24443646240,26.9653,
000869.SZ,张裕A,2020-07-14,35.6,37.56,35.38,37.56,7466076,1.6465,17031987648,25746027840,28.4021,
000869.SZ,张裕A,2020-07-15,38,38.68,35.75,36.2,8224634,1.8137,16415280960,24813796800,27.3737,
000869.SZ,张裕A,2020-07-16,36.28,36.28,32.85,32.95,8391950,1.8506,14941533360,22586038800,24.9161,
000869.SZ,张裕A,2020-07-17,32.92,33.94,32.19,33.19,4528200,0.9986,15050363952,22750550160,25.0976,
000869.SZ,张裕A,2020-07-20,33.48,34.08,32.39,33.38,5054108,1.1146,15136521504,22880788320,25.2413,
000869.SZ,张裕A,2020-07-21,33.24,34.39,32.93,33.88,4098095,0.9037,15363251904,23223520320,25.6193,
000869.SZ,张裕A,2020-07-22,33.88,35.36,33.4,34.49,3982871,0.8783,15639862992,23641653360,26.0806,
000869.SZ,张裕A,2020-07-23,34.41,34.9,33.41,34.03,4171639,0.92,15431271024,23326339920,25.7328,
000869.SZ,张裕A,2020-07-24,33.69,34.25,32.3,32.5,4545417,1.0024,14737476000,22277580000,24.5758,
000869.SZ,张裕A,2020-07-27,32.58,33.55,32.41,32.95,2722430,0.6004,14941533360,22586038800,24.9161,
000869.SZ,张裕A,2020-07-28,32.89,34.1,32.82,33.7,3192996,0.7041,15281628960,23100136800,25.4832,
000869.SZ,张裕A,2020-07-29,33.7,34.06,33.23,33.91,3382922,0.746,15376855728,23244084240,25.642,
000869.SZ,张裕A,2020-07-30,33.99,34.7,33.5,33.63,3140007,0.6925,15249886704,23052154320,25.4303,
000869.SZ,张裕A,2020-07-31,33.63,34.3,33.28,33.97,2810145,0.6197,15404063376,23285212080,25.6874,
000869.SZ,张裕A,2020-08-03,34.03,34.38,33.8,34.15,3547081,0.7822,15485686320,23408595600,25.8235,
000869.SZ,张裕A,2020-08-04,34.15,34.35,33.45,33.54,3118688,0.6878,15209075232,22990462560,25.3622,
000869.SZ,张裕A,2020-08-05,33.49,33.8,32.91,33.58,3003610,0.6624,15227213664,23017881120,25.3925,
000869.SZ,张裕A,2020-08-06,33.68,33.88,32.5,32.7,3240294,0.7146,14828168160,22414672800,24.7271,
000869.SZ,张裕A,2020-08-07,32.69,32.9,31.76,32.36,3642123,0.8032,14673991488,22181615040,24.47,
000869.SZ,张裕A,2020-08-10,32.22,32.42,31.93,32.14,1898157,0.4186,14574230112,22030812960,24.3036,
000869.SZ,张裕A,2020-08-11,32.16,32.73,31.92,31.95,2172665,0.4791,14488072560,21900574800,24.1599,
000869.SZ,张裕A,2020-08-12,31.96,32,30.36,30.97,3225788,0.7114,14043680976,21228820080,23.4189,
000869.SZ,张裕A,2020-08-13,31.28,31.69,30.68,31.06,2279835,0.5028,14084492448,21290511840,23.4869,
000869.SZ,张裕A,2020-08-14,31.12,31.71,30.91,31.69,1999612,0.441,14370172752,21722354160,23.9633,
000869.SZ,张裕A,2020-08-17,31.65,32.4,31.65,32.22,2608080,0.5752,14610506976,22085650080,24.3641,
000869.SZ,张裕A,2020-08-18,32.6,33.8,32.6,32.99,4066626,0.8968,14959671792,22613457360,24.9463,
000869.SZ,张裕A,2020-08-19,33.6,36.29,33.2,36.29,15473954,3.4124,16456092432,24875488560,27.4417,
000869.SZ,张裕A,2020-08-20,34.99,35.3,33.8,34,12521127,2.7612,15417667200,23305776000,25.7101,
000869.SZ,张裕A,2020-08-21,34.01,37.4,34.01,37.4,15500309,3.4182,16959433920,25636353600,28.2811,
000869.SZ,张裕A,2020-08-24,38.5,41.13,38.45,40.15,14131950,3.1165,18206451120,27521379600,30.3606,
000869.SZ,张裕A,2020-08-25,40,40.97,39.01,39.85,8767505,1.9335,18070412880,27315740400,30.1337,
000869.SZ,张裕A,2020-08-26,39.33,39.59,38.11,38.9,7519108,1.6582,17639625120,26664549600,29.4154,
000869.SZ,张裕A,2020-08-27,38.9,41,38.9,39.92,7686634,1.6951,18102155136,27363722880,30.1867,
000869.SZ,张裕A,2020-08-28,38.3,40.49,38.01,39.7,7746705,1.7084,18002393760,27212920800,32.6542,
000869.SZ,张裕A,2020-08-31,39.82,40.7,39.03,39.21,5949475,1.312,17780197968,26877043440,32.2511,
000869.SZ,张裕A,2020-09-01,39.16,39.7,38.28,38.5,4693603,1.0351,17458240800,26390364000,31.6671,
000869.SZ,张裕A,2020-09-02,39.2,39.2,38.23,38.43,3926111,0.8658,17426498544,26342381520,31.6096,
000869.SZ,张裕A,2020-09-03,38.2,42.27,38.2,41.02,10524949,2.321,18600962016,28117733280,33.7399,
000869.SZ,张裕A,2020-09-04,40.01,40.46,37.45,38.3,9418534,2.077,17367548640,26253271200,31.5026,
000869.SZ,张裕A,2020-09-07,38.26,38.36,35.91,36.12,7454916,1.644,16379004096,24758959680,29.7095,
000869.SZ,张裕A,2020-09-08,36.1,36.4,34.66,35.31,6246580,1.3775,16011700848,24203733840,29.0433,
000869.SZ,张裕A,2020-09-09,34.75,34.92,32.98,33.01,6150864,1.3564,14968741008,22627166640,27.1515,
000869.SZ,张裕A,2020-09-10,33.52,34.16,32.71,33.16,5800417,1.2791,15036760128,22729986240,27.2749,
000869.SZ,张裕A,2020-09-11,32.97,33.9,32.52,33.6,4432573,0.9775,15236282880,23031590400,27.6368,
000869.SZ,张裕A,2020-09-14,33.74,33.77,32.8,33.09,4261223,0.9397,15005017872,22682003760,27.2173,
000869.SZ,张裕A,2020-09-15,33.12,33.53,32.67,32.95,3277284,0.7227,14941533360,22586038800,27.1021,
000869.SZ,张裕A,2020-09-16,33.02,33.35,32,32.13,3928220,0.8663,14569695504,22023958320,26.4277,
000869.SZ,张裕A,2020-09-17,32.16,32.2,31.24,31.8,4992711,1.101,14420053440,21797755200,26.1562,
000869.SZ,张裕A,2020-09-18,31.9,32.26,31.31,32.2,4380440,0.966,14601437760,22071940800,26.4852,
000869.SZ,张裕A,2020-09-21,32.18,32.35,31.53,31.66,3668193,0.8089,14356568928,21701790240,26.0411,
000869.SZ,张裕A,2020-09-22,31.46,31.87,31.03,31.32,2816483,0.6211,14202392256,21468732480,25.7614,
000869.SZ,张裕A,2020-09-23,31.48,31.49,30.86,31.06,4081388,0.9001,14084492448,21290511840,25.5476,
000869.SZ,张裕A,2020-09-24,30.99,31.1,29.88,30.35,4062153,0.8958,13762535280,20803832400,24.9636,
000869.SZ,张裕A,2020-09-25,30.4,30.79,30.18,30.24,2212822,0.488,13712654592,20728431360,24.8731,
000869.SZ,张裕A,2020-09-28,30.3,31.88,30.23,30.62,5628911,1.2413,13884969696,20988907680,25.1857,
000869.SZ,张裕A,2020-09-29,30.69,30.9,30.24,30.51,2334051,0.5147,13835089008,20913506640,25.0952,
000869.SZ,张裕A,2020-09-30,30.46,31.11,30.4,30.7,2883589,0.6359,13921246560,21043744800,25.2515,
000869.SZ,张裕A,2020-10-09,31.11,31.46,30.83,30.96,3257000,0.7183,14039146368,21221965440,25.4653,
000869.SZ,张裕A,2020-10-12,31,32.44,31,32.13,4678310,1.0317,14569695504,22023958320,26.4277,
000869.SZ,张裕A,2020-10-13,32.1,32.6,31.72,32.45,3563678,0.7859,14714802960,22243306800,26.6909,
000869.SZ,张裕A,2020-10-14,32.34,33.24,32.17,32.31,4295856,0.9473,14651318448,22147341840,26.5757,
000869.SZ,张裕A,2020-10-15,32.26,32.43,31.93,32.06,2199442,0.485,14537953248,21975975840,26.3701,
000869.SZ,张裕A,2020-10-16,31.96,32.27,31.18,31.63,2347845,0.5178,14342965104,21681226320,26.0164,
000869.SZ,张裕A,2020-10-19,31.66,32.17,31.34,31.36,1944009,0.4287,14220530688,21496151040,25.7943,
000869.SZ,张裕A,2020-10-20,31.37,32.62,31.19,32.42,3577533,0.7889,14701199136,22222742880,26.6662,
000869.SZ,张裕A,2020-10-21,32.49,32.77,32.03,32.57,3147516,0.6941,14769218256,22325562480,26.7896,
000869.SZ,张裕A,2020-10-22,32.57,33.3,31.78,33,3594984,0.7928,14964206400,22620312000,27.1433,
000869.SZ,张裕A,2020-10-23,32.8,35.45,32.6,34.6,9309631,2.053,15689743680,23717054400,28.4593,
000869.SZ,张裕A,2020-10-26,33.8,34.59,32.48,34.43,5566541,1.2276,15612655344,23600525520,29.3344,
000869.SZ,张裕A,2020-10-27,34,35.25,33.36,33.42,4161581,0.9177,15154659936,22908206880,28.4738,
000869.SZ,张裕A,2020-10-28,33.3,35.01,33.08,34.85,5736245,1.265,15803108880,23888420400,29.6922,
000869.SZ,张裕A,2020-10-29,34.21,35.66,34.1,34.65,5447763,1.2014,15712416720,23751327600,29.5218,
000869.SZ,张裕A,2020-10-30,34.59,34.66,32.9,33.02,4968576,1.0957,14973275616,22634021280,28.133,
000869.SZ,张裕A,2020-11-02,33.01,34.48,32.95,34.2,3914271,0.8632,15508359360,23442868800,29.1384,
000869.SZ,张裕A,2020-11-03,34.33,36.58,34.21,36.2,7135906,1.5737,16415280960,24813796800,30.8424,
000869.SZ,张裕A,2020-11-04,36,36.36,35.36,35.87,4376391,0.9651,16265638896,24587593680,30.5612,
000869.SZ,张裕A,2020-11-05,36.21,37.47,35.82,36.75,5312423,1.1715,16664684400,25190802000,31.311,
000869.SZ,张裕A,2020-11-06,36.57,36.57,35.4,36.04,3871849,0.8538,16342727232,24704122560,30.7061,
000869.SZ,张裕A,2020-11-09,36.1,36.62,35.88,36.48,4651198,1.0257,16542249984,25005726720,31.081,
000869.SZ,张裕A,2020-11-10,36.48,37.56,35.78,36.81,4593306,1.0129,16691892048,25231929840,31.3621,
000869.SZ,张裕A,2020-11-11,36.8,38.79,36.52,37.54,7406500,1.6333,17022918432,25732318560,31.9841,
000869.SZ,张裕A,2020-11-12,37.73,39.98,37.22,39.98,10042578,2.2147,18129362784,27404850720,34.063,
000869.SZ,张裕A,2020-11-13,38.95,39.1,35.98,35.98,9516340,2.0986,16315519584,24662994720,30.655,
000869.SZ,张裕A,2020-11-16,35.3,36.88,35.3,36.72,4983396,1.099,16651080576,25170238080,31.2854,
000869.SZ,张裕A,2020-11-17,36.3,36.95,34.05,34.96,8237727,1.8166,15852989568,23963821440,29.7859,
000869.SZ,张裕A,2020-11-18,34.63,34.65,33,33.72,8390207,1.8503,15290698176,23113846080,28.7294,
000869.SZ,张裕A,2020-11-19,33.4,35.5,33.24,35.31,7010916,1.5461,16011700848,24203733840,30.0841,
000869.SZ,张裕A,2020-11-20,35.33,38.84,35.15,38.84,16587393,3.658,17612417472,26623421760,33.0917,
000869.SZ,张裕A,2020-11-23,38.88,40.29,38,39.17,14549361,3.2085,17762059536,26849624880,33.3728,
000869.SZ,张裕A,2020-11-24,38.68,38.9,37.21,38.32,8755072,1.9307,17376617856,26266980480,32.6486,
000869.SZ,张裕A,2020-11-25,38.32,38.77,36.78,36.83,8825124,1.9462,16700961264,25245639120,31.3792,
000869.SZ,张裕A,2020-11-26,37.05,38.15,36.55,37.08,5703693,1.2578,16814326464,25417005120,31.5922,
000869.SZ,张裕A,2020-11-27,37.7,37.72,36.13,36.41,5446374,1.2011,16510507728,24957744240,31.0213,
000869.SZ,张裕A,2020-11-30,36.67,39.83,36.4,38.61,11999975,2.6463,17508121488,26465765040,32.8957,
000869.SZ,张裕A,2020-12-01,38.53,39.29,38.11,38.46,7775738,1.7148,17440102368,26362945440,32.7679,
000869.SZ,张裕A,2020-12-02,38.4,38.8,37.71,38.35,6230855,1.3741,17390221680,26287544400,32.6742,
000869.SZ,张裕A,2020-12-03,38.33,38.33,36.72,37.11,5453638,1.2027,16827930288,25437569040,31.6177,
000869.SZ,张裕A,2020-12-04,37.17,39.2,37.16,38.8,9016286,1.9883,17594279040,26596003200,33.0576,
000869.SZ,张裕A,2020-12-07,38.9,42.68,38.54,42.68,16417543,3.6205,19353706944,29255603520,36.3634,
000869.SZ,张裕A,2020-12-08,42.68,44.2,41.34,42.81,17030382,3.7556,19412656848,29344713840,36.4741,
000869.SZ,张裕A,2020-12-09,42.82,44,41.85,42.68,12958153,2.8576,19353706944,29255603520,36.3634,
000869.SZ,张裕A,2020-12-10,42.7,46.18,42.21,44.65,14468136,3.1906,20247024720,30605967600,38.0418,
000869.SZ,张裕A,2020-12-11,45,46.46,43.47,45.09,12923131,2.8499,20446547472,30907571760,38.4167,
000869.SZ,张裕A,2020-12-14,44,46.97,43.88,45.25,11178443,2.4651,20519101200,31017246000,38.553,
000869.SZ,张裕A,2020-12-15,45.25,45.54,43.93,44.23,9396867,2.0723,20056571184,30318072720,37.684,
000869.SZ,张裕A,2020-12-16,43.82,46.72,43.68,46,11641548,2.5673,20859196800,31531344000,39.192,
000869.SZ,张裕A,2020-12-17,46.03,46.48,44.71,45.12,8956225,1.9751,20460151296,30928135680,38.4422,
000869.SZ,张裕A,2020-12-18,45.6,48.16,45.09,46.74,10592832,2.336,21194757792,32038587360,39.8225,
000869.SZ,张裕A,2020-12-21,46.17,48.11,45.6,46.26,10304636,2.2724,20977096608,31709564640,39.4135,
000869.SZ,张裕A,2020-12-22,45.89,50.3,45.35,48.59,14079186,3.1048,22033660272,33306695760,41.3987,
000869.SZ,张裕A,2020-12-23,48.6,51.69,46.81,48.26,16878773,3.7222,21884018208,33080492640,41.1175,
000869.SZ,张裕A,2020-12-24,47.01,47.4,43.71,44.38,11848508,2.6129,20124590304,30420892320,37.8118,
000869.SZ,张裕A,2020-12-25,45.09,46.33,44.61,44.9,8342731,1.8398,20360389920,30777333600,38.2548,
000869.SZ,张裕A,2020-12-28,45.24,46.5,44.5,46.43,8730135,1.9252,21054184944,31826093520,39.5584,
000869.SZ,张裕A,2020-12-29,45.8,45.8,42.6,43.41,9903833,2.1841,19684733328,29755992240,36.9853,
000869.SZ,张裕A,2020-12-30,43.37,44.67,43.2,43.75,6400472,1.4115,19838910000,29989050000,37.275,
000869.SZ,张裕A,2020-12-31,43.77,44.77,43.08,43.6,6193277,1.3658,19770890880,29886230400,37.1472,
000869.SZ,张裕A,2021-01-04,43.91,45.95,43.38,45.26,8320029,1.8348,20523635808,31024100640,38.5615,
000869.SZ,张裕A,2021-01-05,45,47.91,44.63,47.07,12027621,2.6524,21344399856,32264790480,40.1036,
000869.SZ,张裕A,2021-01-06,46.95,47.36,45.56,46.27,8624601,1.902,20981631216,31716419280,39.422,
000869.SZ,张裕A,2021-01-07,46.07,46.16,44.58,45.48,6850934,1.5108,20623397184,31174902720,38.749,
000869.SZ,张裕A,2021-01-08,45.3,46.7,43.5,44.1,6915007,1.5249,19997621280,30228962400,37.5732,
000869.SZ,张裕A,2021-01-11,43.9,43.9,41.05,41.91,6734144,1.4851,19004542128,28727796240,35.7073,
000869.SZ,张裕A,2021-01-12,41.68,43.13,41.27,42.85,5993106,1.3216,19430795280,29372132400,36.5082,
000869.SZ,张裕A,2021-01-13,42.8,43.25,41.05,41.35,5807041,1.2806,18750604080,28343936400,35.2302,
000869.SZ,张裕A,2021-01-14,41.41,41.41,39.6,39.77,5100196,1.1247,18034136016,27260903280,33.884,
000869.SZ,张裕A,2021-01-15,39.77,39.91,38.5,39.34,4280412,0.9439,17839147872,26966153760,33.5177,
000869.SZ,张裕A,2021-01-18,39.02,40.33,38.53,39.85,4440115,0.9792,18070412880,27315740400,33.9522,
000869.SZ,张裕A,2021-01-19,39.99,41.17,39.6,39.89,4777631,1.0536,18088551312,27343158960,33.9863,
000869.SZ,张裕A,2021-01-20,39.78,40.35,38.7,40.23,3554878,0.7839,18242727984,27576216720,34.276,
000869.SZ,张裕A,2021-01-21,40.24,40.57,39.46,40.03,3660858,0.8073,18152035824,27439123920,34.1056,
000869.SZ,张裕A,2021-01-22,40.17,40.9,39.51,40,6756871,1.4901,18138432000,27418560000,34.08,
000869.SZ,张裕A,2021-01-25,38.01,40.45,37.51,39.75,7967716,1.7571,18025066800,27247194000,33.867,
000869.SZ,张裕A,2021-01-26,40.34,40.34,38.6,38.72,4867443,1.0734,17558002176,26541166080,32.9894,
000869.SZ,张裕A,2021-01-27,38.5,38.8,37,38.56,4236280,0.9342,17485448448,26431491840,32.8531,
000869.SZ,张裕A,2021-01-28,38.04,38.79,37.71,37.87,2597059,0.5727,17172560496,25958521680,32.2652,
000869.SZ,张裕A,2021-01-29,38.73,38.97,36.9,37.3,2986425,0.6586,16914087840,25567807200,31.7796,
000869.SZ,张裕A,2021-02-01,37,37.75,36.91,37,2776714,0.6123,16778049600,25362168000,31.524,
000869.SZ,张裕A,2021-02-02,37,37.24,35.7,36.55,7545556,1.664,16573992240,25053709200,31.1406,
000869.SZ,张裕A,2021-02-03,36.4,37.1,36.1,36.25,3041237,0.6707,16437954000,24848070000,30.885,
000869.SZ,张裕A,2021-02-04,36.11,37.4,35.05,35.73,3797313,0.8374,16202154384,24491628720,30.442,
000869.SZ,张裕A,2021-02-05,35.75,35.95,34.49,34.61,3304079,0.7286,15694278288,23723909040,29.4877,
000869.SZ,张裕A,2021-02-08,34.55,34.86,33.75,34.44,3189119,0.7033,15617189952,23607380160,29.3429,
000869.SZ,张裕A,2021-02-09,34.49,35.3,34.01,35.1,2934299,0.6471,15916474080,24059786400,29.9052,
000869.SZ,张裕A,2021-02-10,35.18,35.82,34.52,35.41,3247585,0.7162,16057046928,24272280240,30.1693,
000869.SZ,张裕A,2021-02-18,35.83,35.99,34.38,34.61,3805889,0.8393,15694278288,23723909040,29.4877,
000869.SZ,张裕A,2021-02-19,34.7,35.86,34.56,35.77,3228209,0.7119,16220292816,24519047280,30.476,
000869.SZ,张裕A,2021-02-22,36,36.12,34.76,34.83,4736310,1.0445,15794039664,23874711120,29.6752,
000869.SZ,张裕A,2021-02-23,34.56,34.79,33.66,33.7,3760250,0.8292,15281628960,23100136800,28.7124,
000869.SZ,张裕A,2021-02-24,33.83,33.9,32.62,32.95,3980110,0.8777,14941533360,22586038800,28.0734,
000869.SZ,张裕A,2021-02-25,33.13,33.36,32.55,32.75,3115063,0.687,14850841200,22448946000,27.903,
000869.SZ,张裕A,2021-02-26,32.34,32.9,31.91,32.44,2887592,0.6368,14710268352,22236452160,27.6389,
000869.SZ,张裕A,2021-03-01,32.77,33.1,32.61,32.61,3176141,0.7004,14787356688,22352981040,27.7837,
000869.SZ,张裕A,2021-03-02,32.88,33.6,32.14,32.48,3259489,0.7188,14728406784,22263870720,27.673,
000869.SZ,张裕A,2021-03-03,32.3,32.67,32.1,32.48,2473495,0.5455,14728406784,22263870720,27.673,
000869.SZ,张裕A,2021-03-04,32.42,32.42,31.45,31.48,3602184,0.7944,14274945984,21578406720,26.821,
000869.SZ,张裕A,2021-03-05,31.63,32.68,31.22,32.62,3600349,0.794,14791891296,22359835680,27.7922,
000869.SZ,张裕A,2021-03-08,32.69,32.88,31.61,31.67,3144826,0.6935,14361103536,21708644880,26.9828,
000869.SZ,张裕A,2021-03-09,31.8,31.8,30.5,30.75,3513253,0.7748,13943919600,21078018000,26.199,
000869.SZ,张裕A,2021-03-10,30.95,31.18,30.51,30.66,2266666,0.4999,13903108128,21016326240,26.1223,
000869.SZ,张裕A,2021-03-11,30.67,31.47,30.21,31.34,2658893,0.5864,14211461472,21482441760,26.7017,
000869.SZ,张裕A,2021-03-12,31.35,31.35,30.48,30.8,2290929,0.5052,13966592640,21112291200,26.2416,
